Name,Full Address,Street,City,Postcode,State,Country,Amenity,Healthcare,Phone,Website,Opening Hours,Latitude,Longitude
Arcadia Chemist,Unknown,Unknown,Unknown,Unknown,Unknown,Unknown,pharmacy,Unknown,Unknown,Unknown,Unknown,19.2536627,72.9820759
Padmashree Hospital,Unknown,Unknown,Unknown,Unknown,Unknown,Unknown,hospital,Unknown,Unknown,Unknown,Unknown,19.2122524,73.0918952
Bethany Hospital,"Lok Upvan Phase-Ii, Smt. Glady S Alvares Marg, Off Pokhran Road No-Ii",Unknown,Unknown,400610,Maharashtra,Unknown,hospital,hospital,Unknown,Unknown,Unknown,19.2198203,72.9618661
Wellness Forever 24Hrs open,Unknown,Unknown,Unknown,Unknown,Unknown,Unknown,pharmacy,pharmacy,Unknown,Unknown,Unknown,19.2256126,72.9703156
Saidhanhospital Iccu and Eye Care,"Vidhataapartments, Groundfloor, Mulund(E)",V B Phadke Marg,Mulund (East),400081,Maharashtra,Unknown,hospital,Unknown,Unknown,Unknown,Unknown,19.1682476,72.9612909
"Chandraganga Hospital, Mulund","Chandraganga Apartments, V.B.Phadke Marg, Near Subway,Mulund (East)",Unknown,Mulund (East),400081,Maharashtra,Unknown,hospital,Unknown,Unknown,Unknown,Unknown,19.1760293,72.9618357
Ambaji Medical Store,Unknown,Lokmanya Tilak Road,Mulund (East),Unknown,Unknown,Unknown,pharmacy,Unknown,Unknown,Unknown,Unknown,19.1701579,72.9590168
Jupiter Scan Centre,Unknown,Purushottam Kheraj Road,Mulund(West),Unknown,Unknown,Unknown,clinic,Unknown,Unknown,Unknown,Unknown,19.172135,72.9474337
The Origin International Fertility Centre,The Origin Centre OppositeHiranandani Meadows Off Pokhran Raod No-2 Thane(W),Unknown,Thane,400610,Maharashtra,Unknown,hospital,hospital,Unknown,Unknown,Unknown,19.227965,72.9694447
Dr.Mukhi's Raj Hospital,"109/1 Saraswati Sadan, Chs, Devi Dayal Road, Opposite Jalaram Ashish, Near T Ward Office, Mulund West",Unknown,Unknown,400080,Maharashtra,Unknown,hospital,Unknown,Unknown,http://www.drmukhirajhospital.com/,Unknown,19.1760945,72.9490036
Unknown,Unknown,Sane Guruji Rd,Unknown,400601,Unknown,Unknown,pharmacy,Unknown,9757432665,Unknown,Mo-Su 08:30-23:00,19.1871605,72.9718898
Ashwini Hospital and I. C. C. U. with Dialysis Centre,"P. K. Road, (Annexe), Lalan Building, 1st Floor Mulund (W)",Unknown,Unknown,400080,Maharashtra,Unknown,hospital,Unknown,Unknown,Unknown,Unknown,19.1753107,72.9514943
Chiranjeevi Hospital,Unknown,Almeda Road,Unknown,Unknown,Unknown,Unknown,hospital,Unknown,Unknown,Unknown,Unknown,19.1979406,72.9681922
Wellness Forever ,Unknown,Unknown,Unknown,Unknown,Unknown,Unknown,pharmacy,Unknown,Unknown,Unknown,Unknown,19.1990805,72.9644017
Currae Hospital,Unknown,Unknown,Unknown,Unknown,Unknown,Unknown,hospital,Unknown,Unknown,https://www.currae.com/,Unknown,19.25583,72.971723
Dhanwantri Hospital,Unknown,Unknown,Unknown,Unknown,Unknown,Unknown,hospital,Unknown,Unknown,Unknown,Unknown,19.2734457,72.9621847
"Aayush Hospital, Thane","Bldg No. E-2, 2nd & 3Road Floor, Radha Nagarshopping Complex, Radha Nagar, Opposite Radha Nagar Police Chowki, Khadakpada, Kalyan (West)","Marigold Apt. , Panchpakhdi, Opp Nitin co & Honda showroom,",Thane (West),421301,Maharashtra,Unknown,hospital,hospital,Unknown,Unknown,Unknown,19.1984892,72.9657017
Unknown,Unknown,Road no 33,Unknown,Unknown,Unknown,Unknown,hospital,Unknown,Unknown,Unknown,Unknown,19.2001317,72.9627237
Upasani Maternity and Surgical Nursing Home,"Rashman Apartments ,Sevaram Lalwani Road,Mulund ( West )",Sewaram Lalwani Road,Unknown,400080,Maharashtra,Unknown,hospital,Unknown,Unknown,Unknown,Unknown,19.1732429,72.9547642
Highway Hospital,"Dev Ashish Chs, Maruthon Circle, E. E. Highway, Near Highway Darshan",Eastern Express Highway,Unknown,400604,Maharashtra,Unknown,hospital,Unknown,Unknown,Unknown,Unknown,19.1894902,72.9630092
Unknown,Unknown,Unknown,Unknown,Unknown,Unknown,Unknown,hospital,Unknown,Unknown,Unknown,Unknown,19.2070682,72.9505093
Unknown,Unknown,Unknown,Unknown,Unknown,Unknown,Unknown,pharmacy,Unknown,Unknown,Unknown,Unknown,19.2069089,72.9524408
Unknown,Unknown,Unknown,Unknown,Unknown,Unknown,Unknown,hospital,Unknown,Unknown,Unknown,Unknown,19.206275,72.9542754
Unknown,"1 St Pokhran Road , Veer Savarkar Nagar, Opposite R.J. Thakur College",Unknown,Unknown,400602,Maharashtra,Unknown,hospital,Unknown,Unknown,Unknown,Unknown,19.2052684,72.9539766
Unknown,Unknown,Unknown,Unknown,Unknown,Unknown,Unknown,hospital,Unknown,Unknown,Unknown,Unknown,19.2076472,72.9545828
Unknown,Unknown,Unknown,Unknown,Unknown,Unknown,Unknown,hospital,Unknown,Unknown,Unknown,Unknown,19.2058429,72.9527481
Unknown,Unknown,GV Scheme Road 4,Unknown,400081,Unknown,Unknown,pharmacy,pharmacy,Unknown,Unknown,Unknown,19.1698068,72.9597163
Meher Ambe Nursing Home,"Raj-Sneha, Opposite Rationing Office, Tambe Nagar, S N Road, Mulund (W)",Sarojini Naidu Road,Unknown,400080,Maharashtra,Unknown,hospital,Unknown,Unknown,Unknown,Unknown,19.1753796,72.9569965
Unknown,Unknown,Ganesh Gawde Road,Unknown,400080,Unknown,Unknown,hospital,Unknown,Unknown,Unknown,Unknown,19.172178,72.9509527
Unknown,"A/203, Heritage Holy, J.N.Road, Ambika Nagar, Next To Apna Bazar,Mulund (West)",Pandit Jawaharlal Nehru Road,Unknown,400081,Maharashtra,Unknown,clinic,Unknown,Unknown,Unknown,Unknown,19.1674407,72.9512848
Unknown,Unknown,Ramratan Trivedi Road,Unknown,Unknown,Unknown,Unknown,hospital,Unknown,Unknown,Unknown,Unknown,19.1733919,72.9538799
Unknown,Unknown,Kores Road,Unknown,Unknown,Unknown,Unknown,clinic,Unknown,Unknown,Unknown,Unknown,19.2078478,72.9548323
Shraddha Polyclinic and Nursing Home,"Opposite Mirani Nagar, 1st Floor, Junction Of Ganesh Gawade Road, Mulund (W)",Ganesh Gawade Road,Unknown,400080,Maharashtra,Unknown,clinic,Unknown,Unknown,Unknown,Unknown,19.1713754,72.9505328
Unknown,Unknown,Gopal Krushna Gokhale Marg,Unknown,400081,Unknown,Unknown,clinic,Unknown,Unknown,Unknown,Unknown,19.1696994,72.9579507
Maruti Nursing Home,"1st Floor, Girnar Building, Next To Dominos Pizza, Hanuman Chowk, Gokhale Road, Mulund(East)",Gopal Krushna Gokhale Marg,Unknown,400081,Maharashtra,Unknown,clinic,Unknown,Unknown,Unknown,Unknown,19.169569,72.9583566
Unknown,Unknown,Mavli Mandal Marg,Unknown,Unknown,Unknown,Unknown,pharmacy,Unknown,Unknown,Unknown,Unknown,19.1974072,72.9760395
Unknown,Unknown,Dr Ambedkar Road,Unknown,400080,Unknown,Unknown,hospital,Unknown,Unknown,Unknown,Unknown,19.1729063,72.9496899
Unknown,Unknown,Unknown,Unknown,400606,Unknown,Unknown,clinic,Unknown,Unknown,Unknown,Unknown,19.2068809,72.95254
Lav-Kush Nursing Home,"Laxmi Niwas, N.S. Road, Near Syndicate Bank, Mulund",Subhash Chandra Bose Road,Unknown,400080,Maharashtra,Unknown,clinic,Unknown,Unknown,Unknown,Unknown,19.1758537,72.9540893
Unknown,Unknown,Navghar Marg,Unknown,400081,Unknown,Unknown,hospital,Unknown,Unknown,Unknown,Unknown,19.1689031,72.9601586
Unknown,Unknown,Unknown,Unknown,Unknown,Unknown,Unknown,hospital,Unknown,Unknown,Unknown,Unknown,19.185962,72.9674462
Saarthi Health Care,"Jamuna Sadan,1st. Floor M.G.Road Mulund West",Mahatma Gandhi Road,Unknown,400080,Maharashtra,Unknown,hospital,Unknown,Unknown,Unknown,Unknown,19.1764944,72.9514785
Unknown,Unknown,Navghar Marg,Unknown,400081,Unknown,Unknown,pharmacy,Unknown,Unknown,Unknown,Unknown,19.1680429,72.9614413
Unknown,Unknown,Mahatma Phule Marg,Unknown,400081,Unknown,Unknown,clinic,Unknown,Unknown,Unknown,Unknown,19.1718213,72.9596517
Unknown,Unknown,Dargah Road,Unknown,Unknown,Unknown,Unknown,hospital,hospital,Unknown,Unknown,Unknown,19.1627973,72.9369083
Unknown,Unknown,Unknown,Unknown,Unknown,Unknown,Unknown,clinic,Unknown,Unknown,Unknown,Unknown,19.1610001,72.9444509
Dr. Sabnis Maternity and Nursing Home,"Ground Floor, Saurabh V.B. Phadke Road , Gavanpada, Mulund (E)",Unknown,Unknown,400081,Maharashtra,Unknown,hospital,Unknown,Unknown,Unknown,Unknown,19.1737405,72.9621216
Vagholikar Hospital,Unknown,Unknown,Thane,Unknown,Unknown,Unknown,hospital,Unknown,Unknown,Unknown,Unknown,19.1894009,72.9718231
Unknown,Unknown,Sunil Nagar,Dombivli (East),421201,Unknown,Unknown,pharmacy,pharmacy,Unknown,Unknown,Unknown,19.2042672,73.0869489
Unknown,Unknown,Unknown,Unknown,Unknown,Unknown,Unknown,pharmacy,pharmacy,Unknown,Unknown,Unknown,19.2232248,72.9645167
Unknown,Unknown,Unknown,Unknown,Unknown,Unknown,Unknown,clinic,Unknown,Unknown,Unknown,Unknown,19.1691638,72.9594699
Arogya Health Care,"1st Floor, Ambe Maiya Apartments",Unknown,Unknown,400080,Maharashtra,Unknown,clinic,Unknown,Unknown,Unknown,Unknown,19.179126,72.9499134
Daxini Heart Centre,"10,Lavkush, M.G.Road, Near Panch Rasta, Mulund (W)",Unknown,Unknown,400080,Maharashtra,Unknown,hospital,Unknown,Unknown,Unknown,Unknown,19.1757098,72.9527646
Ashirwad Critical Care Unit,1st Floor Jalaram Ashish Devidayal Road Mulund W,Unknown,Unknown,400080,Maharashtra,Unknown,hospital,Unknown,Unknown,Unknown,Unknown,19.1744516,72.9527345
Prasad Surgical and Children Nursing Home,"Yogeshwer Dham, 1st Floor, Above Andhra Bank M G Road, Near Panch Rasta Mulund (W)",Unknown,Unknown,400080,Maharashtra,Unknown,hospital,Unknown,Unknown,Unknown,Unknown,19.1762443,72.9521906
Dr Bhanushali Hospital,Kaushalya Shivaji Path Thane - West,Unknown,Unknown,400601,Maharashtra,Unknown,hospital,Unknown,Unknown,Unknown,Unknown,19.1882382,72.9761146
Gokul Nursing Home and ICCU,"1st Floor Munshi Estate , M G Road Mulund (West)",Unknown,Unknown,400001,Maharashtra,Unknown,hospital,Unknown,Unknown,Unknown,Unknown,19.1734002,72.9553535
"Sai Seva Hospital and Icu, Mumbai","Row House B1, Sector-4, Infront of CIDCO Water Tank, Airoli",Unknown,Unknown,400078,Maharashtra,Unknown,hospital,Unknown,Unknown,http://www.saisevahospitalandicu.com/,Unknown,19.1554376,72.9974642
Ria Nursing Home,"104, Patils Heritage, Sarojini, Naidu Road,Tambe Nagar, Mulund(W)",Unknown,Unknown,400080,Maharashtra,Unknown,hospital,Unknown,Unknown,Unknown,Unknown,19.1790754,72.9565283
Pooja Nursing Home - Thane,"1st Floor, Shridhar Smruti, Opposite Bajaj Allianz Gen. Insu. Co. Ltd., Gokhale Road, Naupada, Thane ( W )",Unknown,Unknown,400602,Maharashtra,Unknown,clinic,Unknown,Unknown,Unknown,Unknown,19.187065,72.9683445
Amber Eye Care and Microsurgery Centre,"1st Floor,Hosbanoo Mansion,Ice Factory Bldg,Above Kohinoor Televideo,Naupada,Gokhale Road",Unknown,Unknown,400602,Maharashtra,Unknown,hospital,Unknown,Unknown,Unknown,Unknown,19.1872664,72.9692407
Dr.Pathak's Hospital,"Ist Floor,Saraswati Niwas,Opposite Malhar Cenema,Gokhale Road,Naupada",Unknown,Unknown,400601,Maharashtra,Unknown,hospital,Unknown,Unknown,Unknown,Unknown,19.187441,72.9663971
"Shree Ashirwad Hospital, Dombivli","Manpada Road, Opposite Mahavir Nagar, Dombivli (East)",Unknown,Unknown,421201,Maharashtra,Unknown,hospital,Unknown,Unknown,https://shreeashirwadhospital.com/,Unknown,19.2076616,73.0948607
Padmashree Nursing Home (Mulund),"A - 11,Apurva Apartment,Above Cosmos Bank, L.B.S.Marg,Mulund (West)",Unknown,Unknown,400080,Maharashtra,Unknown,clinic,Unknown,Unknown,Unknown,Unknown,19.182171,72.9468651
"Aastha Health Care, Mumbai","Mulund Colony, Opposite Chhedda Petrol Pump, Off L. B. S. Road, Mulund (West)",Unknown,Unknown,400082,Maharashtra,Unknown,clinic,Unknown,Unknown,Unknown,Unknown,19.1784725,72.9433364
"Sai Siddhi Hospital, Mumbai","E-5/03, Highland, Park, Jaishuskinagar, Mulundcolony, Mulund(W)",Unknown,Unknown,400082,Maharashtra,Unknown,hospital,Unknown,Unknown,Unknown,Unknown,19.1699191,72.9321205
Guru Krupa Hospital and Polyclinic,"535, First Flr., Opp Narpoli Police Station, , Agra Road",Unknown,Unknown,421305,Maharashtra,Unknown,hospital,Unknown,Unknown,Unknown,Unknown,19.2840189,73.0502421
Sahayog Nursing Home,"LBS Road,near Navpada ,Thane",Unknown,Unknown,400606,Maharashtra,Unknown,clinic,Unknown,Unknown,Unknown,Unknown,19.1896827,72.9660165
Devkunj Charitablr Trust Matushri Mankbai Nagji Sa,Mulund,Unknown,Unknown,400080,Maharashtra,Unknown,hospital,Unknown,Unknown,Unknown,Unknown,19.170637,72.9498291
"CGHS Dispensary No.19, Mulund","B-2, Type II, P & T colony, Mulund (W)",Unknown,Unknown,400080,Maharashtra,Unknown,clinic,centre,Unknown,http://nb.bsf.gov.in/CGHS%20DIspenseries.pdf,Unknown,19.1720993,72.9440412
"Indira Nursing Home, Mumbai","M.G. Road, Opposite Dena Bank, Mulund (W)",Unknown,Unknown,400080,Maharashtra,Unknown,clinic,Unknown,Unknown,Unknown,Unknown,19.1753733,72.9531227
Nav Drishti Netralaya,"A-7 , 1st Floor, Alps Heights, Dr. R.P.Road,Opposite396, Bus Stop, Near Railway Station, Mulund ( West )",Unknown,Unknown,400080,Maharashtra,Unknown,hospital,hospital,Unknown,Unknown,Unknown,19.1739604,72.9570701
Surya Eye Institute and Research Centre,"104, Aroto House, P.K.Road, Saidham, Mulund (west)",Unknown,Unknown,400080,Maharashtra,Unknown,hospital,Unknown,Unknown,https://suryaeye.com/,Unknown,19.1686019,72.9450512
Apex Multispeciality Hospital and Icu,"468, Ajay Apartment, 2nd Floor, Near Kalyan Naka, Ghunghat Nagar",Unknown,Unknown,421308,Maharashtra,Unknown,hospital,Unknown,Unknown,Unknown,Unknown,19.296962,73.0621718
Dr. Khona's E. N. T. Hospital & Regional Center,"Gala Manor, 1st Floor Near Dhanvantari Hosipta,l Above Silver Hardware, N.S.Road, Mulund(W)",Unknown,Unknown,400080,Maharashtra,Unknown,hospital,Unknown,Unknown,Unknown,Unknown,19.175445,72.9539676
Dr. Shettys E.N.T. Hospital,"9, Lavkush, M G Road, Panchrasta, Mulund (West)",Unknown,Unknown,400080,Maharashtra,Unknown,hospital,Unknown,Unknown,Unknown,Unknown,19.1758149,72.9528357
Anil Eye Hospital,"Krishna Smruti,1st Floor,Phadke Road, Opposite Pitre Bldg, Dombivli (E)",Unknown,Unknown,421201,Maharashtra,Unknown,hospital,Unknown,Unknown,Unknown,Unknown,19.2203737,73.0916561
THC-Thane Health Care,"Opposite Gokhale Road Post Office, Near Hotel Usha Kiran, Brahmin Society, Naupada, Thane(W)",Unknown,Unknown,400602,Maharashtra,Unknown,hospital,Unknown,Unknown,Unknown,Unknown,19.1867653,72.9696322
Trupti Hospital - Thane,"Nebula - D Cosmos Paradise, Devdaya Nagar Jk Po, Pokhran Road No. 1",Unknown,Unknown,400606,Maharashtra,Unknown,hospital,hospital,Unknown,Unknown,Unknown,19.216111,72.9590323
Aditi Children Hospital and Nursing,"Ground Floor, Nandadeep Chs, Old Belapur Road",Unknown,Unknown,400605,Maharashtra,Unknown,hospital,Unknown,Unknown,Unknown,Unknown,19.1930041,72.9906975
Risk Care Hospital and Iccu,"1st Floor, Shirin Appartment",Unknown,Unknown,400606,Maharashtra,Unknown,hospital,Unknown,Unknown,Unknown,Unknown,19.1996346,72.9721436
Vaidya Maternity Home,"Vaidya Bunglow, Opp Telephone Exc, Naupada Thane",Unknown,Unknown,400602,Maharashtra,Unknown,hospital,Unknown,Unknown,Unknown,Unknown,19.1871764,72.9678346
Dr Bansal's Arogya Hospital,"Golden Park Lbs Road, Opp Navneet Motors Thane - West",Unknown,Unknown,400602,Maharashtra,Unknown,hospital,hospital,Unknown,Unknown,Unknown,19.2111354,72.9770842
Disha Hospital,"U-119, Sector 4, Airoli",Unknown,Unknown,400708,Maharashtra,Unknown,hospital,Unknown,Unknown,Unknown,Unknown,19.1511429,72.9979656
Metro Hospital and Icu,"202,2nd Floor, Soham Plaza (N.E), Manpada, Thane (W)",Unknown,Unknown,400607,Maharashtra,Unknown,hospital,hospital,Unknown,Unknown,Unknown,19.2358192,72.9755159
Shri Chaitanya Hospital,"Shivraj Building, 1st Floor, Near Shivaji Statue, Manpada Road, Dombivli East",Unknown,Unknown,421201,Maharashtra,Unknown,hospital,Unknown,Unknown,Unknown,Unknown,19.2163441,73.08933
Janam Hospital,"1st Floor, Nirmal Apartmens, Uttam Angrey Road, Joshiwala Charai",Unknown,Unknown,400601,Maharashtra,Unknown,hospital,Unknown,Unknown,Unknown,Unknown,19.1964227,72.9762286
"Aparna Hospital, Mulund (W)","J Nehru Road, Mulund (W)",Unknown,Unknown,400080,Maharashtra,Unknown,hospital,Unknown,Unknown,Unknown,Unknown,19.169912,72.9536431
Shree Ramkrishna Netralaya,"A- 102/103, Shree Balaji Co-Op. Hsg. Society Near Makhmali Talao, L.B.S. Road (Agra Road ) Panchpakhadi",Unknown,Unknown,400601,Maharashtra,Unknown,hospital,Unknown,Unknown,Unknown,Unknown,19.1998018,72.9722703
Sharada Netralaya,314 Nisha Complex Gr Floor Room No-4-5 Near Hathi Sizing Dhamankar Naka Bus Stop Bhiwandi,Unknown,Unknown,421305,Maharashtra,Unknown,clinic,Unknown,Unknown,Unknown,Unknown,19.2901341,73.057466
Dr Wavikar Eye Hospital,"4Th & 5Th Floor Level, Amber Arcade , Off Bhiwandi Bypass Road, Near Lodha Paradise, Majiwadi",Unknown,Unknown,400601,Maharashtra,Unknown,hospital,hospital,Unknown,Unknown,Unknown,19.188266,72.9723501
Dr Walvatkars Eye Care Center,"110/B, Krishna Tower, Second Floor, Kapurbawdi Junction, Ghodbunder Road",Unknown,Unknown,400607,Maharashtra,Unknown,hospital,Unknown,Unknown,Unknown,Unknown,19.2192568,72.9784012
Pmrs Ace Children's Hospital,"Nandivli Panchanand,Near Star Colony,Off Manapada Road",Unknown,Unknown,421201,Maharashtra,Unknown,hospital,Unknown,Unknown,Unknown,Unknown,19.2038406,73.094911
"Mahalaxmi Hospital, Thane","Deena Dayan Road Near Samrat Hotel, Dombivli West",Unknown,Unknown,421201,Maharashtra,Unknown,hospital,Unknown,Unknown,Unknown,Unknown,19.2219275,73.0818526
Dr Subodh Mehtas Advance Orthopedic and Joint Replacement Center,"Pasaydan, Next To Dnyanraj Sabhagruh, Sant Dnyaneshwar Marg, Near Tmc Bldg., Panchpakhadi",Unknown,Unknown,400602,Maharashtra,Unknown,hospital,Unknown,Unknown,Unknown,Unknown,19.1962657,72.9663366
Unnati Critical Care Unit and I.C.C.U,"B1/B2, Rajanigandha C.H.S., Gr.Floor, Vandana Cinema, Thane (W)",Unknown,Unknown,400602,Maharashtra,Unknown,hospital,Unknown,Unknown,Unknown,Unknown,19.1959389,72.9708615
Bodas Surgical and Maternity Home,"2nd Floor,Near Saibaba Mandir,Ghantali Road",Unknown,Unknown,400601,Maharashtra,Unknown,hospital,Unknown,Unknown,Unknown,Unknown,19.1930892,72.9710492
Dr Bothra's Hospital,"1st Floor, Ramkrishna Bldg , Gadhav Naka, Bhandup (W)",Unknown,Unknown,400078,Maharashtra,Unknown,hospital,Unknown,Unknown,Unknown,Unknown,19.1532611,72.9308885
Gautami Nursing Home,"Shree Siddhivinayak,Rhushab Nagar, OppositeMumbra Police Station",Unknown,Unknown,400612,Maharashtra,Unknown,clinic,Unknown,Unknown,Unknown,Unknown,19.1836812,73.0216542
Shree Sadguru Krupa Hospital,No/A/01 On Frist Floor Sanavi Apartment Gupte Road Dombivali W,Unknown,Unknown,421201,Maharashtra,Unknown,hospital,Unknown,Unknown,Unknown,Unknown,19.2219908,73.0848876
Shri Chaitanya Hospital - Mumbai,"Shivraj Ist Floor Near Shivraj Statue, Manpada Road, Dombivali (E)",Unknown,Unknown,421201,Maharashtra,Unknown,hospital,Unknown,Unknown,Unknown,Unknown,19.2156856,73.092894
"Sahil Hospital, Thane","1st Floor, Tawde Niwas, Opposite Thane Janata Sahakari Bank, Khopat, Thane(w)",Unknown,Unknown,400601,Maharashtra,Unknown,hospital,hospital,Unknown,Unknown,Unknown,19.2029832,72.9719143
"Maher Maternity and Nursing Home, Mumbai",Gayatri Building 1st Floor Hanuman Chowk L T Road Mulund(E),Unknown,Unknown,400081,Maharashtra,Unknown,hospital,Unknown,Unknown,Unknown,Unknown,19.1703693,72.9588425
Karwa Hospital and Iccu,"103, 1st Floor, Swar Ganga, Opposite Oriental Bank Of Commerce,Tilak Road, Krishna Radha Society, Dombivli East",Unknown,Unknown,421201,Maharashtra,Unknown,hospital,Unknown,Unknown,Unknown,Unknown,19.2163124,73.092725
Gurukalash Polyclinc and Nursing Home,"Ground Floor, Kmc Building, Padmakar Colony, Thakurli(E)",Unknown,Unknown,421201,Maharashtra,Unknown,clinic,Unknown,Unknown,Unknown,Unknown,19.2116008,73.0906932
Avadhoot Hospital and Iccu,"Plot No. 29, Sector-19, Opposite Nhp School, Airoli, Navi Mumbai",Unknown,Unknown,400708,Maharashtra,Unknown,hospital,Unknown,Unknown,Unknown,Unknown,19.1597689,72.9925981
Dr.Priya's Sai Niwas Maternity and Infertility Nursing Home,"28/29,A Building, C Wing, Hira Moti Complex, Shivaji Nagar, Wagle Estate",Unknown,Unknown,400601,Maharashtra,Unknown,hospital,Unknown,Unknown,https://www.sainiwashealthcare.com/,Unknown,19.1877619,72.9522537
Dr Uppal's ENT Hospital & Sonic Hearing & Speech Centre,"Mohan Heritage, 2nd Floor, Opposite TMC, Almeida Road, Panchpakhadi",Unknown,Unknown,400602,Maharashtra,Unknown,hospital,Unknown,Unknown,Unknown,Unknown,19.1982794,72.9670675
Manasi Maternity & General Hospital,"Manas Anand CHS, Ghodbunder Road, Dongripada",Unknown,Unknown,400607,Maharashtra,Unknown,clinic,Unknown,Unknown,Unknown,Unknown,19.2514824,72.9734136
Dr. Malwankar's Romeen Nursing Home,"Gr.Floor,Gautam Dham Society, Opposite Gama House, Bhandup (W)",Unknown,Unknown,400078,Maharashtra,Unknown,clinic,Unknown,Unknown,Unknown,Unknown,19.1511385,72.93391
"Suyash Hospital, Dombivali","Nimal Chayaa, Opposite Agarwal Hall, Manpada Road, Dombivali (E)",Unknown,Unknown,421201,Maharashtra,Unknown,hospital,Unknown,Unknown,Unknown,Unknown,19.2096435,73.0935967
Sushrut Nursing Home,"101,Akshata Apts Almeida Road",Unknown,Unknown,400602,Maharashtra,Unknown,clinic,Unknown,Unknown,Unknown,Unknown,19.1968432,72.9696532
Hambarde Hospital - Mumbai,"Tai Pingle Chowk, Opposite Sarvesh Hall Dombivali(W)",Unknown,Unknown,421201,Maharashtra,Unknown,hospital,Unknown,Unknown,Unknown,Unknown,19.2162884,73.0916467
Netra Jyot Eye Care Centre,"206, Jai Commercial Complex, At The Junction Of M. G. Road And S. L. Road, Opposite Hotel Gurukrupa, Mulund (West)",Unknown,Unknown,400080,Maharashtra,Unknown,hospital,Unknown,Unknown,Unknown,Unknown,19.1739389,72.9550807
Indravati Hospital,"Sector-3, Near Airoli Bus Depot, Airoli, Nav",Unknown,Unknown,400708,Maharashtra,Unknown,hospital,hospital,Unknown,Unknown,Unknown,19.1566538,72.9977667
Chheda's Eye Clinic,"A-106 Kasturi Plaza,Manpada Road Dombivli(E) Mumbai",Unknown,Unknown,421201,Maharashtra,Unknown,clinic,Unknown,Unknown,Unknown,Unknown,19.215445,73.0900696
Shivani Maternity Home Thane,"Akshi Bunglow, Sector 1, Plot No. 9&10 Shreenagar Wagle Estate",Unknown,Unknown,400604,Maharashtra,Unknown,hospital,Unknown,Unknown,Unknown,Unknown,19.1902469,72.946963
OrthoSpine Clinic,"M.G. Road, Naupada, Thane (W)",Godbole Hospital M. G. Road,"Naupada, Shivaji Nagar, Thane West -Maharashtra, India",400602,Maharashtra,Unknown,clinic,clinic,Unknown,https://www.orthospineclinic.in/orthospineclinic,Unknown,19.185432,72.9674457
Aayush Multispeciality Hospital,"Aayush Villa, K-6 & 7, Row House, Sector-4, Airoli, Navi Mumbai",Unknown,Unknown,400708,Maharashtra,Unknown,hospital,Unknown,Unknown,Unknown,Unknown,19.1525023,72.9985231
Hi-Tech Urology Centre,"Landmark Arcade, 1st Floor, Louis Wadi, Highway Service Road, Nitin Company Junction, Thane West",Unknown,Unknown,400604,Maharashtra,Unknown,hospital,Unknown,Unknown,http://hitechurologythane.com/,Unknown,19.1990415,72.9627861
Siddiqui Nursing Home,"Rohan Complex , B Wing Amrut Nagar, Mumbra Thane",Unknown,Unknown,400612,Maharashtra,Unknown,clinic,Unknown,Unknown,Unknown,Unknown,19.1756617,73.0236499
Shushrusha Hospital and Icu,"Shreenath Plaza, L. T. Marg, Mulund East",Unknown,Unknown,400081,Maharashtra,Unknown,hospital,Unknown,Unknown,Unknown,Unknown,19.1712725,72.9580539
Kevalya Hospital,"Siddhi Appts.,Near Vijay Garden, OppositeSuraj Water Parkg.B.Road,Thane(W)",Unknown,Unknown,400607,Maharashtra,Unknown,hospital,Unknown,Unknown,Unknown,Unknown,19.261673,72.9728879
Akshaya Surgical and Maternity Home,Savio Apts. Kolbad Naka Old Agra Road,Unknown,Unknown,400601,Maharashtra,Unknown,hospital,hospital,Unknown,Unknown,Unknown,19.2037608,72.9770654
TMC C R Wadia Dispensary,"Cursetji Rustomji Wadia Dispensary, Tembhi Naka, Thane West",Unknown,Unknown,400602,Maharashtra,Unknown,clinic,centre,Unknown,Unknown,Unknown,19.1967672,72.9770735
"Phoenix Hospital, Dombivali","Opposite D.N.C. Highschool, Nandivli Road,Dombivli (E)",Unknown,Unknown,421201,Maharashtra,Unknown,hospital,Unknown,Unknown,Unknown,Unknown,19.2091632,73.0889057
Pioneer Health Care,"101, Kalika Towers, Opposite Pratap Cinema, Kolbad Road",Unknown,Unknown,400601,Maharashtra,Unknown,hospital,hospital,Unknown,Unknown,Unknown,19.2034531,72.9741754
Dr.Nalavade Multispeciality Hospital,"1st Floor, Om Deep Saipuja Co-Operative Housing Society, L.B.S. Marg, Opposite Kadambari Building, Charai Naka",Unknown,Unknown,400601,Maharashtra,Unknown,hospital,Unknown,Unknown,Unknown,Unknown,19.196828,72.9718137
Suruchi Eye Centre,"U-123, Near Durga Mata Mandir, Sector 4, Airoli",Unknown,Unknown,400708,Maharashtra,Unknown,hospital,Unknown,Unknown,https://suruchieyecentre.com/,Unknown,19.1511493,72.9979008
Aasha Cancer Hospital and Children First,"1st Floor, Ajit Darshan Building, Near Petrol Pump,",Unknown,Unknown,400602,Maharashtra,Unknown,hospital,Unknown,Unknown,Unknown,Unknown,19.193409,72.9706731
"Kaushalya Medical Foundation Trust Hospital, Mumbai","Behind Nitin Co., Ganesh Wadi, Panchpakhadi Thane (West)",Unknown,Unknown,400601,Maharashtra,Unknown,hospital,Unknown,Unknown,https://www.seekandsource.com/kaushalya,Unknown,19.2000627,72.9666732
Holy Trinity Hospital,"1st Floor, Heritage Holy J N Road Mulund",Unknown,Unknown,400080,Maharashtra,Unknown,hospital,Unknown,Unknown,Unknown,Unknown,19.1676317,72.9513688
Nathkrupa Nursing Home,"Amoghsidha Bullding, Retlbunder Road, Near Rokhade Bldg. Dombivli (W)",Unknown,Unknown,421202,Maharashtra,Unknown,clinic,Unknown,Unknown,Unknown,Unknown,19.2267844,73.0811251
Chetna Critical Care Unit,"Navinjyot Building, RRT Road, Mulund West",Unknown,Unknown,400080,Maharashtra,Unknown,hospital,Unknown,Unknown,Unknown,Unknown,19.1747167,72.9526278
Omkar Eye Care Center,302-303 Koteshwar Plaza Junction Of Jn Road And R.H.B Road Mulund(W),Unknown,Unknown,400065,Maharashtra,Unknown,hospital,Unknown,Unknown,Unknown,Unknown,19.1708418,72.9541071
Dr.Badwaik's Maternity and General Hospital,"Lal Bahadur Shastri Marg, Bhandup West",Unknown,Unknown,400078,Maharashtra,Unknown,hospital,Unknown,Unknown,Unknown,Unknown,19.1503562,72.9381332
"Ajinkya Nursing Home, Thane","White House Apt, Opp Punjabi Estate, Khopar, Thane West",Unknown,Unknown,400601,Maharashtra,Unknown,clinic,clinic,Unknown,Unknown,Unknown,19.2037393,72.9704558
Gurukrupa Eye Hospital,Dombivali,Unknown,Unknown,421201,Maharashtra,Unknown,hospital,Unknown,Unknown,Unknown,Unknown,19.2209397,73.0887875
Gandhi Hospital - Navi Mumbai,"101,103 Ruby Commercial Compelx Sector 4, Airoli,Navi Mumbai",Unknown,Unknown,400022,Maharashtra,Unknown,hospital,Unknown,Unknown,Unknown,Unknown,19.1511011,72.9995356
Titan Hospital,"Soham Plaza, Manpada Junction, Ghodbandar Road, Thane West",Unknown,Unknown,400607,Maharashtra,Unknown,hospital,hospital,Unknown,Unknown,Unknown,19.2358754,72.9754798
Dr Milind Patils Revival Bone and Joint Hospital,"Yojana Behind Idbi Bank, Near Malhar Cinema, Off Gokhale Road",Unknown,Unknown,400602,Maharashtra,Unknown,hospital,Unknown,Unknown,Unknown,Unknown,19.1880456,72.9660389
Sparsh Maternity and Nursing Home,Shop No 301 3Road Flr Block-4 Emerald Plaza Hiranandani Meadows Thane W,Unknown,Unknown,401302,Maharashtra,Unknown,hospital,hospital,Unknown,Unknown,Unknown,19.2281046,72.9702191
Sparsh Multispeciality Hospital and I C C U,"1st Floor, Sudama Arcade, R P Roadtilak Naagar, Dombivli (E)",Unknown,Unknown,421201,Maharashtra,Unknown,hospital,Unknown,Unknown,Unknown,Unknown,19.2145407,73.0907616
Spandan Hospital and Iccu,Dombivali,Unknown,Unknown,421202,Maharashtra,Unknown,hospital,Unknown,Unknown,Unknown,Unknown,19.2217388,73.0865076
Dr Anushka Laser Eye Centre,"Flat No 104, A-Wing, Dhamankar Naka, Bhiwandi Dust",Unknown,Unknown,421302,Maharashtra,Unknown,hospital,Unknown,Unknown,Unknown,Unknown,19.2915803,73.0568223
Life Care Hospital,"Samarth Dham Building, Ground Floor, Near Swami Samarth Math, Dombivli(East), Mumbai",Unknown,Unknown,421201,Maharashtra,Unknown,hospital,Unknown,Unknown,Unknown,Unknown,19.2021727,73.0882376
Pooja Nursing Home Pvt. Ltd.,"Shreeram Apt, 1st Floor , Jn Road, Mulund West",Unknown,Unknown,400080,Maharashtra,Unknown,clinic,Unknown,Unknown,Unknown,Unknown,19.1674418,72.9502031
"Apeksha Maternity and Surgical Nursing Home, Thane","Drug Society, Pokharan Road I",Unknown,Unknown,400606,Maharashtra,Unknown,hospital,Unknown,Unknown,Unknown,Unknown,19.2069105,72.963586
Bapat Nursing Home,"Near Rupee Co-Op. Bank, A.K. Vaidya Marg, Panch Pakhadi",Unknown,Unknown,400602,Maharashtra,Unknown,clinic,Unknown,Unknown,Unknown,Unknown,19.1940163,72.9668958
"Lakshmi Nursing Home, Mumbai","Sheetal Chayya Premises Co-Op Society, Jawaharlal Nehru Road, Mulund West",Unknown,Unknown,400080,Maharashtra,Unknown,clinic,Unknown,Unknown,Unknown,Unknown,19.1701185,72.9532246
Shivneri Hospital Pvt. Ltd.,"Shivneri Hospital, Agra Road, B/H Vandana Theatre",Unknown,Unknown,400602,Maharashtra,Unknown,hospital,Unknown,Unknown,Unknown,Unknown,19.1951365,72.9720235
Aishwarya Nursing Home - Thane,"Darshan Tower, Dr. Ambedkar Road, Thane (W)",Unknown,Unknown,400601,Maharashtra,Unknown,clinic,clinic,Unknown,Unknown,Unknown,19.2010303,72.9756794
Amrut Hospital and Endoscopic Clinic,"Rameshwari Appartment Dr Rajendra Prasad Road, Tilak Nagar Dombivli - East Dombivli",Unknown,Unknown,421201,Maharashtra,Unknown,clinic,Unknown,Unknown,Unknown,Unknown,19.2147953,73.0922764
Apurva Nursing Home,"Klassik Apartments Opp Santoshi Mata Mandir, Kopar Road, Dombivli - West Dombivli",Unknown,Unknown,421202,Maharashtra,Unknown,clinic,Unknown,Unknown,Unknown,Unknown,19.215053,73.0802125
More Eye Center,"7,Yogesh Society, Gr.Flr, Near Icici Bank Ram Maruti Road,Thane (W)",Unknown,Unknown,400602,Maharashtra,Unknown,hospital,Unknown,Unknown,Unknown,Unknown,19.1954297,72.9717761
Asha Hospital and Iccu,"Sector - 4, Near Max Mall,Asiatic Society, Near Petrol Pump",Unknown,Unknown,400708,Maharashtra,Unknown,hospital,Unknown,Unknown,Unknown,Unknown,19.1503714,72.9999474
Sanjeevan Nursing Home and Iccu,"1st Floor, Neha Annexe, Khot Road, Near Madhuban Garden, Bhandup (W)",Unknown,Mumbai,SS,Maharashtra,Unknown,clinic,clinic,Unknown,Unknown,Mo-Su 09:00-21:00,19.150607,72.9368417
Dhanwantary Hospital and ICCU,"545, Thawaroadas Bhavan, N. S. Road, Near Abhyudaya Bank",Unknown,Unknown,400080,Maharashtra,Unknown,hospital,Unknown,Unknown,Unknown,Unknown,19.1763038,72.9535586
Samarth Maternity and Nursing Home,"102, Samarth C.H.S Ltd., Lokmanya Tilak Road(Extn)",Unknown,Unknown,400080,Maharashtra,Unknown,hospital,Unknown,Unknown,Unknown,Unknown,19.1685629,72.9594474
Mulund Nursing Home,"Shanti Sadan Gv Scheme Road, 90 Ft Road Mulund (E)",Unknown,Unknown,400081,Maharashtra,Unknown,clinic,Unknown,Unknown,Unknown,Unknown,19.1694268,72.9612163
Drishti Eye Care Centre,"1st Floor, Shri Siddhi Plaza, Above Hast Kala Showroom, R.R.T. Road, Mulund",Unknown,Unknown,400080,Maharashtra,Unknown,hospital,Unknown,Unknown,Unknown,Unknown,19.1745628,72.9521015
"Om Hospital, Thane","First Floor Commerce Centre, Tandon Road Dombivli - East Dombivli",Unknown,Unknown,421201,Maharashtra,Unknown,hospital,Unknown,Unknown,Unknown,Unknown,19.2141209,73.0869629
Gunjotikar Nursing Home,"1st Floor, Mahadeo Tower, Above Krishna Chemist, Hari Niwas. L B S Road",Unknown,Unknown,400602,Maharashtra,Unknown,clinic,Unknown,Unknown,Unknown,Unknown,19.1935983,72.9709017
Maher Maternity Infertility and Surgical Nursing Home,"Asiatic Arcade, 2nd Floor, Pokhran Road 1, , Vartak Nagar, Thane (W)",Unknown,Unknown,400606,Maharashtra,Unknown,hospital,Unknown,Unknown,Unknown,Unknown,19.2107023,72.9608931
City Hospital and Polyclinic,"1st Floor, Central Plaza, N.S.S.Road,Vishnu Nagar, , Near Gom Talkies Above Central Bank Of India, Dombivali (W)",Unknown,Unknown,421201,Maharashtra,Unknown,hospital,Unknown,Unknown,Unknown,Unknown,19.2224878,73.0841909
Soham Hospital,"New Mangal Bhavan , 1 St Floor, Opposite Torrent Power Office, Kaneri Agra Road, Bhiwandi Kaneri Agra Road, Bhiwandi",Unknown,Unknown,421308,Maharashtra,Unknown,hospital,Unknown,Unknown,Unknown,Unknown,19.2921335,73.0589412
Mody Hospital Iccu,"Plot 1,2, 3, 4, Sector 2, Airoli",Unknown,Unknown,400708,Maharashtra,Unknown,hospital,hospital,Unknown,Unknown,Unknown,19.1611029,72.9988141
Jeevanshree Hospitals,"Gurumilan C H S, Gr Flr , Opp Tilak Nagar Post Office, Tilaknagar Dombivli - East Dombivli",Unknown,Unknown,421201,Maharashtra,Unknown,hospital,Unknown,Unknown,Unknown,Unknown,19.2150486,73.094054
Bhaskar Eye and Lens Implant Clinic,"Opp Gavdevi Market, Behind Rupee Co-Op Bank Ghokale Road, Thane (W)",Unknown,Unknown,400602,Maharashtra,Unknown,clinic,Unknown,Unknown,Unknown,Unknown,19.1876074,72.9723756
Deodhar Hospitals Pvt. Ltd,"Geet-Ganga, Gokhale Road, Opposite Ice Factory, Navpada, Thane(W)",Unknown,Unknown,400602,Maharashtra,Unknown,hospital,Unknown,Unknown,Unknown,Unknown,19.187216,72.9684891
Dr.Paradkar Hospital,"Dipalaya Bhaskar Colony, Naupada",Unknown,Unknown,400602,Maharashtra,Unknown,hospital,Unknown,Unknown,Unknown,Unknown,19.1849741,72.9660858
Abhimaan Maternity and Surgical Hospital - Thane,"Abhimman, 1st Floor, Near Traffic, Police Chowky, Teen Hath Naka, Mumbai-Agra Road, Thane (W)",Unknown,Unknown,400602,Maharashtra,Unknown,hospital,Unknown,Unknown,Unknown,Unknown,19.1890488,72.9644363
Kkasturi Medicare Pvt Ltd,"Harshniketan, Gaondevi Road, Behind Navrang Hotel, Bhayander(West)",GaonDevi Road,Unknown,401101,Maharashtra,Unknown,hospital,hospital,Unknown,Unknown,Unknown,19.1895959,72.9769085
Swami Health Care,"101, 1st Floor S-3, Vedant Commercial Complex, Vartak Nagar, Thane West",Unknown,Unknown,400601,Maharashtra,Unknown,hospital,Unknown,Unknown,Unknown,Unknown,19.2090648,72.9616454
Suyog Hospital and Iccu,"Arya Samaj Bhavan, 1st Floor Near Galanagar, J N Road",Unknown,Unknown,400080,Maharashtra,Unknown,hospital,Unknown,Unknown,Unknown,Unknown,19.1665006,72.9503077
Shree Sai Maternity and Surgical Nursing Home,Sarvodaya Parshwanath Nagar Mulund W,Unknown,Unknown,400080,Maharashtra,Unknown,hospital,Unknown,Unknown,Unknown,Unknown,19.1639918,72.9469208
"Ashirwad Maternity and Nursing Home, Mulund","Buiding No. E/5 , Highland Park , Guru Gobind Singh Road , Jai Shastri Nagar , Mulund Colony , Mulund ( West )",Unknown,Unknown,400082,Maharashtra,Unknown,hospital,Unknown,Unknown,Unknown,Unknown,19.1702287,72.9322658
National Burns Center,"Sector - 13, Plot No. 1, Ramdas Swami Marg",Unknown,Unknown,400708,Maharashtra,Unknown,hospital,Unknown,Unknown,Unknown,Unknown,19.1533004,72.9862292
Ishwar Hospital,"Sunder Apartments, 1st Floor ,Rajendra Prasad Road, Ram Nagar ,Dombivali (East)",Unknown,Unknown,421201,Maharashtra,Unknown,hospital,Unknown,Unknown,Unknown,Unknown,19.2136451,73.0873646
"Laxmi Jyot Eye Hospital, Thane","A-101, Dharmaveer Building, Opposite Municipal School No.7, Uthlasar Naka",Unknown,Unknown,400602,Maharashtra,Unknown,hospital,hospital,Unknown,Unknown,Unknown,19.2024899,72.9778835
"Sai Ganesh Hospital, Thane",Palghar,Unknown,Unknown,400601,Maharashtra,Unknown,hospital,Unknown,Unknown,Unknown,Unknown,19.1872952,72.9678822
Dr Manish Patankar's Nath Hospital,"101, A-Wing, Golden Heavens Apartments, Khopat Road, Khopat",Unknown,Unknown,400601,Maharashtra,Unknown,hospital,hospital,Unknown,Unknown,Unknown,19.2030668,72.9725271
Sunjeevan Hospital and I C U,"1st Floor, Adnaan Mahal, Near Holy Cross High School , Thane West",Unknown,Unknown,400601,Maharashtra,Unknown,hospital,hospital,Unknown,Unknown,Unknown,19.2028047,72.9799998
Nadkarni Eye Care Centre,"Neha Annexe, Khot Road, Bhandup (W)",Unknown,Unknown,400078,Maharashtra,Unknown,hospital,Unknown,Unknown,Unknown,Unknown,19.1506818,72.9374432
Omkar Surgical and Maternity Home,"1st Flr Sitamai Apartmets Hanuman Chowk L.T. Road, Mulund (East)",Unknown,Unknown,400081,Maharashtra,Unknown,hospital,Unknown,Unknown,Unknown,Unknown,19.1699994,72.959279
"Samarth Nursing Home, Thane","Krishnamrut, 1st Flr Creed Road, Mahagiri, Thane (W)",Unknown,Unknown,400603,Maharashtra,Unknown,clinic,Unknown,Unknown,Unknown,Unknown,19.1945381,72.9827531
Dr Jyotsna Jagtaps Ent Hospital and Hearing Aid Centre,110-A Krishan Towers 2nd Floor Above Sanman Hotel Kapurbawadi Naka Thane W,Unknown,Unknown,400607,Maharashtra,Unknown,hospital,Unknown,Unknown,Unknown,Unknown,19.2191846,72.9784039
Dr. Narkhedes Advance Ent Centre,"Naupada, Thane West",Unknown,Unknown,400602,Maharashtra,Unknown,hospital,Unknown,Unknown,Unknown,Unknown,19.1870475,72.97325
Ashwini Maternity and Nursing Home,Amit Apts. Gr. Fl Shivaji Road,Unknown,Unknown,410206,Maharashtra,Unknown,clinic,Unknown,Unknown,Unknown,Unknown,19.1951682,72.9746635
Dr. Thakur's Shree Hospital,"Sukh Laxmi Building, 1st & 2nd Floor, Shree Nagar, Opposite Tata Vision , Wagle Estate, Thane West",Unknown,Unknown,400604,Maharashtra,Unknown,hospital,Unknown,Unknown,Unknown,Unknown,19.1894712,72.9456628
Dr.Harne Hospital,"Mahatma Gandhi Road, Everest Shopping Centre, 2nd Floor,Opp Railway Station, Dombivli West",Unknown,Unknown,421201,Maharashtra,Unknown,hospital,Unknown,Unknown,Unknown,Unknown,19.219586,73.0863862
Dr Bedekars Hospital,"Shiva Sakthi Maha Rushi Serve Road, Naupada, Thane West",Unknown,Unknown,400602,Maharashtra,Unknown,hospital,Unknown,Unknown,Unknown,Unknown,19.1894971,72.9735222
Nirmiti Fertility and Ivf Centre,"1st Floor, Parasmani, Opposite Shahu Marke, Near Naupada Police Station, M.G.Road, Naupada, Thane (W)",Unknown,Unknown,400602,Maharashtra,Unknown,hospital,Unknown,Unknown,Unknown,Unknown,19.1881647,72.9673988
Asmita Nursing Home,"Ground Floor,Prashant Chs Ltd Agarkar Road,Off Phadke Road Dombivli",Unknown,Unknown,421201,Maharashtra,Unknown,clinic,Unknown,Unknown,Unknown,Unknown,19.2186141,73.0905692
Orthonova Hospital,"201-205,Soham Plaza,Soham Gardens,Ch, Italsar,Manpada Jtn,G.B.Road,Thane(W)",Unknown,Unknown,400607,Maharashtra,Unknown,hospital,hospital,Unknown,Unknown,Unknown,19.2346955,72.9757418
Thane Eye Care Hospital,"Om Shri Swami Samarth Soc, 1st Floor, Next to Siddhesh Hospital, Yashodhan Nagar Bus Stop, Near Lokmanya Nagar Bus Depot, Thane (West)",Unknown,Unknown,400606,Maharashtra,Unknown,hospital,Unknown,Unknown,https://www.thaneeyecare.com/,Unknown,19.197209,72.9710193
Dhanvantri Childrens Hospital,"2nd Floor, Mohan Heritage Building, Opp Tmc Offices Panchpakhadi Thane (West)",Unknown,Unknown,400601,Maharashtra,Unknown,hospital,Unknown,Unknown,Unknown,Unknown,19.1984719,72.9668181
Dr. Amar's Karkhanis Super- Speciality Hospital,"1st Floor,Soham Gardens,Tikuji-Ni-Wadi Road,Manpada",Unknown,Unknown,400607,Maharashtra,Unknown,hospital,hospital,Unknown,Unknown,Unknown,19.2359255,72.9752601
Anil Cancer Clinic,"117-O, Hallmark, Vasant Oscar, Opp- Greenworld, Near Nirmal Life Style, Mulund",Unknown,Unknown,400080,Maharashtra,Unknown,hospital,Unknown,Unknown,Unknown,Unknown,19.1681778,72.9388078
Citizen Hospital,"322, Kaneri Agra Road",Unknown,Unknown,421308,Maharashtra,Unknown,hospital,Unknown,Unknown,Unknown,Unknown,19.2929284,73.0597519
Platinum Hospitals,"The Color Scape Shopping Mall, G-103, D D Upadhayay Marg, Near Mulund Check Naka, Mulund West",Unknown,Unknown,400080,Maharashtra,Unknown,hospital,Unknown,Unknown,https://www.platinumhospitals.in/,Unknown,19.1828494,72.9541553
Ramanand Hospital and Iccu,Mumbai Pune Road Kalwa Thane (W),Unknown,Unknown,400605,Maharashtra,Unknown,hospital,Unknown,Unknown,Unknown,Unknown,19.1964765,72.9904442
"Risk Care Hospital and Iccu, Thane","Siddheshwar Arcade Opp Manisha Nagar Gate No 1, Old Mumbai Pune Road",Unknown,Unknown,400605,Maharashtra,Unknown,hospital,Unknown,Unknown,Unknown,Unknown,19.1967127,72.9882932
"Yash Nursing Home, Airoli","Plot No-U1, Behind Shridhar Hospital , Near Navratri Prasad Hotel, Sector 4, Airoli, Navi Mumbai",Unknown,Unknown,400708,Maharashtra,Unknown,clinic,Unknown,Unknown,Unknown,Unknown,19.2911715,73.0573922
Navjeewan Hospital,"Poona Link Road, Kalyan East",Unknown,Unknown,421306,Maharashtra,Unknown,hospital,Unknown,Unknown,Unknown,Unknown,19.2288719,72.9827088
International Institute Of Sleep Sciences,"Bunglow 10, Mhada Clolony, Mulund Ease",Unknown,Unknown,400081,Maharashtra,Unknown,hospital,Unknown,Unknown,Unknown,Unknown,19.1879462,72.9688123
Bilal Hospital I.C.U,"1st Floor A-Wing, Royal Garden Bildg. Near Shimla Park Kause Mumbra",Unknown,Unknown,400612,Maharashtra,Unknown,hospital,Unknown,Unknown,Unknown,Unknown,19.1632399,73.0291231
Dhanvantari Clinic,"S2/Mayur Chs Ltd, Subhash Road , Chincholi Pada, Dombiivli (W)",Unknown,Unknown,421202,Maharashtra,Unknown,clinic,Unknown,Unknown,Unknown,Unknown,19.2289555,73.0875644
Shri Gajanan Netralaya,"20/21, Vardhman Vatika, B Wing, Chitalsar, Manpada, Thane West",Unknown,Unknown,400607,Maharashtra,Unknown,clinic,Unknown,Unknown,Unknown,Unknown,19.2235902,72.9781088
Gokhale Orthopaedic Centre,"B-2,Kasturi Plaza, Manpada Road, Dombivli (E), Mumbai",Unknown,Unknown,421201,Maharashtra,Unknown,hospital,Unknown,Unknown,Unknown,Unknown,19.2155298,73.090018
Kumars Maternity and Surgical Nursing Home,"Road Number 2, Pendse Nagar, Dombivali(E)",Unknown,Unknown,421201,Maharashtra,Unknown,hospital,Unknown,Unknown,Unknown,Unknown,19.2160186,73.0905692
"Krishna Nursing Home, Mumbai","Neha Apts, L.B.S Marg, Bhandup (W)",Unknown,Unknown,400078,Maharashtra,Unknown,clinic,Unknown,Unknown,Unknown,Unknown,19.1506539,72.9373527
"Sanjivni Hospital, Thane","Rajkamal Building, 1st Floor",Unknown,Unknown,400708,Maharashtra,Unknown,hospital,hospital,Unknown,Unknown,Unknown,19.1574092,72.9984902
Vision Tec Advanced Eye Care Centre,"Flat No.104,A-Wing Shri Swami Samarth Co Op Hsg.Soc Near Parsik Janta Sahakari Bank Ltd Kaneri Dhamankar Naka, Bhiwandi",Unknown,Unknown,421302,Maharashtra,Unknown,hospital,Unknown,Unknown,Unknown,Unknown,19.2915132,73.0566332
Shivaani Mother and Child Care Hospital,"1st Flr, B Wing Hallmark Commercial Complex Vasant Oscar Layout Near Duncan Co, Mulud",Unknown,Unknown,400080,Maharashtra,Unknown,hospital,Unknown,Unknown,Unknown,Unknown,19.1684046,72.9390344
Al-Moin Nursing Home,"455, Murtuza Compound, Opp Taware Stadium, Bhiwandi",Unknown,Unknown,421308,Maharashtra,Unknown,clinic,Unknown,Unknown,Unknown,Unknown,19.2931828,73.051942
Pramila Hospital,"Manisha Nagar,Old Mumbai- Pune Road, Kalwa",Unknown,Unknown,400605,Maharashtra,Unknown,hospital,Unknown,Unknown,Unknown,Unknown,19.1971731,72.9907112
"Medicare Hospital, Thane","Silver Plaza,1st Floor,Near Nitin Company Flyover,E.E.Highway,E.S.I.S.Road",Unknown,Unknown,400603,Maharashtra,Unknown,hospital,Unknown,Unknown,Unknown,Unknown,19.2001032,72.9630549
Kopardes Hospital,"1st Floor, Ashitosh Appts, Kalyan Road, Tilak Chowk, Gopal Nagar, Near Lokmanya Tilak Statue, Dombivli East, Dombivli",Unknown,Unknown,421201,Maharashtra,Unknown,hospital,Unknown,Unknown,Unknown,Unknown,19.2153981,73.0951665
Shri Uttam Hospital,"111 / 112, Laxmi Market Vartak Nagar",Unknown,Unknown,400606,Maharashtra,Unknown,hospital,Unknown,Unknown,Unknown,Unknown,19.2099361,72.9615435
Shree Swami Samartha Netralaya,"1st Floor, Damodar Apartments, Behind Ashok Talkies Datta Mandir, Thane(w)",Unknown,Unknown,400601,Maharashtra,Unknown,hospital,hospital,Unknown,Unknown,Unknown,19.2027667,72.9720712
Dr Gadgil Eye Clinic and Lasik Laser Centre,"Ground Floor, Shreyas Apartments, Esis Hospital Road, Ramchandra Nagar No 1, Thane West",Unknown,Unknown,400601,Maharashtra,Unknown,hospital,Unknown,Unknown,Unknown,Unknown,19.1993572,72.9620062
Life Line Hospital and Icu,"Balkrishna Apartment, D Wing, 1st Floor, Ghanashyam Gupte Road, Dombivli West",Unknown,Unknown,421202,Maharashtra,Unknown,hospital,Unknown,Unknown,Unknown,Unknown,19.2197582,73.08634
Manawata Hospital and Smt Nalinighag Maternity,"1 St Floor Nalini Apartment , Bhatsadi Road, Kisan Nagar No 3 Wagle Estate",Unknown,Unknown,421203,Maharashtra,Unknown,hospital,Unknown,Unknown,Unknown,Unknown,19.1868196,72.9546422
Horizon Hospital,"Malati Mohan Bunglow Opp Naupada Telephone Exchange M G Road , Naupada",Unknown,Unknown,400602,Maharashtra,Unknown,hospital,Unknown,Unknown,Unknown,Unknown,19.1872825,72.9677092
Swastik Maternity and Surgical Hospital,"#117/118, Laxmi Market,Pokharan Road , No.1, Vartaknagar",Unknown,Unknown,400606,Maharashtra,Unknown,hospital,Unknown,Unknown,Unknown,Unknown,19.2101349,72.962088
Sai Jyot Hospital,"Suchit Square, Dr.R P Road, Ram Nagar, Dombivli East, Dombivli",Unknown,Unknown,421203,Maharashtra,Unknown,hospital,Unknown,Unknown,Unknown,Unknown,19.2137683,73.08818
"Dr. Uppal's Ent Hospital, Thane","Mohan Heritage, 2nd Flr, Opp T.M.C., Almeida Road, Thane (W)",Unknown,Unknown,400602,Maharashtra,Unknown,hospital,Unknown,Unknown,Unknown,Unknown,19.1983814,72.967146
Dr. Sapatnekar Hospital I.C.C.U and Polyclinic,"Mahadev Tower, 1st Floor, Lbs Marg, Near Hari Niwas Circle , Near Hari Niwas Circle, Naupada, Thane West",Unknown,Unknown,400602,Maharashtra,Unknown,hospital,Unknown,Unknown,Unknown,Unknown,19.1920468,72.9687519
Dr. Muddebihalkar Hospital and Iccu,"Silver Park, Road No. 3, Wagle Estate, Thane (W)",Unknown,Unknown,400604,Maharashtra,Unknown,hospital,Unknown,Unknown,Unknown,Unknown,19.1869703,72.9538925
Dandekar Hospital and Dyalysis Centre,"135/136, Kasturi Plaza, B-Wing, Manpada Road , Dombivli East",Unknown,Unknown,421202,Maharashtra,Unknown,hospital,Unknown,Unknown,Unknown,Unknown,19.2147231,73.0906235
Senses Eye and Ent Hospital,"2nd Flr, Beauty Arcade, OppositePratap, Cinema,Khopat,Next To Fishland Hotel,Thane(W)",Unknown,Unknown,400602,Maharashtra,Unknown,hospital,hospital,Unknown,Unknown,Unknown,19.2030934,72.9731347
Vedant Multispeciality Hospital and Research Centre,"S-3, 2nd Floor, Vedant Commercial Complex, Vartak Nagar, Above Union Bank Of India, Vartak Nagar Naka",Unknown,Unknown,400606,Maharashtra,Unknown,hospital,Unknown,Unknown,Unknown,Unknown,19.2090344,72.9615355
Criticare Superspeciality Hospital,B/W Hotel Royal Challenge 2 And Cadbury's Ltd E E Highway Thane (W),Unknown,Unknown,400602,Maharashtra,Unknown,hospital,Unknown,Unknown,Unknown,Unknown,19.2017129,72.9652409
Shilotri Hospital,"Bldg No-3-B, Brindavan Society",Unknown,Unknown,400601,Maharashtra,Unknown,hospital,hospital,Unknown,Unknown,Unknown,19.2079224,72.9832292
Dr. Paranjpes Eye Clinic,"` Sulochan`, Near Ing Vysya Bank, Ram Maruti Toad",Unknown,Unknown,400602,Maharashtra,Unknown,clinic,Unknown,Unknown,Unknown,Unknown,19.1930005,72.9723863
Amina Nursing Home,"193, Dargah Road, Opposite Bombay Ice-Factory, Bhiwandi",Unknown,Unknown,421308,Maharashtra,Unknown,clinic,Unknown,Unknown,Unknown,Unknown,19.2975447,73.0514853
Nulife Hospital,"2-3, Balkrishna Apartment, Opposite Tilak Nagar Post Office, Rajendra Prasad Road, Dombivili East",Unknown,Unknown,421201,Maharashtra,Unknown,hospital,Unknown,Unknown,Unknown,Unknown,19.2148257,73.0934076
Anmmol Orthovision,"101 / 102, Manisha Heights,Balrajeshwar Road",Unknown,Unknown,400080,Maharashtra,Unknown,hospital,Unknown,Unknown,Unknown,Unknown,19.1864066,72.9470327
Mehar Hospital and Iccu,"646, Mehar Hospital Near Payal Cinema",Unknown,Unknown,421308,Maharashtra,Unknown,hospital,Unknown,Unknown,Unknown,Unknown,19.2920987,73.0553363
Dr.Redkar's Maternity and Nursing Home,"A-10,Apurva Apartment,Govardhan Nagar,L.B.S.Marg,Mulund(W)",Unknown,Unknown,400080,Maharashtra,Unknown,hospital,Unknown,Unknown,Unknown,Unknown,19.1820019,72.9467753
Pharmacy,"Creek View Apartment, 3Road Floor, Opp Bus Stop. Kalwa",SC Bose Road,Thane,400605,Maharashtra,Unknown,pharmacy,pharmacy,Unknown,Unknown,24/7,19.195146,72.9913844
"Aarogyam Hospital, Thane","Shripat Smruti Building, 1st Floor, Star Colony, Manpadha Road,Opposite Bank Of Baroda",Unknown,Unknown,421201,Maharashtra,Unknown,hospital,Unknown,Unknown,Unknown,Unknown,19.2037444,73.0957344
"Icon Hospital, Thane",Manpada Road Mahaveer Nagar Corner Dombivli,Unknown,Unknown,421201,Maharashtra,Unknown,hospital,Unknown,Unknown,Unknown,Unknown,19.2078617,73.0941908
Samarth Nursing Home,"Pancharishi Gograswadi Gate , Sant Namdev Path , Dombivli ( East )",Unknown,Unknown,421201,Maharashtra,Unknown,clinic,Unknown,Unknown,Unknown,Unknown,19.2131901,73.0970681
Dr Malatibai Chitnis Clinic and Hospital,"Madhu - Malati, Malatibai Chitnis Chowk, V. S Marg ,Thane(W)",Unknown,Unknown,400601,Maharashtra,Unknown,clinic,Unknown,Unknown,Unknown,Unknown,19.1956476,72.976528
Sai Dham Hospital,"Shiv Sai Apartment, Patilwadi, , OppositeShiv Mandir",Unknown,Unknown,400606,Maharashtra,Unknown,hospital,Unknown,Unknown,Unknown,Unknown,19.2062286,72.9561107
Param Hospital and Icu,"2nd Floor, Golden Park, Gokul Nagar, Next To Wood Plaza, L B S Road",Unknown,Unknown,400601,Maharashtra,Unknown,hospital,hospital,Unknown,Unknown,Unknown,19.2112775,72.977051
Om Children Maternity and Surgical Nursing Home,Wagle Estate,Unknown,Unknown,400601,Maharashtra,Unknown,hospital,Unknown,Unknown,Unknown,Unknown,19.1874244,72.9515509
Koshti Maternity and Surgical Hospital,"Sai Pooja Apt. Ii Nd Floor, Charai Naka/ Old Agra Road . Thane (W)",Unknown,Unknown,400602,Maharashtra,Unknown,hospital,Unknown,Unknown,Unknown,Unknown,19.1967925,72.9718787
Anjali Maternity and Surgical Hospital - Mulund,"1st Floor, Bps Plaza, Bps Estates, Devidayal Road, Near Best Bus Depot",Unknown,Unknown,400080,Maharashtra,Unknown,hospital,Unknown,Unknown,Unknown,Unknown,19.1755267,72.9460879
"Shree Krupa Hospital, Thane","NH848, Bhadwad Gaon, Sonale Village",Unknown,Unknown,421302,Maharashtra,Unknown,hospital,Unknown,Unknown,Unknown,Unknown,19.2818264,73.0743029
K. M. C.Nursing Home and Polyclinic,Dongri Pada Ghodbunder Road Thaane,Unknown,Unknown,400607,Maharashtra,Unknown,clinic,Unknown,Unknown,Unknown,Unknown,19.2512064,72.9725996
Shree Prathamesh Hospital,Shop No 23-29 Ground Flr Behind Ratnakar Bank Laxmi Market Vartaknagar,Unknown,Unknown,400606,Maharashtra,Unknown,hospital,Unknown,Unknown,Unknown,Unknown,19.2102274,72.9613289
"Shushrusha Hospital, Thane","Agashi, Near K. G. High School, Chalpeth Road, Virar (W)",Unknown,Unknown,401301,Maharashtra,Unknown,hospital,Unknown,Unknown,Unknown,Unknown,19.2721428,73.0404527
Qamar Nursing Home,"Noorjahan Apartment, Behind Kandhari Building, Mujahid Road, Kausa, Mumbra",Unknown,Unknown,400612,Maharashtra,Unknown,clinic,Unknown,Unknown,Unknown,Unknown,19.1682754,73.0263779
Hardikar Hospital and Polyclinic,"82/211,Ramchandra Nagar, Dombivli",Unknown,Unknown,421204,Maharashtra,Unknown,hospital,Unknown,Unknown,Unknown,Unknown,19.2060576,73.0911063
"Renuka Nursing Home, Thane","Govardhan Dham,1st Floor, OppositeS.T.Workshop, Ambedkar Road",Unknown,Unknown,400601,Maharashtra,Unknown,clinic,clinic,Unknown,Unknown,Unknown,19.2008612,72.9740057
OM Hospital,401 Commerce Centre Tandon Road Ramnagar Dombivli (E),Tondon Road,Dombivli,421201,Maharashtra,Unknown,hospital,hospital,Unknown,Unknown,Unknown,19.2140741,73.0869187
Vartak Nursing Home,"Near Sainath Temple, 3 Petrol Pump, Ghantali Road",Unknown,Unknown,400602,Maharashtra,Unknown,clinic,Unknown,Unknown,Unknown,Unknown,19.1929866,72.9710948
Shriram Nursing Home,"Jay Jay Shriram, Rajaji Path, Ramnagar,Dombivli",Unknown,Unknown,421201,Maharashtra,Unknown,clinic,Unknown,Unknown,Unknown,Unknown,19.2158141,73.0850431
Dr Upasani Shriram Hospital,"Jay Jay Shriram, Rajaji Path, Ramnagar,Dombivli",Unknown,Unknown,421201,Maharashtra,Unknown,clinic,Unknown,Unknown,Unknown,Unknown,19.2158426,73.0851062
"Pooja Hospital, Thane","9/10, Shridhar Smruti, Gpkhale Road Behind Deodhar Hospital, Naupada",Unknown,Unknown,400605,Maharashtra,Unknown,hospital,Unknown,Unknown,Unknown,Unknown,19.1912704,72.9567289
Shree Eye Clinic,"Rh No: 14, National C H S Behind Airoli Bus Depot Sector-3 Navi Mumbai",Unknown,Unknown,400708,Maharashtra,Unknown,clinic,Unknown,Unknown,Unknown,Unknown,19.1567969,72.998039
Orhtocare Hospital,"1st Floor, Gautam Chambers, Near Punjani Industrial Estate Near Tmc School No.13",Unknown,Unknown,400602,Maharashtra,Unknown,hospital,Unknown,Unknown,Unknown,Unknown,19.1972206,72.9714315
Shree Eye Hospital,"Dosti Imperia, 1st Floor, Opposite RMall, Near Chitalsar Police Station Ghodbunder Road, Manpada",Unknown,Unknown,400602,Maharashtra,Unknown,hospital,hospital,Unknown,Unknown,Unknown,19.2322347,72.976079
Veena Nagar Health Care Center and Hospital,"C-1, Shivkrishna Dham, Lal Bahadur Shastri Marg, Mulund West",Unknown,Unknown,400080,Maharashtra,Unknown,hospital,Unknown,Unknown,Unknown,Unknown,19.1748655,72.9422598
Dr. Simandhar's Eye Care Centre,"Sai Prasad Sociman Rd, Patil Nagar, Thane West",Unknown,Unknown,400604,Maharashtra,Unknown,hospital,Unknown,Unknown,Unknown,Unknown,19.2073912,72.9545698
Kaveri Hospital,"Ground Floor, Hiral Apartments, Manpada Road, Opposite Pandurang Vidyalya, Dombivli",Unknown,Unknown,421201,Maharashtra,Unknown,hospital,Unknown,Unknown,Unknown,Unknown,19.2101704,73.0936141
Shweta Nursing Home,"Manas Residency A Wing, 1st Floor, Veer Savarkar Marg, 3 Petrol Pump, Thane West",Unknown,Unknown,400602,Maharashtra,Unknown,clinic,Unknown,Unknown,Unknown,Unknown,19.1929942,72.9705624
Jeevandeep Hospital and Critical Care Centre,"Laxmi Darshan Chs, Off Manpada Road ,Shrikhande Wadi,Opposite Akshay Hsp,Dombivli East",Unknown,Unknown,421201,Maharashtra,Unknown,hospital,Unknown,Unknown,Unknown,Unknown,19.2124879,73.0918613
Dr.Kshirsagars Nursing Home,Thane(W),Unknown,Unknown,400602,Maharashtra,Unknown,clinic,clinic,Unknown,Unknown,Unknown,19.2035582,72.9727846
"Snehal Hospital, Thane","Udyam OppositeBank Of Baroda, Gokhale Road, Naupa",Unknown,Unknown,400602,Maharashtra,Unknown,clinic,Unknown,Unknown,Unknown,Unknown,19.1875821,72.9720028
Aaditya Netralaya,"Maruti Darshan, C Wing, 2nd Floor, Mulund East",Unknown,Unknown,400081,Maharashtra,Unknown,hospital,Unknown,Unknown,Unknown,Unknown,19.1691361,72.9594333
Anand Hospital and Heart Cure Unit;Omega Clinic,"Mahatma Gandhi Rd, Vishnu Nagar, Dombivli West","Shreekalp C.H.S., Mahatma Gandhi Cross Road, Beside Everest Hall, Opp. Railway Station, Dombivli West","Thane- Maharashtra, India",421201;421202,Maharashtra,Unknown,hospital;clinic,clinic,Unknown,https://www.drmanan.in/,Unknown,19.2186008,73.0863004
Aditya Orthopedic Hospital,"Ghodbunder Rd, Sainath Nagar, Majiwada, Thane",Unknown,Unknown,400601,Maharashtra,Unknown,hospital,hospital,Unknown,Unknown,Unknown,19.2135618,72.977964
Apex Kidney Care (Dialysisnetworks),Mulund,Unknown,Unknown,400080,Maharashtra,Unknown,hospital,Unknown,Unknown,Unknown,Unknown,19.1737818,72.9537423
Prakruti Hospital,"1st Floor, Siddheshwar Arcade, Opposite Manisha Nagar, Gate No-1, Old Mumbai-Pune Road, Kalwa",Unknown,Unknown,400605,Maharashtra,Unknown,hospital,Unknown,Unknown,Unknown,Unknown,19.1968027,72.9919088
Sai Shraddha Hospital,"1st Floor, Klassic Apartment, Kopar Road, Dombivili West, Mumbai",Unknown,Unknown,421202,Maharashtra,Unknown,hospital,Unknown,Unknown,Unknown,Unknown,19.2150657,73.0801447
Dr Waghmares Life Line Hospital and Iccu,"Nr Payal Cinema, 646, 1st Floor Near Telephone Exchage . Bhiwandi",Unknown,Unknown,421308,Maharashtra,Unknown,hospital,Unknown,Unknown,Unknown,Unknown,19.2922714,73.0553668
Vertex Hospital,"Veena Nagar Phase Ii, Near Swapna Nagari Tulsi Pipe Line Road, Mulund(W)",Unknown,Unknown,400080,Maharashtra,Unknown,hospital,Unknown,Unknown,Unknown,Unknown,19.1809728,72.9425508
"Ashirwad Hospital, Bhiwandi",117 2nd Floor R.K Business Centre Opposite Gopal Nagar Kalyan Naka Bhiwandi,Unknown,Unknown,421308,Maharashtra,Unknown,hospital,Unknown,Unknown,Unknown,Unknown,19.2975004,73.0637223
Modi Hospital - Thane,"Shreenagar, Wagle Estate, Thane (West)",Unknown,Unknown,400604,Maharashtra,Unknown,hospital,Unknown,Unknown,Unknown,Unknown,19.1888518,72.9459263
Netra Sanjeevani Eye Center,Dombivali,Unknown,Unknown,421201,Maharashtra,Unknown,hospital,Unknown,Unknown,Unknown,Unknown,19.2175775,73.088192
Dr. Ravi's Clinic Nursing Home and New Born Centre,"Internal Lokpuram Road, Pokhran Road, Thane (W)",Unknown,Unknown,400610,Maharashtra,Unknown,clinic,clinic,Unknown,Unknown,Unknown,19.226542,72.969574
Mokashi Nursing Home,"Dr. Moose Road,Talaopali.",Unknown,Unknown,400602,Maharashtra,Unknown,clinic,Unknown,Unknown,Unknown,Unknown,19.1916928,72.9744369
Jyotimay Eye Hospital,"104/105, Kaalika Tower, Kolbad Road, Opp. Pratap Cinema, Khopat",Unknown,Unknown,400601,Maharashtra,Unknown,hospital,hospital,Unknown,Unknown,Unknown,19.2036861,72.9743792
Lifeline Hospital Thane,"Shiv Tower, Opposite TJSB Bank, Thane West, Thane",Unknown,Unknown,400601,Maharashtra,Unknown,hospital,hospital,Unknown,Unknown,Unknown,19.2026156,72.9722268
Bhadkamkar Hospital,"Near Commissioner Office, Yeshwant Apartment, Thane West",Unknown,Unknown,400601,Maharashtra,Unknown,hospital,Unknown,Unknown,Unknown,Unknown,19.1949206,72.9812577
Government Hospital Anjur,Madhyamik marathi school,Unknown,Unknown,421302,Maharashtra,Unknown,hospital,Unknown,Unknown,Unknown,Unknown,19.2203899,73.0457007
"BARC CHSS Dispensary, Dombivali, Thakurwadi","Thakurwadi, Kalu Nagar, Dombivli West",Unknown,Unknown,421202,Maharashtra,Unknown,clinic,centre,Unknown,Unknown,Unknown,19.224444,73.078455
"PHC, Nilaje","Kolegaon-Dombivali Road, Near Palava Sub-Station, Niljegaon",Unknown,Unknown,421204,Maharashtra,Unknown,Unknown,centre,Unknown,Unknown,Unknown,19.160601,73.088377
TMC Dhokali Health Centre,"Dhokali Health Centre, Sukur Garden, Kolshet Road, Dhokali, Thane West",Unknown,Unknown,400607,Maharashtra,Unknown,Unknown,centre,Unknown,Unknown,Unknown,19.227991,72.980526
TMC Kalwa Health Centre,"Kalwa Health Centre, Chhatrapati Shivaji Maharaj Hospital, Kalwa Naka, Kalwa West",Unknown,Unknown,400605,Maharashtra,Unknown,Unknown,centre,Unknown,Unknown,Unknown,19.192343,72.986771
TMC Kopri Health Centre,"Kopri Maternity Centre, Siddartha Nagar, Thane East, Dhobi ghat",Unknown,Unknown,400603,Maharashtra,Unknown,Unknown,centre,Unknown,Unknown,Unknown,19.181999,72.971466
Rajiv Gandhi Medical College Thane,"CSMH Hospital, Kalwa Naka, Kalwa (W), kalwa TMT bus depo agar",Unknown,Unknown,400605,Maharashtra,Unknown,hospital,Unknown,Unknown,Unknown,Unknown,19.19344,72.988038
TMC Kharegaon Health Centre,"Kharegaon Health Centre, Kharegaon Municipal School, Kharegaon, Kalwa West",Unknown,Unknown,400605,Maharashtra,Unknown,Unknown,centre,Unknown,Unknown,Unknown,19.207316,72.999755
NMMC MCH Airoli,"Rajrishi Shahu Maharajah Marg, Near Navi Mumbai Mahanagar Palika, Airoli",Unknown,Unknown,400708,Maharashtra,Unknown,hospital,Unknown,Unknown,Unknown,Unknown,19.1565434,72.997212
"UHC, Digha","Near Hindmata Vidyalaya, Digha",Unknown,Unknown,400708,Maharashtra,Unknown,Unknown,centre,Unknown,Unknown,Unknown,19.1753207,72.9962714
"Municipality Hospital, Mumbra","Mumbra Health Centre, Anand Koliwada Road, Zainy Colony, Anand Koliwada, Near Mumbra Police Station, Mumbra East",Unknown,Unknown,400612,Maharashtra,Unknown,hospital,Unknown,Unknown,Unknown,Unknown,19.1857353,73.022636
TMC Shivaji Nagar Health Centre,"Shivaji Nagar Health Centre, Modella Compound, Padwal Nagar, Thane (W), Municipal school",Unknown,Unknown,400601,Maharashtra,Unknown,Unknown,centre,Unknown,Unknown,Unknown,19.1880493,72.9527675
TMC Veer Savarkar Nagar Health Centre,"Veer Savarkar Nagar Health Centre, Shreeram vidyalay savarkarnagar, Thane (W), Shreeram vidyalay",Unknown,Unknown,400606,Maharashtra,Unknown,Unknown,centre,Unknown,Unknown,Unknown,19.206348,72.952068
TMC Vartak Nagar Health Centre,"Vartak Nagar Health Centre, 10, Smelting Koros Road, Kores, Lokmanya Nagar, Vartak Nagar, Thane West",Unknown,Unknown,400606,Maharashtra,Unknown,Unknown,centre,Unknown,Unknown,Unknown,19.2118174,72.9573365
M.T. Agrawal Hospital,"Mahakavi Kalidas Road, Near B.M.C.T. Ward Office, Mulund",Unknown,Unknown,400080,Maharashtra,Unknown,hospital,Unknown,Unknown,Unknown,Unknown,19.1753236,72.9510961
TMC Balkum Maternity Centre,"Balkum Maternity Centre, Balkum, Majiwada Thane West",Unknown,Unknown,400608,Maharashtra,Unknown,Unknown,centre,Unknown,Unknown,Unknown,19.221577,72.991591
TMC Wagle Estate Health Centre,"Wagle Estate Health Centre, 15, Wagle Estate Road, Shivaji Nagar, Padwal Nagar, Near Wagle Estate Bus Depot, Thane West",Unknown,Unknown,400604,Maharashtra,Unknown,Unknown,centre,Unknown,Unknown,Unknown,19.1885129,72.9526788
TMC Manpada Health Centre,"Manpada Health Centre, Chitalsar, Manpada, Thane (W), In front of tikujiniwadi signal",Unknown,Unknown,400607,Maharashtra,Unknown,Unknown,centre,Unknown,Unknown,Unknown,19.2366827,72.9763713
TMC Anand Nagar Health Centre,"Thane Municipal Corporation Hospital, Haware City Road, Sai Nagar, Kasarvadavali, Behind Rutu Enclave, Anand Nagar, Thane West",Unknown,Unknown,400615,Maharashtra,Unknown,Unknown,centre,Unknown,Unknown,Unknown,19.266547,72.963232
PHC Kharbaon,"At Post Kharbaon, Village Kharbaon",Unknown,Unknown,421302,Maharashtra,Unknown,Unknown,centre,Unknown,Unknown,Unknown,19.295302,72.994986
"Indira Gandhi Memorial Hospital, Bhiwandi","Indira Gandhi Memorial Hospital Bhiwandi, Ansari Road, Near Panchayat Samiti, Kacheri Pada, Gulzar Nagar, Bhiwandi",Unknown,Unknown,421302,Maharashtra,Unknown,hospital,Unknown,Unknown,Unknown,Unknown,19.2989603,73.0670974
Unknown,Unknown,Unknown,Unknown,Unknown,Unknown,Unknown,pharmacy,Unknown,Unknown,Unknown,Unknown,19.1715919,72.957294
"Government Hospital, Mulund",Mulund West,Unknown,Unknown,400080,Maharashtra,Unknown,hospital,Unknown,Unknown,Unknown,Unknown,19.1751524,72.9526962
"SubCentre, Pimplas",Pimplas,Unknown,Unknown,421311,Maharashtra,Unknown,Unknown,centre,Unknown,Unknown,Unknown,19.2520921,73.0731945
Shree Manav Kalyan Hospital,"Shakuntla Plaza, Opp. Gurudwara, Bhawani Chowk Lodha Heaven, Nilje Gaon",Unknown,Unknown,421204,Maharastra,Unknown,hospital,Unknown,Unknown,Unknown,Unknown,19.15871,73.076519
Jyotirmay Hospital,"Tilak Road, Krishna Radha Society, Dombivli East, Dombivli",Unknown,Unknown,421201,Maharastra,Unknown,hospital,Unknown,Unknown,Unknown,Unknown,19.216336,73.091979
Horizon Hospital,"Malati Mohan Bunglow, Opp. Naupada Telephone Exchange, Thane West",Unknown,Unknown,400602,Maharastra,Unknown,hospital,Unknown,Unknown,Unknown,Unknown,19.1868009,72.967635
Ratnadeep Children's Hospitals,"Mahaveer Shopping Centre, Lodha Heaven, Palava, Dombivali(E), Nilje Gaon",Unknown,Unknown,421204,Maharastra,Unknown,hospital,Unknown,Unknown,Unknown,Unknown,19.159537,73.0756645
Dhanwantari Multispeciality Hospital,"Kalyan - Bhiwandi Road, Sapna Industrial Estate, Saravali, Bhiwandi",Unknown,Unknown,421311,Maharastra,Unknown,hospital,Unknown,Unknown,Unknown,Unknown,19.257694,73.094613
Global Hospital,"Chinchoti Anjur Phata Road, Kharbao",Unknown,Unknown,421302,Maharastra,Unknown,hospital,Unknown,Unknown,Unknown,Unknown,19.2970611,72.9964535
Anish Hospital,"Pandurang Wadi 1st Lane, New Geeta Co-Operative Housing Society, Anand Nagar, Dombivli East",Unknown,Unknown,421201,Maharastra,Unknown,hospital,Unknown,Unknown,Unknown,Unknown,19.210349,73.092665
Navjeevan Hospital,"Manpada Road, Raghuveer Nagar, Dattanagar, Dombivli East, Dombivli",Unknown,Unknown,421201,Maharastra,Unknown,hospital,Unknown,Unknown,Unknown,Unknown,19.2130359,73.0916135
Mauli Hospital,"Balkum Pada II, Thane",Unknown,Unknown,400608,Maharastra,Unknown,hospital,Unknown,Unknown,Unknown,Unknown,19.2184179,72.9905687
Suleman Mulla Hospital,"Vishwashanthi Bunglaow, Plot No-2,Tapasya Nagar, Second Rabodi, Thane West",Unknown,Unknown,400601,Maharastra,Unknown,hospital,hospital,Unknown,Unknown,Unknown,19.2038631,72.9823379
MGM Hospital,"Kalyan - Shilphata Road, Nilje Gaon",Unknown,Unknown,421204,Maharastra,Unknown,hospital,Unknown,Unknown,Unknown,Unknown,19.1668511,73.0790568
Maheshwari Multispeciality Hospital,"Coral Project, Vijay Garden Road, Kasarvadavali, Thane West",Unknown,Unknown,400615,Maharastra,Unknown,hospital,Unknown,Unknown,Unknown,Unknown,19.259228,72.970388
Parsik Hospital,"Pune Mumbai Road, Parsik Nagar, Kalwa, Thane",Unknown,Unknown,400605,Maharastra,Unknown,hospital,Unknown,Unknown,Unknown,Unknown,19.20437,73.007176
Dr. Maheshwari Hospital,"Ghodbandar Road, Kasarvadavali Road, Kasarvadavali, Thane West, Thane",Unknown,Unknown,400610,Maharastra,Unknown,hospital,Unknown,Unknown,Unknown,Unknown,19.2704915,72.9653692
Bijankur Hospital,"Kalyan - Shilphata Road, Katai Village, Nilje Gaon",Unknown,Unknown,421204,Maharastra,Unknown,hospital,Unknown,Unknown,Unknown,Unknown,19.166802,73.0789062
Janani Nursing Home & Hospital,"Vijay Park, Kasarvadavali, Thane West, Thane",Unknown,Unknown,400615,Maharastra,Unknown,hospital,Unknown,Unknown,Unknown,Unknown,19.2702597,72.9671765
Jeevan Jyot Hospital,"Satyam Apartment, Mahatma Gandhi Road, Opposite Shahu Market, Naupada, Thane West",Unknown,Unknown,400602,Maharastra,Unknown,hospital,Unknown,Unknown,Unknown,Unknown,19.187879,72.967356
Care and Cure Clinic,"Swastik Plaza, Pokharan Road, Number 2, Subhash Nagar, Thane West, Thane",Unknown,Unknown,400601,Maharastra,Unknown,clinic,clinic,Unknown,Unknown,Unknown,19.2166114,72.9721724
Galaxy Criticare Hospital,"Ghanashyam Gupte Road, Near Gopi Mall, Vishnu Nagar, Dombivli",Unknown,Unknown,421202,Maharastra,Unknown,hospital,Unknown,Unknown,Unknown,Unknown,19.2228121,73.0844634
Aadhar Hospital,"Dharmaveer Marg, Near Express Highway, Dandekar Colony, Panch Pakhdi, Thane West",Unknown,Unknown,400602,Maharastra,Unknown,hospital,Unknown,Unknown,Unknown,Unknown,19.1963719,72.9634539
Tirupati Hospital,"A1-A7, Manorama Nagar, Thane West, Thane",Unknown,Unknown,400607,Maharastra,Unknown,hospital,hospital,Unknown,Unknown,Unknown,19.2350433,72.979982
Venus Hospital Multispeciality,"Kopar Cross Road, Near Amba Bhavani Temple, RBI Colony, Dombivli West",Unknown,Unknown,421202,Maharastra,Unknown,hospital,Unknown,Unknown,Unknown,Unknown,19.214393,73.078867
Lotus Hospital,"Bhandari Compound, Balaji Nagar, Bhiwandi",Unknown,Unknown,421302,Maharastra,Unknown,hospital,Unknown,Unknown,Unknown,Unknown,19.2821362,73.0429146
Apex Multispeciality Hospital & ICU,"Apex Multispeciality Hospital & Icu Kalyan Naka, Old Mumbai-Agra Road, Bhiwandi",Unknown,Unknown,421302,Maharastra,Unknown,hospital,Unknown,Unknown,Unknown,Unknown,19.296908,73.062136
Royal Hospital,"Castle Mill Agra, Runwal Nagar Road, Uthalsar, Thane West",Unknown,Unknown,400601,Maharastra,Unknown,hospital,hospital,Unknown,Unknown,Unknown,19.2046897,72.9778364
Aarambh Hospital,"F-13, Hathyogi Nikam Guruji Road, Shrirang Society, Near UCO Bank, Thane West",Unknown,Unknown,400601,Maharastra,Unknown,hospital,hospital,Unknown,Unknown,Unknown,19.205935,72.980195
Dr. Oak Hospital,"Chiplunkar Path, Behind Chaitanya Hospital, Ramnagar, Dombivli East",Unknown,Unknown,421201,Maharastra,Unknown,hospital,Unknown,Unknown,Unknown,Unknown,19.2162123,73.0891771
Platinum Hospital,"L B Yende Compound, Manpada Road, Dombivli East, Dombivli",Unknown,Unknown,421201,Maharastra,Unknown,hospital,Unknown,Unknown,Unknown,Unknown,19.2028174,73.0949273
Sai Ashutosh Hospital,"Oswal Park, Thane West, Thane",Unknown,Unknown,400606,Maharastra,Unknown,hospital,hospital,Unknown,Unknown,Unknown,19.2135151,72.9769221
Rahat Hospital,"Kaptalu Kotergate, Bhiwandi",Unknown,Unknown,421302,Maharastra,Unknown,hospital,Unknown,Unknown,Unknown,Unknown,19.299093,73.0620441
Ekta Hospital,"F- BUILDING, DEVESHREE GArdEN, Majiwada, Road, Rutu Park, Panchsheel Nagar, Thane West",Unknown,Unknown,400601,Maharastra,Unknown,hospital,hospital,Unknown,Unknown,Unknown,19.211178,72.979072
Anupam Hospital,"Chiplunkar Path, Near Ganesh Cool Drinks, Manpada, Ramnagar, Dombivl",Unknown,Unknown,421201,Maharastra,Unknown,hospital,Unknown,Unknown,Unknown,Unknown,19.2160089,73.0893366
Orion Multispeciality Hospital,"Manpada Road, Eknath Mhatre Nagar, Anand Nagar, Dombivli East, Dombivli",Unknown,Unknown,421201,Maharastra,Unknown,hospital,Unknown,Unknown,Unknown,Unknown,19.2094685,73.0936948
Sapphire Hospitals,"Kaveri Heights, Opposite Old Mhatre Talao, Premnagar, Kharegaon, Thane",Unknown,Unknown,400605,Maharastra,Unknown,hospital,Unknown,Unknown,Unknown,Unknown,19.2031879,73.0039006
Shree Ram Hospital,"Godbandar Road, Ovala, Thane",Unknown,Unknown,400607,Maharastra,Unknown,hospital,Unknown,Unknown,Unknown,Unknown,19.2763442,72.9599805
Mrudula Hospital,"MD Kini Road, Nahur, Friends Colony, Bhandup East, Mumbai",Unknown,Unknown,400080,Maharastra,Unknown,hospital,Unknown,Unknown,Unknown,Unknown,19.1517439,72.9458994
Upasani Super Speciality Hospital,"Devi Dayal Cross Road, Behind Fire Station, P&T Staff Colony, Mulund West, Mumbai",Unknown,Unknown,400080,Maharastra,Unknown,hospital,Unknown,Unknown,Unknown,Unknown,19.1745359,72.9424095
Shiv Drushti Eye & Dental Hospital Clinic,Unknown,"GBR,alfa bldg ,shop no 4 ,1 st floor,kasarvadavli naka next to hyper city mall",thane,400607,Unknown,Unknown,clinic,clinic,Unknown,https://www.shivdrushtieyedentalhospital.in/,Unknown,19.2699631,72.9647931
Vital Health,Unknown,Unknown,Unknown,Unknown,Unknown,Unknown,Unknown,alternative,Unknown,Unknown,"Mo-Fr 10:00-13:00,17:00-21:00",19.2312397,72.9696922
Hope Physiotherapy Clinic,Unknown,Unknown,Unknown,Unknown,Unknown,Unknown,Unknown,physiotherapist,Unknown,Unknown,"Mo-Fr 11:00-14:00,16:30-21:00",19.2313341,72.9697273
Enigma,Unknown,Unknown,Unknown,Unknown,Unknown,Unknown,Unknown,psychotherapist,9869028360,Unknown,Unknown,19.2313062,72.9697567
Cosmodent Dental Centre,Unknown,Unknown,Unknown,Unknown,Unknown,Unknown,dentist,dentist,"2225891963 , 22497709055",www.drtrivedicosmodent.com,"Mo-Sa 10:00-13:30,17:30-21:30",19.2314347,72.9697928
Jyot Homeo Clinic,Unknown,Unknown,Unknown,Unknown,Unknown,Unknown,Unknown,alternative,Unknown,Unknown,Unknown,19.2314053,72.9697773
Dr. Lad's Orthodontics Clinic,Unknown,Mahapalika Bhavan Marg,Thane,400602,Unknown,Unknown,dentist,dentist,+912225378130,http://www.drladsortho.com/,"Mo-Sa 10:00-13:00,17:00-20:00",19.1979079,72.9665332
Dentistree Imaging,Unknown,Unknown,Unknown,Unknown,Unknown,Unknown,dentist,dentist,Unknown,Unknown,Unknown,19.1882064,72.9722733
Charming Smiles Dental Clinic,Unknown,"Jaihind Colony,Landmark: Opp. Sudam Bhori Marg 2, Dombivli West,",Mumbai,421201,Unknown,Unknown,dentist,dentist,Unknown,https://www.smilesbysnehal.com,Unknown,19.2234966,73.0830412
"Dr Bhatias Hospital, Bhandup","Kukreja, Govind Nagar, Bhandup West, Mumbai",Bhandup Village Road,Mumbai,400078,Maharashtra,Unknown,hospital,hospital,Unknown,Unknown,Unknown,19.1522033,72.9399276
Ashirwad Critical Care Unit & Multi speciality,"Hanuman Chowk, Mulund East, Mumbai",Unknown,Unknown,400081,Maharashtra,Unknown,hospital,Unknown,Unknown,Unknown,Unknown,19.1710723,72.9586105
Zen Hospital,"Mulund West, Mumbai",Unknown,Unknown,400080,Maharashtra,Unknown,hospital,Unknown,Unknown,Unknown,Unknown,19.1721231,72.9508348
Apollo Hospital,"Thane West, Navi Mumbai",Unknown,Unknown,400601,Maharashtra,Unknown,hospital,Unknown,Unknown,Unknown,Unknown,19.1930727,72.9777045
"Civil Hospital ,Thane","Dhobi Ali, Charai, Thane",Unknown,Unknown,400601,Maharashtra,Unknown,hospital,Unknown,Unknown,Unknown,Unknown,19.1991907,72.9774014
"Primary Health Centre, Atkoneswar Nagar","Atkoneswar Nagar ,Kalwa",Unknown,Unknown,400605,Maharashtra,Unknown,Unknown,centre,Unknown,Unknown,Unknown,19.1978007,73.008456
Pranayu Multispeciality Hospital,"Harmony Arcade, 2nd Floor Govenaka, Thane, Bhiwandi",Unknown,Unknown,421311,Maharashtra,Unknown,hospital,Unknown,Unknown,Unknown,Unknown,19.2573875,73.0948681
Horizon Prime Hospital,"Vibgyor, B- Wing, Patlipada, Thane West",Unknown,Unknown,400607,Maharashtra,Unknown,hospital,Unknown,Unknown,Unknown,Unknown,19.2481804,72.9757217
Siddhivinayak Hospital,"Tulsi Dham, Vedant Complex, Vartak Nagar, Thane",Unknown,Unknown,400606,Maharashtra,Unknown,hospital,Unknown,Unknown,Unknown,Unknown,19.208752,72.9603982
Optilife Multispeciality Hospital,Dombivli,Unknown,Unknown,421201,Maharashtra,Unknown,hospital,Unknown,Unknown,Unknown,Unknown,19.2072512,73.0953991
Noble Hospital,Dombivli,Unknown,Unknown,421201,Maharashtra,Unknown,hospital,Unknown,Unknown,Unknown,Unknown,19.2174927,73.088247
Dr Vaisya Eye Center,Unknown,Unknown,Unknown,Unknown,Unknown,Unknown,hospital,hospital,Unknown,Unknown,Unknown,19.1869971,72.9733533
Radhakrishna Hospital,Unknown,Dr Hemu Kalani Road,Thane,400605,Unknown,Unknown,hospital,hospital,Unknown,Unknown,Unknown,19.1829552,72.9749344
Anant Seva Hospital,Unknown,Unknown,Unknown,Unknown,Unknown,Unknown,hospital,hospital,Unknown,Unknown,Unknown,19.1773323,72.9675883
Omega Clinic,Unknown,"Shreekalp C.H.S., Mahatma Gandhi Cross Road, Beside Everest Hall, Opp. Railway Station, Dombivli West","Thane-Maharashtra, India",421201,Unknown,Unknown,clinic,clinic,Unknown,https://www.drmanan.in/,Unknown,19.2186595,73.0863693
Dentales,Unknown,Unknown,Unknown,Unknown,Unknown,Unknown,dentist,dentist,Unknown,Unknown,Unknown,19.2328136,72.9727545
Fortizz Dental Clinic,Unknown,Unknown,Unknown,Unknown,Unknown,Unknown,dentist,dentist,Unknown,Unknown,Unknown,19.2330978,72.9729663
Derma Villa,Unknown,Unknown,Unknown,Unknown,Unknown,Unknown,doctors,doctor,Unknown,Unknown,Unknown,19.2330877,72.9728769
Dr Lal Pathlabs,Unknown,Unknown,Unknown,Unknown,Unknown,Unknown,Unknown,laboratory,Unknown,Unknown,Unknown,19.2347522,72.9757962
Gomathi Eye & Cornea Centre,"Hanuman Chowk, Mulund East",Unknown,Unknown,400081,Maharashtra,Unknown,hospital,Unknown,Unknown,Unknown,Unknown,19.1673177,72.9632883
Infinity Medisurge Centre Speciality Hospital,"Opposite Mahindra Global Gallery, Near , Tatvagyan Vidyapeeth,Ghodbunder Road",Unknown,Unknown,400601,Maharashtra,Unknown,hospital,Unknown,Unknown,Unknown,Unknown,19.2124005,72.9805872
Dr. Kaushal Malhan,Unknown,"Goregaon Link Rd, Mulund West, Mumbai- 400078,Maharashtra, India",Mumbai,400078,Unknown,Unknown,clinic,clinic,Unknown,https://www.drkaushalmalhan.in/,Available on call,19.1604812,72.9464854
Medivision Sonography Centre,Unknown,Unknown,Unknown,Unknown,Unknown,Unknown,clinic,Unknown,Unknown,Unknown,Unknown,19.1870977,72.9737862
Unknown,Unknown,Purushottam Kheraj Road,Unknown,400080,Unknown,Unknown,pharmacy,Unknown,Unknown,Unknown,Unknown,19.1673865,72.9444782
Ashwamedh Orthopaedic Hospital.,Unknown,"Near Shree Ganesh Mandir, Sansathan Mandir Road, Dombivali East","Dombivli East, Mumbai",421201,Unknown,Unknown,hospital,hospital,Unknown,Unknown,Unknown,19.2207454,73.0920977
BMC Health Centre,Unknown,Unknown,Unknown,Unknown,Unknown,Unknown,clinic,clinic,Unknown,Unknown,Unknown,19.1678618,72.9510472
Bhanushali Hospital,Unknown,Unknown,Unknown,Unknown,Unknown,Unknown,hospital,hospital,Unknown,Unknown,Unknown,19.1887405,72.9765945
Bhanushali hospital,Unknown,Unknown,Unknown,Unknown,Unknown,Unknown,hospital,hospital,Unknown,Unknown,Unknown,19.188282,72.9761226
North Florida Medical Center,Unknown,Cypress Green Dr,Jacksonville,32256,Unknown,Unknown,Unknown,alternative,904-269-2437,https://nfmcjax.com/,Mo-Fri 08:00-18:00,19.1962544,72.9680901
