OSM_Data
"{'type': 'node', 'id': 32555840, 'lat': 48.4270971, 'lon': -123.335011, 'tags': {'amenity': 'pharmacy', 'brand': 'Shoppers Drug Mart', 'brand:wikidata': 'Q1820137', 'brand:wikipedia': 'en:Shoppers Drug Mart', 'healthcare': 'pharmacy', 'name': 'Shoppers Drug Mart', 'website': 'https://www.shoppersdrugmart.ca/en/store-locator/store/208', 'website:en': 'https://www.shoppersdrugmart.ca/en/store-locator/store/208', 'website:fr': 'https://www.shoppersdrugmart.ca/fr/store-locator/store/208'}}"
"{'type': 'node', 'id': 32555843, 'lat': 48.424663, 'lon': -123.366611, 'tags': {'addr:housenumber': '641', 'addr:street': 'Fort Street', 'amenity': 'pharmacy', 'brand': 'I.D.A.', 'brand:wikidata': 'Q65553883', 'healthcare': 'pharmacy', 'name': 'I.D.A.', 'name:en': 'I.D.A', 'operator': 'Rexall'}}"
"{'type': 'node', 'id': 247822977, 'lat': 48.4291697, 'lon': -123.330457, 'tags': {'amenity': 'pharmacy', 'branch': 'Forbes Pharmacy', 'brand': 'I.D.A.', 'brand:wikidata': 'Q65553883', 'healthcare': 'pharmacy', 'name': 'I.D.A.', 'opening_hours': 'Mo-Fr 09:00-19:00; Sa,Su 10:00-17:00', 'operator': 'IDA'}}"
"{'type': 'node', 'id': 282619693, 'lat': 48.4612468, 'lon': -123.2958735, 'tags': {'amenity': 'doctors', 'healthcare': 'doctor', 'healthcare:speciality': 'ophthalmology', 'name': 'Amanda Weinerman Optometry Clinic'}}"
"{'type': 'node', 'id': 282619707, 'lat': 48.4608923, 'lon': -123.2970002, 'tags': {'addr:city': 'Victoria', 'addr:housenumber': '3825', 'addr:postcode': 'V8N 4G1', 'addr:street': 'Cadboro Bay Road', 'amenity': 'pharmacy', 'dispensing': 'yes', 'name': 'Heart Pharmacy', 'opening_hours': 'Mo-Sa 09:00-18:00, Su 12:00-17:00', 'phone': '+1-250-477-2131', 'website': 'https://www.heartpharmacy.com/'}}"
"{'type': 'node', 'id': 282812739, 'lat': 48.4699326, 'lon': -123.362532, 'tags': {'amenity': 'pharmacy', 'brand': 'London Drugs', 'brand:wikidata': 'Q3258955', 'healthcare': 'pharmacy', 'name': 'London Drugs', 'opening_hours': 'Mo-Sa 09:00-22:00; Su 10:00-20:00', 'shop': 'department_store', 'wheelchair': 'yes'}}"
"{'type': 'node', 'id': 313854847, 'lat': 49.0914573, 'lon': -123.0792612, 'tags': {'amenity': 'pharmacy', 'brand': 'London Drugs', 'brand:wikidata': 'Q3258955', 'brand:wikipedia': 'en:London Drugs', 'healthcare': 'pharmacy', 'name': 'London Drugs'}}"
"{'type': 'node', 'id': 393933148, 'lat': 48.4413054, 'lon': -123.468618, 'tags': {'amenity': 'pharmacy', 'brand': 'London Drugs', 'brand:wikidata': 'Q3258955', 'brand:wikipedia': 'en:London Drugs', 'dispensing': 'yes', 'healthcare': 'pharmacy', 'name': 'London Drugs'}}"
"{'type': 'node', 'id': 429680042, 'lat': 48.4467786, 'lon': -123.487277, 'tags': {'amenity': 'pharmacy', 'dispensing': 'yes', 'name': ""Saint Anthony's Pharmacy""}}"
"{'type': 'node', 'id': 466988572, 'lat': 48.4124149, 'lon': -123.337687, 'tags': {'addr:unit': '15', 'amenity': 'pharmacy', 'healthcare': 'pharmacy', 'name': 'Heart Pharmacy IDA', 'phone': '+1-250-598-9232', 'website': 'https://www.heartpharmacy.com'}}"
"{'type': 'node', 'id': 466996274, 'lat': 48.4139867, 'lon': -123.357004, 'tags': {'amenity': 'pharmacy', 'brand': 'Rexall', 'brand:wikidata': 'Q39045377', 'brand:wikipedia': 'en:Rexall (Canada)', 'healthcare': 'pharmacy', 'name': 'Rexall'}}"
"{'type': 'node', 'id': 512001915, 'lat': 48.4968094, 'lon': -123.382628, 'tags': {'amenity': 'pharmacy', 'brand': 'Pharmasave', 'brand:wikidata': 'Q17093822', 'healthcare': 'pharmacy', 'name': 'Pharmasave'}}"
"{'type': 'node', 'id': 769442372, 'lat': 49.0850524, 'lon': -123.0647469, 'tags': {'amenity': 'pharmacy', 'healthcare': 'pharmacy', 'name': 'Harvest Drive Pharmacy'}}"
"{'type': 'node', 'id': 1044303163, 'lat': 48.8604171, 'lon': -123.510961, 'tags': {'addr:housenumber': '374', 'addr:postcode': 'V8K 2V7', 'addr:street': 'Lower Ganges Road', 'amenity': 'pharmacy', 'dispensing': 'yes', 'name': 'Country Grocer Pharmacy', 'opening_hours': 'Mo-Fr 08:00-17:30; Sa 09:00-17:00; Su 11:00-17:00', 'phone': '+1 250 538 0323', 'wheelchair': 'yes'}}"
"{'type': 'node', 'id': 1044328602, 'lat': 48.8518393, 'lon': -123.5001264, 'tags': {'healthcare': 'optometrist'}}"
"{'type': 'node', 'id': 1044328711, 'lat': 48.851649, 'lon': -123.500399, 'tags': {'amenity': 'dentist', 'healthcare': 'dentist', 'name': 'Dental Clinic'}}"
"{'type': 'node', 'id': 1224646903, 'lat': 49.0315972, 'lon': -122.8040299, 'tags': {'addr:housenumber': '15105', 'addr:street': '16 Avenue', 'amenity': 'pharmacy', 'brand': 'Shoppers Drug Mart', 'brand:wikidata': 'Q1820137', 'brand:wikipedia': 'en:Shoppers Drug Mart', 'dispensing': 'yes', 'healthcare': 'pharmacy', 'name': 'Shoppers Drug Mart', 'opening_hours': 'Mo-Su 08:00-00:00', 'website': 'https://www.shoppersdrugmart.ca/en/store-locator/store/273', 'website:en': 'https://www.shoppersdrugmart.ca/en/store-locator/store/273', 'website:fr': 'https://www.shoppersdrugmart.ca/fr/store-locator/store/273', 'wheelchair': 'yes'}}"
"{'type': 'node', 'id': 1333873695, 'lat': 48.8715029, 'lon': -123.3199232, 'tags': {'addr:city': 'Galiano', 'addr:housenumber': '908', 'addr:postcode': 'V0N 1P0', 'addr:province': 'BC', 'addr:street': 'Burrill Road', 'amenity': 'hospital', 'bed': '1', 'emergency': 'yes', 'healthcare': 'hospital', 'name': 'Galiano Health Clinic', 'name_1': 'Galiano Health Care Centre', 'note': 'limited emergency capable - will fly severe cases out', 'operator': 'Vancouver Island Health Authority'}}"
"{'type': 'node', 'id': 1445110467, 'lat': 48.7922629, 'lon': -123.1815323, 'tags': {'amenity': 'clinic', 'name': 'Saturna Medical Clinic'}}"
"{'type': 'node', 'id': 1521664825, 'lat': 48.4326456, 'lon': -123.380311, 'tags': {'addr:housenumber': '172', 'addr:postcode': 'V9A 7N6', 'addr:street': 'Wilson Street', 'amenity': 'pharmacy', 'brand': 'Save-On-Foods', 'brand:wikidata': 'Q7427974', 'brand:wikipedia': 'en:Save-On-Foods', 'drive_through': 'no', 'healthcare': 'pharmacy', 'name': 'Save-On-Foods', 'shop': 'supermarket', 'wheelchair': 'yes'}}"
"{'type': 'node', 'id': 1751879650, 'lat': 48.6522343, 'lon': -123.5587979, 'tags': {'addr:city': 'Mill Bay', 'addr:housenumber': '2720', 'addr:postcode': 'V0R 2P0', 'addr:street': 'Mill Bay Road', 'addr:unit': '11-A', 'amenity': 'pharmacy', 'dispensing': 'yes', 'name': 'Pharmasave', 'opening_hours': 'Su 11:00-17:00; Mo-Fr 09:00-19:00; Sa 09:00-18:00', 'phone': '+1-250-743-9011', 'website': 'https://www.pharmasave.com/'}}"
"{'type': 'node', 'id': 1874008311, 'lat': 49.1056744, 'lon': -122.8003366, 'tags': {'addr:city': 'Surrey', 'addr:housenumber': '5680', 'addr:postcode': 'V3S 3K2', 'addr:street': '152 Street', 'addr:unit': '#103', 'amenity': 'dentist', 'healthcare': 'dentist', 'healthcare:speciality': 'dentist;dentistry', 'name': 'Southridge Dental - Family & Cosmetic Dentistry', 'opening_hours': 'Mo,Tu,Th,Fr 08:30-16:30; We 11:30-19:00; Sa 08:00-16:00', 'operator': 'San Bhatha, DDS', 'payment:credit_cards': 'yes', 'payment:debit_cards': 'yes', 'payment:financing': 'yes', 'phone': '+1-604-575-1555', 'website': 'https://www.southridgedental.ca/'}}"
"{'type': 'node', 'id': 2086186323, 'lat': 48.4545813, 'lon': -123.394938, 'tags': {'amenity': 'pharmacy', 'healthcare': 'pharmacy', 'level': '0', 'shop': 'chemist', 'wheelchair': 'yes'}}"
"{'type': 'node', 'id': 2189311479, 'lat': 48.4549183, 'lon': -123.3586766, 'tags': {'amenity': 'pharmacy', 'healthcare': 'pharmacy', 'name': 'Thrifty Foods'}}"
"{'type': 'node', 'id': 2377522998, 'lat': 48.5342103, 'lon': -123.017263, 'tags': {'addr:city': 'Friday Harbor', 'addr:housenumber': '210', 'addr:postcode': '98250', 'addr:street': 'Spring Street', 'amenity': 'pharmacy', 'healthcare': 'pharmacy', 'name': 'Friday Harbor Drug', 'phone': '+1-360-378-4421', 'shop': 'chemist'}}"
"{'type': 'node', 'id': 2377523004, 'lat': 48.5321056, 'lon': -123.021897, 'tags': {'amenity': 'clinic', 'healthcare': 'clinic'}}"
"{'type': 'node', 'id': 2459691646, 'lat': 48.5332529, 'lon': -123.020889, 'tags': {'amenity': 'dentist', 'healthcare': 'dentist', 'name': 'TheTooth Ferry'}}"
"{'type': 'node', 'id': 2760035447, 'lat': 48.1131119, 'lon': -123.4168999, 'tags': {'amenity': 'pharmacy', 'brand': 'Walgreens', 'brand:wikidata': 'Q1591889', 'healthcare': 'pharmacy', 'name': 'Walgreens'}}"
"{'type': 'node', 'id': 2760035448, 'lat': 48.1127824, 'lon': -123.4348063, 'tags': {'amenity': 'pharmacy', 'brand': 'Rite Aid', 'brand:wikidata': 'Q3433273', 'check_date': '2024-06-19', 'healthcare': 'pharmacy', 'name': 'Rite Aid', 'website': 'https://www.riteaid.com/locations/wa/port-angeles/621-south-lincoln-st.html'}}"
"{'type': 'node', 'id': 3219691299, 'lat': 48.4362657, 'lon': -123.3395067, 'tags': {'addr:housenumber': '1508', 'addr:street': 'Haultain Street', 'amenity': 'clinic', 'healthcare': 'alternative', 'healthcare:speciality': 'acupuncture', 'name': 'Hemma Community Acupuncture', 'opening_hours': 'Mo-Tu 09:00-18:00, We-Th 09:00-19:00, Fr 13:00-18:00, Sa 09:00-14:00, Su 11:00-16:00', 'phone': '+1 778 265-6666', 'website': 'https://hemma.ca/'}}"
"{'type': 'node', 'id': 3301490351, 'lat': 48.4290325, 'lon': -123.364191, 'tags': {'addr:city': 'Victoria', 'addr:housenumber': '1675', 'addr:postcode': 'V8W 2G5', 'addr:street': 'Douglas Street', 'amenity': 'clinic', 'brand': 'LASIK MD', 'brand:wikidata': 'Q3205934', 'healthcare': 'clinic', 'healthcare:speciality': 'ophthalmology', 'name': 'LASIK MD', 'phone': '+1-250-412-1111', 'website': 'http://www.lasikmd.com/victoria'}}"
"{'type': 'node', 'id': 3309064981, 'lat': 49.1051121, 'lon': -122.8027972, 'tags': {'addr:housenumber': '15157', 'addr:street': 'Highway 10', 'amenity': 'pharmacy', 'brand': 'Shoppers Drug Mart', 'brand:wikidata': 'Q1820137', 'brand:wikipedia': 'en:Shoppers Drug Mart', 'healthcare': 'pharmacy', 'name': 'Shoppers Drug Mart', 'website': 'https://www.shoppersdrugmart.ca/en/store-locator/store/2270', 'website:en': 'https://www.shoppersdrugmart.ca/en/store-locator/store/2270', 'website:fr': 'https://www.shoppersdrugmart.ca/fr/store-locator/store/2270'}}"
"{'type': 'node', 'id': 3489882132, 'lat': 48.4356751, 'lon': -123.387345, 'tags': {'addr:city': 'Victoria', 'addr:housenumber': '1008', 'addr:postcode': 'V9A 3X6', 'addr:street': 'Russell Street', 'amenity': 'clinic', 'healthcare': 'clinic', 'name': 'Stillpoint Community Acupuncture', 'opening_hours': 'Su 10:00-13:00; Mo 08:00-12:00; Tu 15:00-19:00; We 08:00-12:00,15:00-19:00; Th 15:00-19:00; Fr 15:00-19:00', 'phone': '+1-250-590-7818', 'website': 'https://stillpoint-clinic.com/'}}"
"{'type': 'node', 'id': 3489896323, 'lat': 48.4335461, 'lon': -123.515854, 'tags': {'addr:city': 'Langford', 'addr:housenumber': '3212', 'addr:postcode': 'V9B 0J5', 'addr:street': 'Jacklin Road', 'healthcare': 'acupuncture', 'name': 'Stillpoint Community Acupuncture', 'opening_hours': 'Mo 15:00-19:00; Tu 15:00-19:00; We 08:00-12:00; Th 15:00-19:00; Fr 08:00-12:00; Sa 10:00-13:00', 'phone': '+1-250-590-7818', 'website': 'https://stillpoint-clinic.com/'}}"
"{'type': 'node', 'id': 3531137353, 'lat': 48.8516182, 'lon': -123.4991857, 'tags': {'addr:housenumber': '149', 'healthcare': 'alternative', 'name': 'Pathway to Wellness', 'opening_hours': 'Mo-We 09:00-18:00'}}"
"{'type': 'node', 'id': 3638072409, 'lat': 48.8524092, 'lon': -123.499581, 'tags': {'amenity': 'pharmacy', 'brand': 'Pharmasave', 'brand:wikidata': 'Q17093822', 'healthcare': 'pharmacy', 'name': 'Pharmasave', 'opening_hours': 'Mo-Fr 08:30-18:00; Sa 09:00-18:00; Su 11:00-17:00', 'wheelchair': 'yes'}}"
"{'type': 'node', 'id': 3682668558, 'lat': 49.1044892, 'lon': -122.738934, 'tags': {'addr:city': 'Surrey', 'addr:housenumber': '17475', 'addr:province': 'BC', 'addr:street': 'Highway 10', 'addr:unit': '150', 'amenity': 'pharmacy', 'brand': 'Rexall', 'brand:wikidata': 'Q39045377', 'brand:wikipedia': 'en:Rexall (Canada)', 'dispensing': 'yes', 'healthcare': 'pharmacy', 'name': 'Rexall', 'opening_hours': 'Mo-Fr 08:00-20:00; Sa-Su 09:00-1800; PH 10:00-18:00', 'operator': 'Rexall', 'phone': '+1-604-576-7823', 'ref': '7157', 'website': 'https://www.rexall.ca/'}}"
"{'type': 'node', 'id': 3759171107, 'lat': 48.6948347, 'lon': -122.906038, 'tags': {'amenity': 'pharmacy', 'healthcare': 'pharmacy', 'name': ""Ray's Pharmacy"", 'official_name': ""Ray's General Store & Pharmacy""}}"
"{'type': 'node', 'id': 3762702828, 'lat': 48.442482, 'lon': -123.469811, 'tags': {'addr:housenumber': '1880', 'addr:street': 'Island Highway', 'addr:unit': '102', 'amenity': 'pharmacy', 'brand': 'Rexall', 'brand:wikidata': 'Q39045377', 'brand:wikipedia': 'en:Rexall (Canada)', 'healthcare': 'pharmacy', 'name': 'Rexall'}}"
"{'type': 'node', 'id': 3783873901, 'lat': 48.6491991, 'lon': -123.404749, 'tags': {'amenity': 'pharmacy', 'brand': 'Pharmasave', 'brand:wikidata': 'Q17093822', 'healthcare': 'pharmacy', 'name': 'Pharmasave'}}"
"{'type': 'node', 'id': 3801563931, 'lat': 48.5249147, 'lon': -122.915042, 'tags': {'addr:city': 'Lopez Island', 'addr:housenumber': '352', 'addr:postcode': '98261', 'addr:state': 'WA', 'addr:street': 'Lopez Road', 'amenity': 'pharmacy', 'healthcare': 'pharmacy', 'name': 'Lopez Island Pharmacy', 'phone': '+1-360-468-2616', 'website': 'https://lopezislandpharmacy.com/'}}"
"{'type': 'node', 'id': 4076764082, 'lat': 48.4443669, 'lon': -123.369127, 'tags': {'amenity': 'pharmacy', 'brand': 'Rexall', 'brand:wikidata': 'Q39045377', 'brand:wikipedia': 'en:Rexall (Canada)', 'healthcare': 'pharmacy', 'name': 'Rexall', 'opening_hours': 'Mo-Fr 08:30-17:00; Sa 09:00-17:00'}}"
"{'type': 'node', 'id': 4076921068, 'lat': 48.4328916, 'lon': -123.380329, 'tags': {'addr:housenumber': '173', 'addr:street': 'Wilson Street', 'amenity': 'dentist', 'healthcare': 'dentist', 'name': 'Westside Dentistry'}}"
"{'type': 'node', 'id': 4076987139, 'lat': 48.4330299, 'lon': -123.3803987, 'tags': {'healthcare': 'physiotherapist', 'name': 'Physiotherapy'}}"
"{'type': 'node', 'id': 4208246525, 'lat': 49.0906336, 'lon': -123.085693, 'tags': {'addr:housenumber': '4827', 'addr:street': 'Delta Street', 'amenity': 'dentist', 'healthcare': 'dentist', 'name': 'Ladner Village Dental', 'website': 'https://www.ladnervillagedental.com'}}"
"{'type': 'node', 'id': 4208246804, 'lat': 49.0890871, 'lon': -123.0842056, 'tags': {'addr:housenumber': '5028', 'addr:street': '47A Avenue', 'amenity': 'dentist', 'healthcare': 'dentist', 'name': 'Ladner Dental Clinic', 'opening_hours': 'Mo-Tu,Th 08:00-17:00; We 08:30-20:00; Fr 08:00-15:00', 'phone': '+1-604-946-2511', 'website': 'https://www.ladnerdental.com'}}"
"{'type': 'node', 'id': 4216853629, 'lat': 49.0245282, 'lon': -123.070566, 'tags': {'addr:city': 'Delta', 'addr:housenumber': '5550', 'addr:postcode': 'V4M4C2', 'addr:province': 'BC', 'addr:street': '12 Avenue', 'addr:town': 'Tsawwassen', 'alt_name': 'Tsawwassen Dental Clinic', 'amenity': 'dentist', 'contact:email': 'reception@robertsdental.ca', 'contact:facebook': 'https://www.facebook.com/tsawwassendentalclinic', 'contact:instagram': 'robertsdental', 'contact:twitter': '@DentalRoberts', 'contact:website': 'https://robertsdental.ca/contact/', 'contact:yelp': 'https://www.yelp.ca/biz/roberts-dental-and-facial-rejuvenation-tsawwassen-2', 'contact:youtube': 'https://www.youtube.com/channel/UCK-f_m8qBBwFSw1bzCPsqKg', 'email': 'reception@robertsdental.ca', 'healthcare': 'dentist', 'healthcare:speciality': 'general;cosmetic;dentist;dentistry;cosmetic_dentistry;General_&_Esthetic_Dentistry;Sleep_/_Snoring_Assessment;Children’s_Routine_Dentistry;Cosmetic_&_Therapeutic_Injectables;Microneedling;Tsawwassen_Dental_Clinic', 'image': 'https://robertsdental.ca/wp-content/uploads/2019/10/cropped-Roberts-Dental-01-3.png', 'level': '0', 'lgbtq': 'welcome', 'name': 'Roberts Dental & Facial Rejuvenation', 'opening_hours': 'Mo 09:00-17:00; Tu 09:00-17:00; We 09:00-17:00; Th 09:00-17:00; Fr 09:00-17:00; Sa 09:00-15:00', 'operator': 'Dr. Janet Roberts', 'payment:cash': 'yes', 'payment:credit_cards': 'yes', 'payment:debit_cards': 'yes', 'payment:mastercard': 'yes', 'payment:visa': 'yes', 'phone': '+1-604-943-3343', 'website': 'https://robertsdental.ca', 'wheelchair': 'yes'}}"
"{'type': 'node', 'id': 4249863776, 'lat': 48.6515701, 'lon': -123.5590003, 'tags': {'healthcare': 'alternative', 'healthcare:speciality': 'chiropractic'}}"
"{'type': 'node', 'id': 4249863777, 'lat': 48.6514979, 'lon': -123.5581925, 'tags': {'healthcare': 'optometrist'}}"
"{'type': 'node', 'id': 4249863780, 'lat': 48.6516443, 'lon': -123.5589907, 'tags': {'healthcare': 'alternative', 'healthcare:speciality': 'cosmetology', 'name': 'Renu Laser & Skin Care'}}"
"{'type': 'node', 'id': 4251837508, 'lat': 48.5771777, 'lon': -123.4478899, 'tags': {'amenity': 'pharmacy', 'name': 'Pharmasave'}}"
"{'type': 'node', 'id': 4258009519, 'lat': 48.6475426, 'lon': -123.397506, 'tags': {'brand': 'LifeLabs', 'brand:wikidata': 'Q109319451', 'healthcare': 'laboratory', 'healthcare:speciality': 'blood_check', 'name': 'LifeLabs'}}"
"{'type': 'node', 'id': 4308189297, 'lat': 48.6498214, 'lon': -123.4004366, 'tags': {'amenity': 'dentist', 'healthcare': 'dentist', 'name': 'Fine Dentistry'}}"
"{'type': 'node', 'id': 4308216454, 'lat': 48.6500938, 'lon': -123.3963921, 'tags': {'amenity': 'doctors', 'healthcare': 'doctor', 'healthcare:speciality': 'chiropractor', 'name': 'Mark A Galloway'}}"
"{'type': 'node', 'id': 4308216455, 'lat': 48.6498977, 'lon': -123.3963938, 'tags': {'healthcare': 'audiologist', 'name': 'McNeill Audiology'}}"
"{'type': 'node', 'id': 4308252347, 'lat': 48.6475563, 'lon': -123.3995453, 'tags': {'amenity': 'clinic', 'healthcare': 'clinic', 'name': 'Associated Physicians Walk-In Clinic'}}"
"{'type': 'node', 'id': 4308252352, 'lat': 48.6475563, 'lon': -123.399362, 'tags': {'addr:city': 'Sidney', 'addr:housenumber': '2425B', 'addr:postcode': 'V8L 4R7', 'addr:province': 'BC', 'addr:street': 'Bevan Avenue', 'amenity': 'pharmacy', 'dispensing': 'yes', 'drive_through': 'no', 'email': 'sidney@heartpharmacy.com', 'fax': '+1-250-656-0757', 'healthcare': 'pharmacy', 'name': 'Sidney Pharmacy', 'opening_hours': 'Mo-Fr 09:00-17:00', 'phone': '+1-250-656-0744', 'website': 'https://sidneypharmacy.ca/'}}"
"{'type': 'node', 'id': 4308257273, 'lat': 48.6480839, 'lon': -123.3998774, 'tags': {'amenity': 'dentist', 'healthcare': 'dentist', 'name': 'Denture Clinic'}}"
"{'type': 'node', 'id': 4308297308, 'lat': 48.6480837, 'lon': -123.4031679, 'tags': {'amenity': 'pharmacy', 'brand': 'Shoppers Drug Mart', 'brand:wikidata': 'Q1820137', 'healthcare': 'pharmacy', 'name': 'Shoppers Drug Mart', 'website': 'https://www.shoppersdrugmart.ca/en/store-locator/store/242', 'website:en': 'https://www.shoppersdrugmart.ca/en/store-locator/store/242', 'website:fr': 'https://www.shoppersdrugmart.ca/fr/store-locator/store/242'}}"
"{'type': 'node', 'id': 4308297703, 'lat': 48.6475522, 'lon': -123.4009068, 'tags': {'amenity': 'clinic', 'healthcare': 'clinic', 'name': 'Bevan Avenue Walk-In Medical Clinic'}}"
"{'type': 'node', 'id': 4336460110, 'lat': 48.4233201, 'lon': -123.3545838, 'tags': {'addr:housenumber': '1089', 'addr:street': 'Fort Street', 'amenity': 'pharmacy', 'description': 'Pharmacy, sterile laboratory, veterinary compounding', 'healthcare': 'pharmacy', 'name': 'Victoria Compounding Pharmacy', 'website': 'www.WeCompound.com'}}"
"{'type': 'node', 'id': 4337952872, 'lat': 48.4488194, 'lon': -123.398274, 'tags': {'addr:housenumber': '2947', 'addr:street': 'Tillicum Road', 'amenity': 'pharmacy', 'brand': 'Shoppers Drug Mart', 'brand:wikidata': 'Q1820137', 'check_date:opening_hours': '2024-05-28', 'dispensing': 'yes', 'healthcare': 'pharmacy', 'opening_hours': 'Mo-Fr 08:00-21:00; Sa 09:00-19:00; Su 10:00-18:00; Dec 24-25 08:00-21:00 unknown', 'operator': 'Shoppers Drug Mart', 'phone': '+1-250-383-7702', 'website': 'https://www.shoppersdrugmart.ca/en/store-locator/store/257', 'website:en': 'https://www.shoppersdrugmart.ca/en/store-locator/store/257', 'website:fr': 'https://www.shoppersdrugmart.ca/fr/store-locator/store/257', 'wheelchair': 'yes'}}"
"{'type': 'node', 'id': 4341939689, 'lat': 48.9256164, 'lon': -123.7273793, 'tags': {'amenity': 'pharmacy', 'name': 'Pharmasave'}}"
"{'type': 'node', 'id': 4343692351, 'lat': 48.4295053, 'lon': -123.411182, 'tags': {'amenity': 'dentist', 'healthcare': 'dentist', 'name': 'Anchor Dental'}}"
"{'type': 'node', 'id': 4343692591, 'lat': 48.4296068, 'lon': -123.411131, 'tags': {'amenity': 'clinic', 'healthcare': 'clinic', 'name': 'Esquimalt Optical'}}"
"{'type': 'node', 'id': 4343692592, 'lat': 48.4292238, 'lon': -123.4100003, 'tags': {'amenity': 'pharmacy', 'brand': 'Pharmasave', 'brand:wikidata': 'Q17093822', 'brand:wikipedia': 'en:Pharmasave', 'healthcare': 'pharmacy', 'name': 'Pharmasave'}}"
"{'type': 'node', 'id': 4356805009, 'lat': 48.447096, 'lon': -123.3709845, 'tags': {'amenity': 'dentist', 'healthcare': 'dentist', 'level': '0', 'name': 'Mayfair Dental Centre'}}"
"{'type': 'node', 'id': 4394390128, 'lat': 48.653936, 'lon': -123.62276, 'tags': {'addr:housenumber': '1769', 'addr:street': 'Shawnigan Lake-Mill Bay Road', 'amenity': 'pharmacy', 'healthcare': 'pharmacy', 'name': 'Island Pharmacy IDA', 'source': 'CVRD'}}"
"{'type': 'node', 'id': 4402102247, 'lat': 48.4683687, 'lon': -123.3641174, 'tags': {'addr:unit': '101', 'amenity': 'clinic', 'healthcare': 'clinic', 'name': 'Island Sexual Health', 'phone': '+1-250-592-3479', 'website': 'http://IslandSexualHealth.com'}}"
"{'type': 'node', 'id': 4539942516, 'lat': 48.1157437, 'lon': -122.757386, 'tags': {'amenity': 'dentist', 'healthcare': 'dentist', 'name': 'Cunnington Dental'}}"
"{'type': 'node', 'id': 4564504075, 'lat': 48.711043, 'lon': -123.6069418, 'tags': {'amenity': 'dentist', 'healthcare': 'dentist', 'level': '2', 'name': 'Cobble Hill Dental'}}"
"{'type': 'node', 'id': 4564504080, 'lat': 48.7110534, 'lon': -123.607565, 'tags': {'healthcare': 'physiotherapist', 'level': '2', 'name': 'South Cowichan Physiotherapy'}}"
"{'type': 'node', 'id': 4564504081, 'lat': 48.7109864, 'lon': -123.6077786, 'tags': {'amenity': 'pharmacy', 'name': 'Island Pharmacy', 'operator': 'IDA'}}"
"{'type': 'node', 'id': 4680520557, 'lat': 48.4234306, 'lon': -123.361139, 'tags': {'addr:unit': '101', 'healthcare': 'optometrist', 'name': 'Victoria Vision Eye Care', 'opening_hours': 'Mo 08:00-17:00; Tu 08:30-17:00; We,Th 08:30-18:00; Fr 09:00-17:00', 'phone': '+1-250-383-2821', 'shop': 'optician', 'website': 'https://www.victoriavisioneyecare.ca/'}}"
"{'type': 'node', 'id': 4681148891, 'lat': 48.4264605, 'lon': -123.369277, 'tags': {'amenity': 'clinic', 'healthcare': 'clinic', 'internet_access': 'wlan', 'name': 'Victoria Youth Clinic', 'name:en': 'Victoria Youth Clinic'}}"
"{'type': 'node', 'id': 4697747464, 'lat': 49.0472277, 'lon': -122.7982412, 'tags': {'addr:city': 'Surrey', 'addr:housenumber': '15355', 'addr:postcode': 'V4A 2H9', 'addr:province': 'BC', 'addr:street': '24 Avenue', 'addr:unit': '410', 'healthcare': 'doctor', 'healthcare:speciality': 'general', 'name': 'Highroads Medical Clinics', 'opening_hours': 'Mo,We,Fr 09:00-17:00; Tu,Th 09:00-17:30; Sa off; Su 08:30-13:30; PH off', 'operator': 'Highroads Medical Clinics', 'website': 'https://highroadsmedical.com/south-surrey-medical-clinic'}}"
"{'type': 'node', 'id': 4697747465, 'lat': 49.0460905, 'lon': -122.7987554, 'tags': {'addr:housenumber': '15355', 'addr:street': '24 Avenue', 'amenity': 'pharmacy', 'brand': 'London Drugs', 'brand:wikidata': 'Q3258955', 'brand:wikipedia': 'en:London Drugs', 'healthcare': 'pharmacy', 'name': 'London Drugs', 'opening_hours': 'Mo-Sa 09:00-22:00; Su 10:00-20:00', 'website': 'https://www.londondrugs.com/'}}"
"{'type': 'node', 'id': 4699789233, 'lat': 49.031773, 'lon': -122.804668, 'tags': {'addr:city': 'Surrey', 'addr:housenumber': '1656', 'addr:street': 'Martin Drive', 'addr:unit': '105', 'brand': 'LifeLabs', 'brand:wikidata': 'Q109319451', 'healthcare': 'laboratory', 'healthcare:speciality': 'blood_check', 'name': 'LifeLabs', 'opening_hours': 'Mo-Fr 07:00-17:00; Sa 07:00-12:00', 'website': 'https://www.lifelabs.com/'}}"
"{'type': 'node', 'id': 4826443829, 'lat': 48.4933166, 'lon': -123.388381, 'tags': {'addr:housenumber': '4480', 'addr:street': 'West Saanich Road', 'addr:unit': '102', 'brand': 'LifeLabs', 'brand:wikidata': 'Q109319451', 'healthcare': 'laboratory', 'healthcare:speciality': 'blood_check', 'name': 'LifeLabs'}}"
"{'type': 'node', 'id': 4987439024, 'lat': 48.4234448, 'lon': -123.365988, 'tags': {'amenity': 'pharmacy', 'brand': 'Rexall', 'brand:wikidata': 'Q39045377', 'brand:wikipedia': 'en:Rexall (Canada)', 'healthcare': 'pharmacy', 'name': 'Rexall'}}"
"{'type': 'node', 'id': 4988523390, 'lat': 48.4300512, 'lon': -123.367622, 'tags': {'addr:housenumber': '555', 'addr:street': 'Herald Street', 'amenity': 'doctors', 'healthcare': 'doctor', 'name': 'Victoria Chinatown Care Centre'}}"
"{'type': 'node', 'id': 5120861409, 'lat': 48.1055539, 'lon': -123.4016454, 'tags': {'amenity': 'pharmacy', 'brand': 'Rite Aid', 'brand:wikidata': 'Q3433273', 'check_date': '2024-06-19', 'healthcare': 'pharmacy', 'name': 'Rite Aid', 'website': 'https://www.riteaid.com/locations/wa/port-angeles/1940-e-1st-street.html'}}"
"{'type': 'node', 'id': 5746273403, 'lat': 48.4554543, 'lon': -123.3583089, 'tags': {'healthcare': 'rehabilitation', 'name': 'BackFit'}}"
"{'type': 'node', 'id': 5757246328, 'lat': 48.4265356, 'lon': -123.3596536, 'tags': {'addr:housenumber': '851', 'addr:street': 'Johnson Street', 'healthcare': 'alternative', 'name': 'Ageless Living Market', 'phone': '+1-778-433-1471'}}"
"{'type': 'node', 'id': 5838497287, 'lat': 48.1152169, 'lon': -122.753913, 'tags': {'amenity': 'doctors', 'healthcare': 'doctor'}}"
"{'type': 'node', 'id': 5839281926, 'lat': 48.3772685, 'lon': -123.7244442, 'tags': {'amenity': 'pharmacy', 'healthcare': 'pharmacy', 'name': 'Phamasave'}}"
"{'type': 'node', 'id': 5840210685, 'lat': 48.6943526, 'lon': -122.9037064, 'tags': {'healthcare': 'alternative', 'healthcare:speciality': 'chiropractic', 'name': 'Bradbury Chiropractic Clinic'}}"
"{'type': 'node', 'id': 5851857266, 'lat': 49.0444649, 'lon': -122.7779491, 'tags': {'addr:city': 'Surrey', 'addr:housenumber': '16050', 'addr:province': 'BC', 'addr:street': '24 Avenue', 'addr:unit': '105', 'amenity': 'pharmacy', 'brand': 'Shoppers Drug Mart', 'brand:wikidata': 'Q1820137', 'brand:wikipedia': 'en:Shoppers Drug Mart', 'dispensing': 'yes', 'drive_through': 'no', 'healthcare': 'pharmacy', 'level': '0', 'name': 'Shoppers Drug Mart', 'opening_hours': 'Mo-Su 08:00-00:00', 'website': 'https://www.shoppersdrugmart.ca/en/store-locator/store/2263', 'website:en': 'https://www.shoppersdrugmart.ca/en/store-locator/store/2263', 'website:fr': 'https://www.shoppersdrugmart.ca/fr/store-locator/store/2263', 'wheelchair': 'yes'}}"
"{'type': 'node', 'id': 5895717934, 'lat': 48.1154623, 'lon': -123.4345414, 'tags': {'healthcare': 'counselling', 'name': 'Solomons Key Counseling'}}"
"{'type': 'node', 'id': 6042860486, 'lat': 48.4497247, 'lon': -123.369167, 'tags': {'addr:unit': '208', 'brand': 'Jenny Craig', 'brand:wikidata': 'Q6179221', 'brand:wikipedia': 'en:Jenny Craig, Inc.', 'healthcare': 'counselling', 'healthcare:counselling': 'dietitian', 'healthcare:speciality': 'weight_loss', 'name': 'Jenny Craig'}}"
"{'type': 'node', 'id': 6083025726, 'lat': 48.4267491, 'lon': -123.3614776, 'tags': {'addr:city': 'Victoria', 'addr:housenumber': '805', 'addr:postcode': 'V8W 1N4', 'addr:street': 'Johnson Street', 'check_date': '2024-03-30', 'healthcare': 'yes', 'healthcare:speciality': 'physiotherapy;massage;kinesitherapy;chiropractic;accupuncture', 'name': 'Fix Healthcare', 'operator': 'Fix Healthcare'}}"
"{'type': 'node', 'id': 6199790574, 'lat': 49.0286996, 'lon': -122.801394, 'tags': {'addr:housenumber': '1463', 'addr:street': 'Johnston Road', 'amenity': 'pharmacy', 'brand': 'Rexall', 'brand:wikidata': 'Q39045377', 'brand:wikipedia': 'en:Rexall', 'healthcare': 'pharmacy', 'name': 'Rexall', 'opening_hours': 'Mo-Fr 08:30-19:00; Sa 09:00-18:00; Su 10:00-17:00', 'phone': '+1-604-531-4636'}}"
"{'type': 'node', 'id': 6199830980, 'lat': 49.0366817, 'lon': -122.8018366, 'tags': {'addr:housenumber': '1959', 'addr:street': '152 Street', 'healthcare': 'physiotherapist', 'name': 'White Rock Orthopaedic & Sports Physiotherapy Clinic', 'phone': '+1-604-535-1412', 'website': 'https://www.whiterocksportsphysio.ca'}}"
"{'type': 'node', 'id': 6228270916, 'lat': 48.4157033, 'lon': -123.374292, 'tags': {'addr:city': 'Victoria', 'addr:housenumber': '230', 'addr:postcode': 'V8V 2G7', 'addr:street': 'Menzies Street', 'addr:unit': '113', 'amenity': 'pharmacy', 'dispensing': 'yes', 'drive_through': 'no', 'healthcare': 'pharmacy', 'name': 'James Bay Pharmasave', 'opening_hours': 'Mo-Fr 08:00-20:00, Sa-Su 09:00-18:00', 'payment:cash': 'yes', 'payment:credit_cards': 'yes', 'payment:debit_cards': 'yes', 'phone': '+1-250-383-7196', 'website': 'http://www.pharmasavejamesbay.com/'}}"
"{'type': 'node', 'id': 6243625824, 'lat': 49.0479237, 'lon': -122.782947, 'tags': {'addr:city': 'Surrey', 'addr:housenumber': '15850', 'addr:postcode': 'V3Z 2N6', 'addr:province': 'BC', 'addr:street': '26 Avenue', 'addr:unit': '130', 'amenity': 'pharmacy', 'brand': 'London Drugs', 'brand:wikidata': 'Q3258955', 'brand:wikipedia': 'en:London Drugs', 'dispensing': 'yes', 'drive_through': 'no', 'healthcare': 'pharmacy', 'level': '0', 'name': 'London Drugs', 'opening_hours': 'Mo-Su 09:00-22:00', 'phone': '+1-604-448-4881', 'website': 'https://www.londondrugs.com/london-drugs-store-081-surrey/morgan-crossing-081.html', 'wheelchair': 'yes'}}"
"{'type': 'node', 'id': 6243670456, 'lat': 49.028108, 'lon': -122.799594, 'tags': {'addr:city': 'White Rock', 'addr:housenumber': '1440', 'addr:street': 'George Street', 'addr:unit': '102', 'amenity': 'pharmacy', 'dispensing': 'yes', 'healthcare': 'pharmacy', 'name': 'White Rock Pharmacy'}}"
"{'type': 'node', 'id': 6279624096, 'lat': 48.429497, 'lon': -123.329929, 'tags': {'amenity': 'pharmacy', 'healthcare': 'pharmacy', 'name': 'Fort Royal Pharmacy', 'opening_hours': 'Mo-Fr 09:00-17:30; Sa 10:00-14:00'}}"
"{'type': 'node', 'id': 6395033928, 'lat': 48.4311651, 'lon': -123.400794, 'tags': {'addr:city': 'Esquimalt', 'addr:housenumber': '890D', 'addr:postcode': 'V9A 3M4', 'addr:street': 'Esquimalt Road', 'amenity': 'clinic', 'name': 'Esquimalt Urgent & Primary Care Centre', 'opening_hours': 'Mo-Su 08:00-20:00', 'website': 'https://www.islandhealth.ca/our-locations/hospitals-health-centre-locations/esquimalt-urgent-primary-care-centre'}}"
"{'type': 'node', 'id': 6395033938, 'lat': 48.4309348, 'lon': -123.4006201, 'tags': {'addr:city': 'Esquimalt', 'addr:housenumber': '890B', 'addr:postcode': 'V9A 3M4', 'addr:street': 'Esquimalt Road', 'healthcare': 'laboratory', 'name': 'LifeLab'}}"
"{'type': 'node', 'id': 6424397198, 'lat': 48.4302531, 'lon': -123.401596, 'tags': {'addr:city': 'Esquimalt', 'addr:housenumber': '918', 'addr:postcode': 'V9A 3M4', 'addr:street': 'Esquimalt Road', 'amenity': 'clinic', 'healthcare': 'clinic', 'healthcare:speciality': 'general', 'name': 'Esquimalt Treatment Centre & Walk-In Clinic', 'source': 'ParcelMap BC Parcel Fabric;Esquimalt Zoning Bylaw;Canada Post'}}"
"{'type': 'node', 'id': 6450852004, 'lat': 49.024458, 'lon': -123.0697484, 'tags': {'healthcare': 'audiologist', 'name': 'Connect Hearing'}}"
"{'type': 'node', 'id': 6450857355, 'lat': 49.0252825, 'lon': -123.0695213, 'tags': {'amenity': 'pharmacy', 'brand': 'Shoppers Drug Mart', 'brand:wikidata': 'Q1820137', 'brand:wikipedia': 'en:Shoppers Drug Mart', 'dispensing': 'yes', 'healthcare': 'pharmacy', 'name': 'Shoppers Drug Mart', 'website': 'https://www.shoppersdrugmart.ca/en/store-locator/store/211', 'website:en': 'https://www.shoppersdrugmart.ca/en/store-locator/store/211', 'website:fr': 'https://www.shoppersdrugmart.ca/fr/store-locator/store/211', 'wheelchair': 'yes'}}"
"{'type': 'node', 'id': 6484775908, 'lat': 48.0801169, 'lon': -123.1124848, 'tags': {'amenity': 'pharmacy', 'brand': 'Walgreens', 'brand:wikidata': 'Q1591889', 'dispensing': 'yes', 'healthcare': 'pharmacy', 'name': 'Walgreens'}}"
"{'type': 'node', 'id': 6486779291, 'lat': 48.0768043, 'lon': -123.0880265, 'tags': {'healthcare': 'alternative', 'healthcare:speciality': 'chiropractic'}}"
"{'type': 'node', 'id': 6487046685, 'lat': 48.084531, 'lon': -123.1142262, 'tags': {'addr:city': 'Sequim', 'addr:housenumber': '519', 'addr:postcode': '98382', 'addr:state': 'WA', 'addr:street': 'North Eureka Way', 'addr:unit': '#2', 'amenity': 'clinic', 'healthcare': 'clinic', 'name': 'Peak Performance Physical Therapy'}}"
"{'type': 'node', 'id': 6515569080, 'lat': 48.4544821, 'lon': -123.39484, 'tags': {'amenity': 'clinic', 'healthcare': 'clinic', 'level': '0', 'name': 'Tillicum Medical Clinic'}}"
"{'type': 'node', 'id': 6592831068, 'lat': 49.0900547, 'lon': -123.0852043, 'tags': {'amenity': 'dentist', 'healthcare': 'dentist'}}"
"{'type': 'node', 'id': 6592839984, 'lat': 49.0893218, 'lon': -123.0801091, 'tags': {'healthcare': 'optometrist'}}"
"{'type': 'node', 'id': 6592840186, 'lat': 49.089243, 'lon': -123.080027, 'tags': {'addr:housenumber': '5170', 'addr:postcode': 'V4K 1W3', 'addr:street': 'Ladner Trunk Road', 'amenity': 'dentist', 'healthcare': 'dentist', 'name': 'Dr Ian G H Lomness'}}"
"{'type': 'node', 'id': 6592840189, 'lat': 49.0891164, 'lon': -123.0798917, 'tags': {'healthcare': 'audiologist'}}"
"{'type': 'node', 'id': 6595188122, 'lat': 49.091411, 'lon': -123.078836, 'tags': {'addr:housenumber': '5245', 'addr:postcode': 'V4K 1W4', 'addr:street': 'Ladner Trunk Road', 'amenity': 'dentist', 'healthcare': 'dentist', 'name': 'Trenant Park Dental Centre'}}"
"{'type': 'node', 'id': 6595225867, 'lat': 49.0914111, 'lon': -123.0786659, 'tags': {'amenity': 'clinic', 'healthcare': 'clinic', 'name': 'Snore MD'}}"
"{'type': 'node', 'id': 6659725288, 'lat': 48.9933499, 'lon': -123.816899, 'tags': {'addr:housenumber': '27', 'addr:street': 'Gatacre Street', 'amenity': 'dentist', 'healthcare': 'dentist', 'name': 'Daniel W Hunter Denturist'}}"
"{'type': 'node', 'id': 6663330874, 'lat': 48.5946372, 'lon': -123.4178496, 'tags': {'healthcare': 'alternative', 'healthcare:speciality': 'chiropractic', 'name': 'Peninsula Family Chiropractic'}}"
"{'type': 'node', 'id': 6680787195, 'lat': 48.4330475, 'lon': -123.3815322, 'tags': {'amenity': 'pharmacy', 'brand': 'Pharmasave', 'brand:wikidata': 'Q17093822', 'brand:wikipedia': 'en:Pharmasave', 'dispensing': 'yes', 'drive_through': 'no', 'healthcare': 'pharmacy', 'name': 'Pharmasave'}}"
"{'type': 'node', 'id': 6716509886, 'lat': 48.9948255, 'lon': -123.8205937, 'tags': {'addr:unit': '12', 'amenity': 'dentist', 'healthcare': 'dentist', 'name': 'Black Pearl Dental Hygiene Clinic'}}"
"{'type': 'node', 'id': 6720693080, 'lat': 49.0294239, 'lon': -123.0683988, 'tags': {'amenity': 'dentist', 'healthcare': 'dentist'}}"
"{'type': 'node', 'id': 6722172390, 'lat': 49.090027, 'lon': -123.0828305, 'tags': {'healthcare': 'alternative', 'name': 'Collaborative Wellness', 'website': 'https://www.collaborativewellness.ca'}}"
"{'type': 'node', 'id': 6725232948, 'lat': 48.4785626, 'lon': -123.4114583, 'tags': {'amenity': 'dentist', 'healthcare': 'dentist', 'name': 'Sherwood Family Dentist'}}"
"{'type': 'node', 'id': 6725488660, 'lat': 48.4380272, 'lon': -123.3130061, 'tags': {'addr:unit': '202', 'amenity': 'dentist', 'healthcare': 'dentist', 'name': 'Willows Family Dental - Dr. Doug Sims', 'phone': '+1 250 704-1137', 'website': 'https://willowsfamilydental.com/'}}"
"{'type': 'node', 'id': 6725878693, 'lat': 49.0851794, 'lon': -123.0646398, 'tags': {'amenity': 'dentist', 'healthcare': 'dentist'}}"
"{'type': 'node', 'id': 6725878694, 'lat': 49.0849777, 'lon': -123.064678, 'tags': {'brand': 'LifeLabs', 'brand:wikidata': 'Q109319451', 'healthcare': 'laboratory', 'healthcare:speciality': 'blood_check', 'name': 'LifeLabs', 'website': 'https://www.lifelabs.com'}}"
"{'type': 'node', 'id': 6725878695, 'lat': 49.0851827, 'lon': -123.0645152, 'tags': {'healthcare': 'podiatrist', 'name': 'Evergreen Foot and Ankle Specialist'}}"
"{'type': 'node', 'id': 6773596237, 'lat': 48.4298701, 'lon': -123.413164, 'tags': {'addr:city': 'Esquimalt', 'addr:housenumber': '1211', 'addr:postcode': 'V9A 3P1', 'addr:street': 'Esquimalt Road', 'amenity': 'dentist', 'healthcare': 'dentist', 'name': 'Esquimalt Denture Clinic'}}"
"{'type': 'node', 'id': 6773726337, 'lat': 49.0907207, 'lon': -123.083817, 'tags': {'amenity': 'pharmacy', 'brand': 'Pharmasave', 'brand:wikidata': 'Q17093822', 'brand:wikipedia': 'en:Pharmasave', 'dispensing': 'yes', 'healthcare': 'pharmacy', 'name': 'Pharmasave', 'ref': '246'}}"
"{'type': 'node', 'id': 6773726340, 'lat': 49.0908527, 'lon': -123.0834326, 'tags': {'healthcare': 'audiologist', 'name': 'Expert Hearing'}}"
"{'type': 'node', 'id': 6968110295, 'lat': 48.7779769, 'lon': -123.700125, 'tags': {'amenity': 'pharmacy', 'brand': 'Shoppers Drug Mart', 'brand:wikidata': 'Q1820137', 'dispensing': 'yes', 'healthcare': 'pharmacy', 'name': 'Shoppers Drug Mart', 'website': 'https://www.shoppersdrugmart.ca/en/store-locator/store/254', 'website:en': 'https://www.shoppersdrugmart.ca/en/store-locator/store/254', 'website:fr': 'https://www.shoppersdrugmart.ca/fr/store-locator/store/254'}}"
"{'type': 'node', 'id': 7168725283, 'lat': 48.4470452, 'lon': -123.3343779, 'tags': {'amenity': 'pharmacy', 'brand': 'Shoppers Drug Mart', 'brand:wikidata': 'Q1820137', 'brand:wikipedia': 'en:Shoppers Drug Mart', 'healthcare': 'pharmacy', 'level': '0', 'name': 'Shoppers Drug Mart', 'phone': '+1-250-595-5111', 'website': 'https://www.shoppersdrugmart.ca/en/store-locator/store/226', 'website:en': 'https://www.shoppersdrugmart.ca/en/store-locator/store/226', 'website:fr': 'https://www.shoppersdrugmart.ca/fr/store-locator/store/226'}}"
"{'type': 'node', 'id': 7168832210, 'lat': 48.4920065, 'lon': -123.387933, 'tags': {'addr:housenumber': '4400', 'addr:street': 'West Saanich Road', 'addr:unit': '100', 'amenity': 'pharmacy', 'brand': 'Shoppers Drug Mart', 'brand:wikidata': 'Q1820137', 'healthcare': 'pharmacy', 'name': 'Shoppers Drug Mart', 'opening_hours': 'Mo-Fr 08:00-22:00; Sa,Su 08:00-20:00', 'phone': '+1-250-881-1980', 'website': 'https://www.shoppersdrugmart.ca/en/store-locator/store/269', 'website:en': 'https://www.shoppersdrugmart.ca/en/store-locator/store/269', 'website:fr': 'https://www.shoppersdrugmart.ca/fr/store-locator/store/269'}}"
"{'type': 'node', 'id': 7170847023, 'lat': 48.5241749, 'lon': -123.3684582, 'tags': {'addr:housenumber': '5166', 'addr:street': 'Cordova Bay Road', 'addr:unit': '1', 'amenity': 'pharmacy', 'fax': '+1-250-590-6403', 'name': 'IDA', 'phone': '+1-250-590-6053', 'website': 'https://www.cordovabaypharmacy.com/'}}"
"{'type': 'node', 'id': 7196489386, 'lat': 48.9777123, 'lon': -123.8042171, 'tags': {'addr:housenumber': '370', 'addr:postcode': 'V9G 1T9', 'addr:province': 'British Columbia', 'addr:street': 'Trans-Canada Highway', 'addr:unit': '1', 'amenity': 'pharmacy', 'dispensing': 'yes', 'drive_through': 'no', 'ele': '1', 'fax': '+1-250-245-5734', 'healthcare': 'pharmacy', 'name': 'IDA Drug', 'opening_hours': 'Mo-Fr 09:00-17:00,Sa 09:00-18:00,Su 10:00-18:00', 'phone': '+1-250-245-7184'}}"
"{'type': 'node', 'id': 7196489486, 'lat': 48.9777836, 'lon': -123.8043479, 'tags': {'addr:housenumber': '370', 'addr:postcode': 'V9G 1T9', 'addr:province': 'British Columbia', 'addr:street': 'Davis Road', 'addr:unit': '27', 'amenity': 'dentist', 'healthcare': 'dentist', 'level': '2', 'name': 'Orca Family Dental Centre', 'opening_hours': 'Mo-Fr 08:00-16:30,Sa 09:00-15:00', 'phone': '+1-250-245-7151'}}"
"{'type': 'node', 'id': 7196489685, 'lat': 48.9778908, 'lon': -123.8044394, 'tags': {'addr:housenumber': '370', 'addr:postcode': 'V9G 1T9', 'addr:province': 'British Columbia', 'addr:street': 'Davis Road', 'addr:unit': '28', 'amenity': 'clinic', 'healthcare': 'clinic', 'level': '2', 'name': 'Lifelabs', 'opening_hours': 'Mo-Fr 07:30-16:00', 'phone': '+1-800-431-7206'}}"
"{'type': 'node', 'id': 7196489985, 'lat': 48.9780508, 'lon': -123.8044572, 'tags': {'amenity': 'clinic', 'healthcare': 'clinic', 'name': 'Connect Hearing'}}"
"{'type': 'node', 'id': 7209645931, 'lat': 48.4385082, 'lon': -123.358513, 'tags': {'addr:housenumber': '2631', 'addr:street': 'Quadra Street', 'amenity': 'pharmacy', 'healthcare': 'pharmacy', 'name': 'Quadra Village Drug Mart', 'phone': '+1-250-383-1188', 'website': 'https://quadravillagepharmacy.com'}}"
"{'type': 'node', 'id': 7234492178, 'lat': 49.0470272, 'lon': -122.778854, 'tags': {'addr:city': 'Surrey', 'addr:housenumber': '2448', 'addr:province': 'BC', 'addr:street': '160 Street', 'addr:unit': '10', 'amenity': 'pharmacy', 'brand': 'Pharmasave', 'brand:wikidata': 'Q17093822', 'brand:wikipedia': 'en:Pharmasave', 'check_date': '2024-08-09', 'fax': '+1-604-531-2691', 'healthcare': 'pharmacy', 'level': '0', 'name': 'Pharmasave', 'phone': '+1-604-531-2690', 'website': 'https://pharmasave.com/store/pharmasave-grandview-corners/'}}"
"{'type': 'node', 'id': 7251979769, 'lat': 49.0990362, 'lon': -123.8543371, 'tags': {'addr:city': 'Nanaimo', 'addr:country': 'CA', 'addr:housenumber': '2054', 'addr:postcode': 'V9X 1J4', 'addr:province': 'BC', 'addr:street': 'Furn Road', 'healthcare': 'alternative', 'name': 'LaserQuit Therapies'}}"
"{'type': 'node', 'id': 7314183787, 'lat': 48.0804262, 'lon': -123.1137863, 'tags': {'amenity': 'pharmacy', 'brand': 'Rite Aid', 'brand:wikidata': 'Q3433273', 'check_date': '2024-06-19', 'dispensing': 'yes', 'healthcare': 'pharmacy', 'name': 'Rite Aid', 'website': 'https://www.riteaid.com/locations/wa/sequim/520-west-washington-street.html'}}"
"{'type': 'node', 'id': 7329415996, 'lat': 48.1058813, 'lon': -123.3800855, 'tags': {'amenity': 'pharmacy', 'brand': 'Safeway', 'brand:wikidata': 'Q1508234', 'check_date': '2024-10-12', 'dispensing': 'yes', 'healthcare': 'pharmacy', 'name': 'Safeway', 'payment:cash': 'yes', 'payment:credit_cards': 'yes', 'payment:debit_cards': 'yes', 'website': 'https://local.pharmacy.safeway.com/safeway/wa/port-angeles/2709-e-hwy-101.html'}}"
"{'type': 'node', 'id': 7332966380, 'lat': 48.1159232, 'lon': -123.4349086, 'tags': {'addr:city': 'Port Angeles', 'addr:housenumber': '110', 'addr:postcode': '98362', 'addr:state': 'WA', 'addr:street': 'East 3rd Street', 'amenity': 'pharmacy', 'brand': 'Safeway', 'brand:wikidata': 'Q1508234', 'designation': 'Safeway 1492', 'dispensing': 'yes', 'healthcare': 'pharmacy', 'name': 'Safeway', 'website': 'https://local.pharmacy.safeway.com/safeway/wa/port-angeles/110-e-3rd-st.html'}}"
"{'type': 'node', 'id': 7418148140, 'lat': 49.0427503, 'lon': -123.0827853, 'tags': {'healthcare': 'occupational_therapist', 'name': 'Meraki Theraputics'}}"
"{'type': 'node', 'id': 7418148148, 'lat': 49.0405959, 'lon': -123.0897498, 'tags': {'addr:unit': '2206', 'amenity': 'dentist', 'healthcare': 'dentist', 'name': 'Drs. Mottahed Sahota & Yee'}}"
"{'type': 'node', 'id': 7418148152, 'lat': 49.0427496, 'lon': -123.0828857, 'tags': {'addr:unit': '350', 'healthcare': 'physiotherapist', 'name': 'Live Well'}}"
"{'type': 'node', 'id': 7523572939, 'lat': 49.0356623, 'lon': -123.0876599, 'tags': {'amenity': 'pharmacy', 'brand': 'Shoppers Drug Mart', 'brand:wikidata': 'Q1820137', 'brand:wikipedia': 'en:Shoppers Drug Mart', 'check_date': '2024-04-07', 'dispensing': 'yes', 'healthcare': 'pharmacy', 'name': 'Shoppers Drug Mart', 'website': 'https://www.shoppersdrugmart.ca/en/store-locator/store/2161', 'website:en': 'https://www.shoppersdrugmart.ca/en/store-locator/store/2161', 'website:fr': 'https://www.shoppersdrugmart.ca/fr/store-locator/store/2161'}}"
"{'type': 'node', 'id': 7667721366, 'lat': 48.5241748, 'lon': -123.3684583, 'tags': {'addr:housenumber': '5166', 'addr:street': 'Cordova Bay Road', 'addr:unit': '1', 'amenity': 'pharmacy', 'fax': '+1-250-590-6403', 'name': 'IDA', 'phone': '+1-250-590-6053', 'website': 'https://www.cordovabaypharmacy.com/'}}"
"{'type': 'node', 'id': 7965049796, 'lat': 48.4591486, 'lon': -123.3322086, 'tags': {'addr:housenumber': '3617', 'addr:street': 'Shelbourne Street', 'amenity': 'clinic', 'healthcare': 'clinic', 'healthcare:speciality': 'sleep_apnea', 'name': 'Snore MD', 'opening_hours': 'Mo-Fr 09:00-17:00, Sa 09:00-15:00', 'phone': '+1 250 853-2211', 'website': 'https://www.snoremdcanada.ca/locations/victoria-shelbourne-sleep-clinic/'}}"
"{'type': 'node', 'id': 7965055595, 'lat': 48.4596857, 'lon': -123.3321864, 'tags': {'addr:housenumber': '3643', 'addr:street': 'Shelbourne Street', 'amenity': 'pharmacy', 'fax': '+1 250 477-7672', 'healthcare': 'pharmacy', 'name': 'Heart Pharmacy IDA', 'opening_hours': 'Mo-Sa 09:00-18:00', 'phone': '+1 250 477-1881', 'website': 'https://www.guardian-ida-remedysrx.ca/en/british-columbia/victoria/heart-pharmacy-shelburne-plaza'}}"
"{'type': 'node', 'id': 8014589742, 'lat': 49.0908662, 'lon': -123.0861142, 'tags': {'addr:housenumber': '4841', 'addr:street': 'Delta Street', 'addr:unit': '103', 'healthcare': 'midwife', 'name': 'South Delta Midwifery'}}"
"{'type': 'node', 'id': 8043334439, 'lat': 49.061314, 'lon': -122.8122094, 'tags': {'addr:city': 'Surrey', 'addr:housenumber': '3278', 'addr:postcode': 'V4P 1A5', 'addr:province': 'BC', 'addr:street': 'King George Boulevard', 'addr:unit': '2', 'amenity': 'dentist', 'healthcare': 'dentist', 'name': 'Alder Dental Services'}}"
"{'type': 'node', 'id': 8045280860, 'lat': 49.061562, 'lon': -122.8118138, 'tags': {'addr:city': 'Surrey', 'addr:housenumber': '3268', 'addr:postcode': 'V4P 1A5', 'addr:province': 'BC', 'addr:street': 'King George Boulevard', 'addr:unit': '6', 'healthcare': 'physiotherapist', 'name': 'Solaj Physical Therapies'}}"
"{'type': 'node', 'id': 8045280863, 'lat': 49.0615782, 'lon': -122.8116321, 'tags': {'addr:city': 'Surrey', 'addr:housenumber': '3268', 'addr:postcode': 'V4P 1A5', 'addr:province': 'BC', 'addr:street': 'King George Boulevard', 'addr:unit': '9', 'amenity': 'clinic', 'healthcare': 'clinic', 'healthcare:speciality': 'dermatology', 'name': 'Wendy G Aesthetics'}}"
"{'type': 'node', 'id': 8067274481, 'lat': 48.9359708, 'lon': -122.7487144, 'tags': {'addr:housenumber': '8097', 'addr:street': 'Harborview Road', 'amenity': 'doctors', 'healthcare': 'doctor', 'name': 'Birch Bay Family Medicine'}}"
"{'type': 'node', 'id': 8744288268, 'lat': 48.5657387, 'lon': -123.4115641, 'tags': {'addr:housenumber': '2136B', 'addr:street': 'Keating Cross Road', 'amenity': 'pharmacy', 'name': 'IDA Cridge Family Pharmacy'}}"
"{'type': 'node', 'id': 8826969145, 'lat': 49.0454575, 'lon': -122.7959591, 'tags': {'addr:city': 'Surrey', 'addr:housenumber': '15388', 'addr:province': 'BC', 'addr:street': '24 Avenue', 'addr:unit': '111', 'amenity': 'pharmacy', 'dispensing': 'yes', 'healthcare': 'pharmacy', 'name': 'Pure Integrative Pharmacy'}}"
"{'type': 'node', 'id': 8915396571, 'lat': 48.4257261, 'lon': -123.365301, 'tags': {'addr:city': 'Victoria', 'addr:housenumber': '1212', 'addr:province': 'BC', 'addr:street': 'Douglas Street', 'amenity': 'pharmacy', 'brand': 'Shoppers Drug Mart', 'brand:wikidata': 'Q1820137', 'brand:wikipedia': 'en:Shoppers Drug Mart', 'dispensing': 'yes', 'healthcare': 'pharmacy', 'name': 'Shoppers Drug Mart', 'website': 'https://www.shoppersdrugmart.ca/en/store-locator/store/221', 'website:en': 'https://www.shoppersdrugmart.ca/en/store-locator/store/221', 'website:fr': 'https://www.shoppersdrugmart.ca/fr/store-locator/store/221'}}"
"{'type': 'node', 'id': 9033493479, 'lat': 48.4242843, 'lon': -123.367465, 'tags': {'amenity': 'dentist', 'healthcare': 'dentist', 'name': 'Dental Clinic'}}"
"{'type': 'node', 'id': 9036484454, 'lat': 48.6478214, 'lon': -123.396384, 'tags': {'addr:city': 'Sidney', 'addr:housenumber': '2510', 'addr:postcode': 'V8L 1W3', 'addr:province': 'BC', 'addr:street': 'Bevan Avenue', 'addr:unit': '11', 'amenity': 'dentist', 'healthcare': 'dentist', 'healthcare:speciality': 'dentist', 'name': 'Sidney Harbour Dental', 'phone': '+1-250-656-1841', 'website': 'https://www.sidneydental.ca/'}}"
"{'type': 'node', 'id': 9038385054, 'lat': 48.4610109, 'lon': -123.331603, 'tags': {'amenity': 'dentist', 'healthcare': 'dentist', 'name': 'CedarTree Dental'}}"
"{'type': 'node', 'id': 9039222325, 'lat': 49.0317991, 'lon': -122.865903, 'tags': {'addr:housenumber': '12851', 'addr:street': '16 Avenue', 'amenity': 'pharmacy', 'branch': 'Ocean Park', 'brand': 'Rexall', 'brand:wikidata': 'Q39045377', 'brand:wikipedia': 'en:Rexall (Canada)', 'dispensing': 'yes', 'drive_through': 'no', 'healthcare': 'pharmacy', 'name': 'Rexall', 'opening_hours': 'Mo-Fr 09:00-17:00; Sa-Su 09:00-18:00'}}"
"{'type': 'node', 'id': 9234718470, 'lat': 49.0905045, 'lon': -123.073505, 'tags': {'addr:housenumber': '5405', 'addr:postcode': 'V4K 1W6', 'addr:street': 'Ladner Trunk Road', 'addr:unit': '102', 'healthcare': 'optometrist', 'name': 'Robertson Optical & Optometry'}}"
"{'type': 'node', 'id': 9251377374, 'lat': 49.092064, 'lon': -123.0866624, 'tags': {'addr:housenumber': '4906', 'addr:postcode': 'V4K 2V2', 'addr:street': 'Delta St', 'addr:unit': '201', 'amenity': 'dentist', 'healthcare': 'dentist', 'healthcare:speciality': 'orthodontics', 'name': 'Radiant Orthodontics'}}"
"{'type': 'node', 'id': 9270174806, 'lat': 49.0270754, 'lon': -123.0681154, 'tags': {'addr:housenumber': '1338', 'addr:street': '56 Street', 'amenity': 'clinic', 'healthcare': 'clinic', 'level': '2', 'name': 'South Delta Integrative Healthcare', 'website': 'http://www.southdeltaintegrative.com/'}}"
"{'type': 'node', 'id': 9276961402, 'lat': 49.0249165, 'lon': -123.0675075, 'tags': {'healthcare': 'optometrist', 'name': 'Iris'}}"
"{'type': 'node', 'id': 9276961415, 'lat': 49.0251282, 'lon': -123.0672584, 'tags': {'healthcare': 'physiotherapist', 'name': 'T-Town Pilates'}}"
"{'type': 'node', 'id': 9287273190, 'lat': 49.0266571, 'lon': -123.0701653, 'tags': {'addr:unit': '51', 'healthcare': 'audiologist', 'name': 'NextGen Hearing'}}"
"{'type': 'node', 'id': 9287273216, 'lat': 49.0260255, 'lon': -123.0701223, 'tags': {'addr:unit': '28', 'healthcare': 'optometrist', 'name': 'Precision Eyecare'}}"
"{'type': 'node', 'id': 9287331804, 'lat': 49.024463, 'lon': -123.0696201, 'tags': {'addr:housenumber': '1169', 'addr:postcode': 'V4L 2A2', 'addr:street': '56 Street', 'addr:unit': '150', 'healthcare': 'audiologist', 'name': 'Twisted Scissors Hair Studio', 'shop': 'hairdresser'}}"
"{'type': 'node', 'id': 9287376649, 'lat': 49.0225522, 'lon': -123.0697243, 'tags': {'addr:housenumber': '1077', 'addr:postcode': 'V4L 2A2', 'addr:street': '56 Street', 'addr:unit': '117', 'healthcare': 'alternative', 'name': 'Natural Comfort Aromatherapy/Wellness Centre'}}"
"{'type': 'node', 'id': 9287376651, 'lat': 49.022558, 'lon': -123.0698771, 'tags': {'addr:unit': '116', 'healthcare': 'alternative', 'healthcare:speciality': 'chiropractic', 'name': 'Tsawwassen Chiropractic'}}"
"{'type': 'node', 'id': 9287376652, 'lat': 49.0224741, 'lon': -123.0698865, 'tags': {'healthcare': 'alternative', 'name': 'Shen Acupucture'}}"
"{'type': 'node', 'id': 9287396144, 'lat': 49.0275375, 'lon': -123.0699598, 'tags': {'addr:housenumber': '1363', 'addr:postcode': 'V4L 2P7', 'addr:street': '56 Street', 'addr:unit': '4', 'amenity': 'pharmacy', 'dispensing': 'yes', 'healthcare': 'pharmacy', 'name': 'Medicine Shoppe', 'ref': '367'}}"
"{'type': 'node', 'id': 9287396145, 'lat': 49.0274643, 'lon': -123.0699564, 'tags': {'addr:housenumber': '1363', 'addr:postcode': 'V4L 2P7', 'addr:street': '56 Street', 'addr:unit': '2', 'amenity': 'dentist', 'healthcare': 'dentist', 'name': 'W W Dental Studio'}}"
"{'type': 'node', 'id': 9287430765, 'lat': 49.0923638, 'lon': -123.0852578, 'tags': {'addr:housenumber': '4977', 'addr:postcode': 'V4K 2K5', 'addr:street': 'Trenant Street', 'addr:unit': '130', 'amenity': 'dentist', 'healthcare': 'dentist', 'name': 'Riverside Dental'}}"
"{'type': 'node', 'id': 9287430771, 'lat': 49.0923102, 'lon': -123.0854371, 'tags': {'addr:housenumber': '4977', 'addr:postcode': 'V4K 2K5', 'addr:street': 'Trenant Street', 'addr:unit': '140', 'amenity': 'clinic', 'healthcare': 'clinic', 'name': 'Delta Medical Clinic'}}"
"{'type': 'node', 'id': 9287430772, 'lat': 49.0922817, 'lon': -123.0855052, 'tags': {'addr:housenumber': '4977', 'addr:postcode': 'V4K 2K5', 'addr:street': 'Trenant Street', 'addr:unit': '230', 'amenity': 'doctors', 'healthcare': 'doctor', 'name': 'Dr Shahin Jaffer'}}"
"{'type': 'node', 'id': 9293686783, 'lat': 49.0372087, 'lon': -122.801434, 'tags': {'addr:housenumber': '1959', 'addr:street': '152 Street', 'addr:unit': '122', 'amenity': 'pharmacy', 'brand': 'The Medicine Shoppe', 'brand:wikidata': 'Q121815130', 'healthcare': 'pharmacy', 'name': 'The Medicine Shoppe'}}"
"{'type': 'node', 'id': 9294749990, 'lat': 49.0606945, 'lon': -122.8050535, 'tags': {'addr:city': 'Surrey', 'addr:housenumber': '15057', 'addr:street': '32 Avenue', 'addr:unit': '910', 'healthcare': 'optometrist', 'name': 'Southpoint Optometry Clinic'}}"
"{'type': 'node', 'id': 9294749992, 'lat': 49.0580134, 'lon': -122.8041403, 'tags': {'addr:city': 'Surrey', 'addr:housenumber': '3091', 'addr:street': '152 Street', 'addr:unit': '310', 'healthcare': 'physiotherapist', 'name': 'Legacies Health Centre - Southpoint'}}"
"{'type': 'node', 'id': 9295077381, 'lat': 49.04709, 'lon': -122.7967444, 'tags': {'addr:city': 'Surrey', 'addr:housenumber': '15355', 'addr:street': '24 Avenue', 'addr:unit': '680', 'healthcare': 'physiotherapist', 'name': 'Semiahmoo Physiotherapy'}}"
"{'type': 'node', 'id': 9295100118, 'lat': 49.0429056, 'lon': -122.779715, 'tags': {'addr:city': 'Surrey', 'addr:housenumber': '2245', 'addr:street': '160 Street', 'addr:unit': '40', 'amenity': 'dentist', 'healthcare': 'dentist', 'level': '0', 'name': 'Morgan Heights Dental Centre', 'phone': '+1-604-535-8835', 'website': 'https://morganheightsdental.com/', 'wheelchair': 'yes'}}"
"{'type': 'node', 'id': 9374928335, 'lat': 49.0757429, 'lon': -123.8374022, 'tags': {'healthcare': 'alternative', 'healthcare:speciality': 'traditional_chinese_medicine', 'name': 'Angie Zhu Acupuncture & TCM Clinic', 'opening_hours': 'Mo-Fr 09:00-17:00', 'payment:contactless': 'yes', 'phone': '+1 6047805765', 'website': 'https://angiezhuacupunture.business.site/'}}"
"{'type': 'node', 'id': 9406267755, 'lat': 49.0395986, 'lon': -122.8186843, 'tags': {'addr:housenumber': '14601', 'addr:street': '20 Avenue', 'amenity': 'clinic', 'healthcare': 'clinic', 'healthcare:speciality': 'vaccination', 'name': 'South Surrey COVID-19 Vacination Centre', 'operator': 'Fraser Health', 'operator:type': 'public', 'vaccination': 'covid19'}}"
"{'type': 'node', 'id': 9467678000, 'lat': 49.0314898, 'lon': -122.8460827, 'tags': {'amenity': 'pharmacy', 'brand': 'Pharmasave', 'brand:wikidata': 'Q17093822', 'brand:wikipedia': 'en:Pharmasave', 'dispensing': 'yes', 'healthcare': 'pharmacy', 'name': 'Pharmasave'}}"
"{'type': 'node', 'id': 9536142566, 'lat': 49.1035019, 'lon': -122.8006815, 'tags': {'addr:housenumber': '5571', 'addr:street': '152 Street', 'addr:unit': '101', 'amenity': 'dentist', 'healthcare': 'dentist', 'level': '0', 'name': 'Vivant Dental'}}"
"{'type': 'node', 'id': 9538946729, 'lat': 49.1035243, 'lon': -122.7988058, 'tags': {'addr:housenumber': '15230', 'addr:street': 'Highway 10', 'addr:unit': '106', 'healthcare': 'physiotherapist', 'level': '0', 'name': 'Surrey Physiotherapy & Massage Clinic', 'office': 'therapist', 'shop': 'massage', 'website': 'https://surreyphysio.ca'}}"
"{'type': 'node', 'id': 9538946731, 'lat': 49.1034674, 'lon': -122.798748, 'tags': {'addr:housenumber': '15230', 'addr:street': 'Highway 10', 'addr:unit': '309', 'healthcare': 'doctor', 'healthcare:speciality': 'ophthalmology', 'level': '2', 'name': 'BC Lasik Laser & Cosmetic'}}"
"{'type': 'node', 'id': 9538946735, 'lat': 49.1035207, 'lon': -122.7989577, 'tags': {'addr:housenumber': '15230', 'addr:street': 'Highway 10', 'addr:unit': '105', 'amenity': 'pharmacy', 'healthcare': 'pharmacy', 'level': '0', 'name': 'Pharmacity Drugstore', 'shop': 'chemist'}}"
"{'type': 'node', 'id': 9538946738, 'lat': 49.1035276, 'lon': -122.7994076, 'tags': {'addr:housenumber': '15230', 'addr:street': 'Highway 10', 'addr:unit': '101', 'amenity': 'dentist', 'healthcare': 'dentist', 'level': '0', 'name': 'Panorama Dental Group'}}"
"{'type': 'node', 'id': 9538946739, 'lat': 49.1035276, 'lon': -122.7992242, 'tags': {'addr:housenumber': '15230', 'addr:street': 'Highway 10', 'addr:unit': '103', 'amenity': 'doctors', 'healthcare': 'doctor', 'level': '0', 'name': 'Dr S. Gharbi Internal Medicine & Cardiac Lab'}}"
"{'type': 'node', 'id': 9538946740, 'lat': 49.1034685, 'lon': -122.7986968, 'tags': {'addr:housenumber': '15230', 'addr:street': 'Highway 10', 'addr:unit': '311', 'healthcare': 'doctor', 'healthcare:speciality': 'ophthalmology', 'level': '2', 'name': 'Fraser Valley Cataract & Laser Centre', 'website': 'https://fvcl.ca'}}"
"{'type': 'node', 'id': 9538946743, 'lat': 49.1035244, 'lon': -122.798714, 'tags': {'addr:housenumber': '15230', 'addr:street': 'Highway 10', 'addr:unit': '107', 'amenity': 'doctors', 'healthcare': 'doctor', 'level': '0', 'name': 'WELL Health - Colebrook Medical Clinic', 'url': 'https://wellclinics.ca/properties/colebrook-medical-clinic/', 'website': 'https://colebrookmedical.com'}}"
"{'type': 'node', 'id': 9538946749, 'lat': 49.1035195, 'lon': -122.7991477, 'tags': {'addr:housenumber': '15230', 'addr:street': 'Highway 10', 'addr:unit': '104', 'healthcare': 'optometrist', 'level': '0', 'name': 'Vision Pros', 'shop': 'optician'}}"
"{'type': 'node', 'id': 9587015849, 'lat': 49.1034029, 'lon': -122.7993734, 'tags': {'addr:housenumber': '15230', 'addr:street': 'Highway 10', 'addr:unit': '311', 'amenity': 'doctors', 'healthcare': 'doctor', 'healthcare:speciality': 'ophthalmology', 'level': '2', 'name': 'Dr. Joseph King'}}"
"{'type': 'node', 'id': 9587015850, 'lat': 49.1034029, 'lon': -122.7991933, 'tags': {'addr:housenumber': '15230', 'addr:street': 'Highway 10', 'addr:unit': '311', 'amenity': 'doctors', 'healthcare': 'doctor', 'healthcare:speciality': 'ophthalmology', 'level': '2', 'name': 'Dr. Timothy Ekhlassi'}}"
"{'type': 'node', 'id': 9587015851, 'lat': 49.103403, 'lon': -122.7992492, 'tags': {'addr:housenumber': '15230', 'addr:street': 'Highway 10', 'addr:unit': '311', 'amenity': 'doctors', 'healthcare': 'doctor', 'healthcare:speciality': 'ophthalmology', 'level': '2', 'name': 'Dr. Darren Payne'}}"
"{'type': 'node', 'id': 9587015852, 'lat': 49.1034025, 'lon': -122.7990569, 'tags': {'addr:housenumber': '15230', 'addr:street': 'Highway 10', 'addr:unit': '311', 'amenity': 'doctors', 'healthcare': 'optometrist', 'level': '2', 'name': 'Dr. Aaron Chiam'}}"
"{'type': 'node', 'id': 9587015853, 'lat': 49.1034029, 'lon': -122.7993102, 'tags': {'addr:housenumber': '15230', 'addr:street': 'Highway 10', 'addr:unit': '311', 'amenity': 'doctors', 'healthcare': 'doctor', 'healthcare:speciality': 'ophthalmology', 'level': '2', 'name': 'Dr. Karen Moosbrugger'}}"
"{'type': 'node', 'id': 9587015854, 'lat': 49.1034026, 'lon': -122.799124, 'tags': {'addr:housenumber': '15230', 'addr:street': 'Highway 10', 'addr:unit': '311', 'amenity': 'doctors', 'healthcare': 'optometrist', 'level': '2', 'name': 'Dr. Kulvir Dhaliwal'}}"
"{'type': 'node', 'id': 9587015855, 'lat': 49.1034031, 'lon': -122.7994298, 'tags': {'addr:housenumber': '15230', 'addr:street': 'Highway 10', 'addr:unit': '311', 'amenity': 'doctors', 'healthcare': 'doctor', 'healthcare:speciality': 'ophthalmology', 'level': '2', 'name': 'Dr. Gabriel Chu'}}"
"{'type': 'node', 'id': 9634542977, 'lat': 49.1052987, 'lon': -122.7982649, 'tags': {'addr:city': 'Surrey', 'addr:housenumber': '15325', 'addr:postcode': 'V3S 0X9', 'addr:province': 'BC', 'addr:street': 'Highway 10', 'addr:unit': '106', 'amenity': 'pharmacy', 'brand': 'Pharmasave', 'brand:wikidata': 'Q17093822', 'brand:wikipedia': 'en:Pharmasave', 'drive_through': 'no', 'healthcare': 'pharmacy', 'name': 'Pharmasave'}}"
"{'type': 'node', 'id': 9634542992, 'lat': 49.1051956, 'lon': -122.796834, 'tags': {'addr:city': 'Surrey', 'addr:housenumber': '15375', 'addr:province': 'BC', 'addr:street': 'Highway 10', 'healthcare': 'alternative', 'healthcare:speciality': 'chiropractic', 'name': 'Pathways Family Chiropractic', 'phone': '+1-604-372-4558', 'website': 'http://pathwayschiro.ca/'}}"
"{'type': 'node', 'id': 9634542996, 'lat': 49.1048527, 'lon': -122.8000292, 'tags': {'addr:city': 'Surrey', 'addr:housenumber': '5620', 'addr:province': 'BC', 'addr:street': 'Highway 10', 'addr:unit': '110', 'healthcare': 'physiotherapist', 'name': 'Physio Moves'}}"
"{'type': 'node', 'id': 9634543007, 'lat': 49.1048619, 'lon': -122.799768, 'tags': {'addr:city': 'Surrey', 'addr:housenumber': '5620', 'addr:province': 'BC', 'addr:street': '152 Street', 'healthcare': 'alternative', 'healthcare:speciality': 'chiropractic', 'name': 'Origin Health', 'phone': '+1-778-571-2911'}}"
"{'type': 'node', 'id': 9727177369, 'lat': 48.4374254, 'lon': -123.3080238, 'tags': {'addr:housenumber': '2517', 'addr:street': 'Estevan Avenue', 'healthcare': 'pharmacy', 'name': 'Estevan Pharmacy'}}"
"{'type': 'node', 'id': 9759973447, 'lat': 48.4693024, 'lon': -123.33042, 'tags': {'amenity': 'pharmacy', 'brand': 'Rexall', 'brand:wikidata': 'Q39045377', 'healthcare': 'pharmacy', 'name': 'Rexall'}}"
"{'type': 'node', 'id': 9781224736, 'lat': 48.7795132, 'lon': -123.7107286, 'tags': {'addr:city': 'Duncan', 'addr:housenumber': '345', 'addr:postcode': 'V9L 1W9', 'addr:province': 'BC', 'addr:street': 'Jubilee Street', 'amenity': 'dentist', 'email': 'admin@cowichanvalleydental.ca', 'healthcare': 'dentist', 'healthcare:speciality': 'general;stomatology', 'image': 'https://www.cowichanvalleydental.ca/wp-content/uploads/cowichan-valley-dental.png', 'name': 'Cowichan Valley Dental Group', 'opening_hours': 'Mo-Tu 08:00-16:30, We 08:30-16:30, Th-Fr 08:00-16:30', 'operator': 'Dr. Paul Chung', 'payment:cash': 'yes', 'payment:cheque': 'yes', 'payment:credit_cards': 'yes', 'payment:debit_cards': 'yes', 'payment:insurance': 'yes', 'phone': '+1 250-746-0003', 'website': 'https://www.cowichanvalleydental.ca/', 'wheelchair': 'yes'}}"
"{'type': 'node', 'id': 9781549728, 'lat': 48.6521997, 'lon': -123.55886, 'tags': {'addr:city': 'Mill Bay', 'addr:housenumber': '2720', 'addr:postcode': 'V0R 2P1', 'addr:province': 'BC', 'addr:street': 'Mill Bay Road', 'addr:unit': '380', 'amenity': 'dentist', 'email': 'admin@millbaydental.ca', 'healthcare': 'dentist', 'image': 'https://www.millbaydentistry.com/wp-content/uploads/mill-bay-dental-clinic.png', 'name': 'Mill Bay Dental Health and Implant Centre', 'opening_hours': 'Mo-Th 08:00-17:00, Fr 08:00-15:00', 'operator': 'Dr. Cynthia Bhourji', 'payment:cash': 'yes', 'payment:cheque': 'yes', 'payment:credit_cards': 'yes', 'payment:debit_cards': 'yes', 'payment:insurance': 'yes', 'phone': '+1-250-743-9511', 'website': 'https://www.millbaydentistry.com/', 'wheelchair': 'yes'}}"
"{'type': 'node', 'id': 9796649668, 'lat': 49.0596897, 'lon': -122.7972848, 'tags': {'addr:city': 'Surrey', 'addr:housenumber': '15350', 'addr:postcode': 'V3Z 1H4', 'addr:province': 'BC', 'addr:street': 'Croydon Drive', 'addr:unit': '105', 'fax': '+1 604-496-5012', 'healthcare': 'optometrist', 'name': 'Impressive Eyewear', 'opening_hours': 'Mo-Th 09:30-17:00, Fr 09:30-18:00, Sa 10:00-16:00', 'phone': '+1 604-583-6155', 'website': 'https://impressiveeyewear.com'}}"
"{'type': 'node', 'id': 9901158015, 'lat': 49.0406276, 'lon': -123.088831, 'tags': {'addr:housenumber': '4949', 'addr:postcode': 'V4M 0B2', 'addr:street': 'Canoe Pass Way', 'addr:unit': '1826', 'amenity': 'clinic', 'healthcare': 'clinic', 'name': 'South Delta Options for Sexual Health Clinic', 'opening_hours': 'Th 19:00-21:00', 'operator': 'Fraserhealth', 'phone': '+1 604-302-4734', 'website': 'https://www.optionsforsexualhealth.org/clinic/south-delta-opt-clinic/'}}"
"{'type': 'node', 'id': 9907259707, 'lat': 48.4156241, 'lon': -123.355622, 'tags': {'addr:city': 'Victoria', 'addr:housenumber': '355', 'addr:postcode': 'V8V 0C4', 'addr:province': 'BC', 'addr:street': 'Cook Street', 'amenity': 'dentist', 'healthcare': 'dentist', 'healthcare:speciality': 'dentistry;cosmetic_dentistry', 'name': 'Cook Street Village Dental', 'opening_hours': 'Mo-Fr 08:00-16:30', 'operator': 'Dr David Thode', 'phone': '+1-778-486-8408', 'website': 'https://www.cookstreetvillagedental.com/'}}"
"{'type': 'node', 'id': 9938103303, 'lat': 48.6480558, 'lon': -123.4005192, 'tags': {'healthcare': 'audiologist', 'name': 'NexGen Hearing'}}"
"{'type': 'node', 'id': 9938111949, 'lat': 48.6501162, 'lon': -123.4007663, 'tags': {'healthcare': 'laboratory', 'name': 'Island Health - Sidney Satellite Laboratory'}}"
"{'type': 'node', 'id': 9957952645, 'lat': 48.4292362, 'lon': -123.4101386, 'tags': {'amenity': 'doctors', 'healthcare': 'clinic', 'name': 'Esquimalt Medical Clinic'}}"
"{'type': 'node', 'id': 9965347215, 'lat': 48.4902395, 'lon': -123.3870591, 'tags': {'addr:city': 'Victoria', 'addr:country': 'CA', 'addr:housenumber': '4396', 'addr:postcode': 'V8Z 3E9', 'addr:province': 'BC', 'addr:street': 'West Saanich Road', 'addr:unit': '220', 'healthcare': 'physiotherapist', 'healthcare:speciality': 'massage_therapy', 'name': 'BETA Therapeutics', 'opening_hours': 'Mo-Fr 09:00 - 18:00', 'operator': 'Joseph Pellegrino', 'phone': '+1 250-370-5525', 'website': 'https://betatherapeutics.ca/'}}"
"{'type': 'node', 'id': 10012446828, 'lat': 48.426262, 'lon': -123.3353365, 'tags': {'amenity': 'doctors', 'healthcare': 'doctor'}}"
"{'type': 'node', 'id': 10012446829, 'lat': 48.4263884, 'lon': -123.3351997, 'tags': {'brand': 'LifeLabs', 'brand:wikidata': 'Q109319451', 'healthcare': 'laboratory', 'healthcare:speciality': 'blood_check', 'name': 'LifeLabs'}}"
"{'type': 'node', 'id': 10032582318, 'lat': 48.4765496, 'lon': -123.3335113, 'tags': {'amenity': 'doctors', 'healthcare': 'doctor', 'name': 'Three Corners Professional Centre - Building A'}}"
"{'type': 'node', 'id': 10032582319, 'lat': 48.4762634, 'lon': -123.3337956, 'tags': {'amenity': 'doctors', 'healthcare': 'doctor', 'name': 'Three Corners Professional Centre - Building B'}}"
"{'type': 'node', 'id': 10049836417, 'lat': 48.1067716, 'lon': -123.4250222, 'tags': {'amenity': 'dentist', 'healthcare': 'dentist', 'name': 'James Selander, DDS'}}"
"{'type': 'node', 'id': 10049853918, 'lat': 48.1066067, 'lon': -123.441362, 'tags': {'amenity': 'doctors', 'healthcare': 'doctor', 'name': 'Halberg Chiropractic'}}"
"{'type': 'node', 'id': 10049853922, 'lat': 48.1126917, 'lon': -123.4187297, 'tags': {'addr:city': 'Port Angeles', 'addr:housenumber': '902', 'addr:postcode': '98362', 'addr:state': 'WA', 'addr:street': 'East 1st Street', 'addr:unit': 'B', 'healthcare': 'audiologist', 'name': 'Harbor Audiology', 'phone': '+1-360-362-7455', 'website': 'https://harboraudiology.com/locations/port-angeles/'}}"
"{'type': 'node', 'id': 10049864218, 'lat': 48.1074065, 'lon': -123.4455824, 'tags': {'check_date': '2024-10-13', 'healthcare': 'alternative', 'name': 'Boulevard Natural Wellness Center'}}"
"{'type': 'node', 'id': 10049864418, 'lat': 48.1059449, 'lon': -123.4364029, 'tags': {'amenity': 'doctors', 'healthcare': 'doctor', 'name': 'New Growth Counseling Services'}}"
"{'type': 'node', 'id': 10052453917, 'lat': 48.1111894, 'lon': -123.4150486, 'tags': {'addr:city': 'Port Angeles', 'addr:housenumber': '1108', 'addr:postcode': '98362', 'addr:state': 'WA', 'addr:street': 'East 1st Street', 'healthcare': 'physiotherapist', 'name': 'Theraputic Associates', 'website': 'https://www.therapeuticassociates.com/locations/washington/olympic-peninsula/port-angeles/'}}"
"{'type': 'node', 'id': 10066608144, 'lat': 48.460513, 'lon': -123.4651258, 'tags': {'addr:city': 'Victoria', 'addr:country': 'CA', 'addr:housenumber': '101', 'addr:postcode': 'V9B 0H5', 'addr:province': 'BC', 'addr:street': 'Presley Place', 'addr:unit': '1', 'healthcare': 'physiotherapist', 'name': 'Physio HQ', 'opening_hours': 'Mo,Fr 09:00-18:00', 'operator': 'Amar Brar', 'phone': '+1-250-266-1634', 'website': 'https://www.physiohq.ca/'}}"
"{'type': 'node', 'id': 10075946618, 'lat': 49.0487605, 'lon': -122.7841245, 'tags': {'addr:city': 'Surrey', 'addr:housenumber': '15850', 'addr:postcode': 'V3Z 2N6', 'addr:province': 'BC', 'addr:street': '26 Avenue', 'amenity': 'dentist', 'check_date': '2024-07-09', 'email': 'mcd@morgancrossingdental.com', 'healthcare': 'dentist', 'level': '0', 'name': 'Morgan Crossing Dental', 'phone': '+1-604-560-5060', 'website': 'https://morgancrossingdental.com', 'wheelchair': 'yes'}}"
"{'type': 'node', 'id': 10083286217, 'lat': 49.0381603, 'lon': -122.8014638, 'tags': {'check_date': '2022-10-08', 'healthcare': 'optometrist', 'name': 'White Rock deziner Eye Care', 'survey:date': '2022-10-05'}}"
"{'type': 'node', 'id': 10094756717, 'lat': 49.0614124, 'lon': -122.800796, 'tags': {'addr:housenumber': '15210', 'addr:street': '32 Avenue Diversion', 'amenity': 'dentist', 'check_date': '2024-03-06', 'check_date:opening_hours': '2023-05-09', 'healthcare': 'dentist', 'name': 'Morgan Gate Dentral', 'opening_hours:signed': 'no', 'phone': '+1-604-385 -1218', 'website': 'https://morgangate.dental/'}}"
"{'type': 'node', 'id': 10107402518, 'lat': 49.0390008, 'lon': -122.8014583, 'tags': {'check_date': '2023-12-14', 'healthcare': 'physiotherapist', 'name': 'White Rock Massage Therapy Clinic', 'wheelchair': 'yes'}}"
"{'type': 'node', 'id': 10187646428, 'lat': 49.0021838, 'lon': -123.037989, 'tags': {'addr:housenumber': '6714', 'addr:street': 'Corbould Road', 'amenity': 'dentist', 'healthcare': 'dentist', 'healthcare:speciality': 'dentist', 'name': 'Serenity Dental', 'operator': 'Dr. Crista', 'phone': '+1-604-943-7494', 'website': 'https://www.serenitydental.ca/'}}"
"{'type': 'node', 'id': 10316775547, 'lat': 48.4384492, 'lon': -123.3636077, 'tags': {'addr:housenumber': '797', 'addr:street': 'Hillside Avenue', 'amenity': 'pharmacy', 'healthcare': 'pharmacy', 'name': 'Fort Royal Pharmacy Hillside', 'opening_hours': 'Mo-Fr 09:00-17:30; Sa 09:00-15:00; Su 10:00-14:00'}}"
"{'type': 'node', 'id': 10573734432, 'lat': 48.594654, 'lon': -123.4165318, 'tags': {'amenity': 'pharmacy', 'healthcare': 'pharmacy', 'name': ""Joe's Family Pharmacy"", 'opening_hours': 'Mo-Fr 08:00-18:00; Sa,Su 09:00-17:00'}}"
"{'type': 'node', 'id': 10604442833, 'lat': 48.4905845, 'lon': -123.3845276, 'tags': {'addr:housenumber': '4460', 'addr:street': 'Chatterton Way', 'addr:unit': '200', 'amenity': 'dentist', 'healthcare': 'dentist', 'name': 'Babin Dentistry', 'website': 'https://babindentistry.com/'}}"
"{'type': 'node', 'id': 10671987810, 'lat': 49.0310691, 'lon': -122.8673832, 'tags': {'addr:city': 'Surrey', 'addr:housenumber': '12808', 'addr:postcode': 'V4A 1N4', 'addr:street': '16 Avenue', 'amenity': 'dentist', 'healthcare': 'dentist', 'level': '1', 'name': 'Ocean Park Dental'}}"
"{'type': 'node', 'id': 10671987811, 'lat': 49.0310699, 'lon': -122.8672219, 'tags': {'addr:city': 'Surrey', 'addr:housenumber': '12810', 'addr:postcode': 'V4A 1N4', 'addr:street': '16 Avenue', 'beauty': 'spa', 'brand': 'Quartz - Mind, Body & Skin Clinic', 'healthcare': 'alternative', 'healthcare:speciality': 'naturopathy', 'level': '0', 'name': 'Quartz - Mind, Body & Skin Clinic', 'shop': 'beauty', 'website': 'https://quartzmindbodyskin.com'}}"
"{'type': 'node', 'id': 10687438324, 'lat': 49.0287449, 'lon': -122.8010221, 'tags': {'addr:housenumber': '1470', 'addr:postcode': 'V4B 3Z5', 'addr:street': 'Johnston Road', 'healthcare': 'alternative', 'healthcare:speciality': 'acupuncture', 'name': 'Big Feet', 'shop': 'massage', 'website': 'https://bigfeet.ca/1470-johnston-road-white-rock-bc'}}"
"{'type': 'node', 'id': 10770930153, 'lat': 48.5947952, 'lon': -123.418168, 'tags': {'addr:city': 'Saanichton', 'addr:housenumber': '7816', 'addr:postcode': 'V8M 2B3', 'addr:province': 'BC', 'addr:street': 'East Saanich Road', 'addr:unit': '4', 'contact:email': 'reception@saanichtonchiropractic.com', 'contact:facebook': 'https://www.facebook.com/saanichtonchiropracticgroup', 'contact:fax': '+1-250-223-0200', 'contact:instagram': 'https://www.instagram.com/saanichtonchiropracticgroup', 'contact:phone': '+1-250-223-0200', 'contact:website': 'https://www.saanichtonchiropractic.com', 'healthcare': 'alternative', 'healthcare:speciality': 'chiropractic', 'name': 'Saanichton Chiropractic Group', 'opening_hours': 'Mo-Fr 08:00-18:00', 'operator': 'Dr. Mike Hadbavny', 'payment:cash': 'yes', 'payment:cheque': 'yes', 'payment:debit_cards': 'yes', 'payment:insurance': 'yes', 'payment:visa': 'yes'}}"
"{'type': 'node', 'id': 10856709915, 'lat': 49.0452014, 'lon': -122.789853, 'tags': {'addr:city': 'Surrey', 'addr:housenumber': '2388', 'addr:postcode': 'V4A 4V4', 'addr:province': 'BC', 'addr:street': '156 Street', 'addr:unit': '103', 'amenity': 'clinic', 'email': 'shifamedical.moa@gmail.com', 'healthcare': 'clinic', 'healthcare:speciality': 'general', 'level': '0', 'name': 'Shifa Medical Clinic', 'opening_hours': 'Mo-Fr 09:00-18:00; Sa 09:00-15:00', 'phone': '+1-778-369-1420', 'website': 'https://shifamedical.ca', 'wheelchair': 'yes'}}"
"{'type': 'node', 'id': 10856709916, 'lat': 49.0451762, 'lon': -122.789853, 'tags': {'addr:city': 'Surrey', 'addr:housenumber': '2388', 'addr:postcode': 'V4A 4V4', 'addr:province': 'BC', 'addr:street': '156 Street', 'addr:unit': '103', 'amenity': 'pharmacy', 'branch': 'Shifa', 'brand': 'Peoples Pharmacy', 'contact:email': 'shifapharmacy1234@gmail.com', 'contact:fax': '+1-604-502-7031', 'dispensing': 'yes', 'drive_through': 'no', 'healthcare': 'pharmacy', 'level': '0', 'name': 'Peoples Shifa Pharmacy', 'opening_hours': 'Mo-Fr 09:00-18:00; Sa 09:00-15:00', 'phone': '+1-604-502-7030', 'wheelchair': 'yes'}}"
"{'type': 'node', 'id': 10880186365, 'lat': 48.4398369, 'lon': -123.5087072, 'tags': {'addr:city': 'Victoria', 'addr:housenumber': '2945', 'addr:postcode': 'V9B 5E3', 'addr:province': 'BC', 'addr:street': 'Jacklin Rd', 'addr:unit': '#152', 'amenity': 'dentist', 'healthcare': 'dentist', 'name': 'Westshore Dental Centre', 'phone': '+1 250-474-2296', 'website': 'https://westshoredental.com/'}}"
"{'type': 'node', 'id': 10921524238, 'lat': 48.4249423, 'lon': -123.357863, 'tags': {'addr:city': 'Victoria', 'addr:housenumber': '911', 'addr:postcode': 'V8V 4X3', 'addr:province': 'BC', 'addr:street': 'Yates Street', 'addr:unit': '214', 'amenity': 'clinic', 'contact:facebook': 'https://www.facebook.com/olivefertility', 'email': 'info@olivefertility.com', 'healthcare': 'clinic', 'healthcare:speciality': 'fertility', 'name': 'Olive Fertility Centre Victoria', 'opening_hours': 'Mo-Fr 07:30-15:30', 'phone': '+1-250-410-1664', 'website': 'https://www.olivefertility.com/locations/victoria'}}"
"{'type': 'node', 'id': 10927071721, 'lat': 49.0608871, 'lon': -122.7990249, 'tags': {'addr:unit': '112', 'brand': 'LifeLabs', 'brand:wikidata': 'Q109319451', 'healthcare': 'laboratory', 'healthcare:speciality': 'blood_check', 'name': 'LifeLabs', 'opening_hours': 'Mo-Fr 08:00-16:00; Sa 07:00-12:00', 'wheelchair': 'yes'}}"
"{'type': 'node', 'id': 11000913531, 'lat': 48.4231019, 'lon': -123.3547483, 'tags': {'addr:city': 'Victoria', 'addr:housenumber': '1080', 'addr:postcode': 'V8V 3K5', 'addr:province': 'BC', 'addr:street': 'Meares St', 'healthcare': 'counselling', 'name': 'Waypoint Counselling Network', 'phone': '+1 250-888-0979', 'website': 'https://waypointcounselling.ca/'}}"
"{'type': 'node', 'id': 11006373449, 'lat': 48.1114704, 'lon': -123.3622629, 'tags': {'amenity': 'pharmacy', 'check_date': '2024-10-13', 'healthcare': 'pharmacy', 'name': 'Walmart Pharmacy', 'opening_hours': 'Mo-Sa 09:00-19:00; Su 10:00-18:00'}}"
"{'type': 'node', 'id': 11141985905, 'lat': 49.0272625, 'lon': -122.799972, 'tags': {'addr:housenumber': '1381', 'addr:postcode': 'V4B2L1', 'addr:street': 'George Street', 'amenity': 'pharmacy', 'email': 'Holyearthnutrition@outlook.com', 'healthcare': 'pharmacy', 'opening_hours': 'Mo-Sa 10:00-18:00', 'phone': '+1-778-488-0005', 'website': 'https://www.holyearth.ca'}}"
"{'type': 'node', 'id': 11142405188, 'lat': 48.4920083, 'lon': -123.388236, 'tags': {'addr:city': 'Victoria', 'addr:housenumber': '4442', 'addr:postcode': 'V8Z 3E9', 'addr:province': 'BC', 'addr:street': 'West Saanich Road', 'addr:unit': '105', 'amenity': 'doctors', 'contact:phone': '+1 250-590-8378', 'healthcare': 'doctor', 'name': 'Dr. G. M. Chew', 'phone': '+1 250 812 4420', 'website': 'https://westsaanichmedical.com/'}}"
"{'type': 'node', 'id': 11142459530, 'lat': 48.4918267, 'lon': -123.388352, 'tags': {'amenity': 'dentist', 'healthcare': 'dentist', 'name': 'Family Dentistry', 'phone': '+1 250 477 0240'}}"
"{'type': 'node', 'id': 11244876204, 'lat': 48.7914199, 'lon': -123.7376113, 'tags': {'addr:city': 'Duncan', 'addr:housenumber': '3292', 'addr:province': 'BC', 'addr:street': 'Cowichan Lake Road', 'addr:unit': '105', 'amenity': 'pharmacy', 'dispensing': 'yes', 'drive_through': 'no', 'healthcare': 'pharmacy', 'name': 'The Medicine Shoppe', 'opening_hours': 'Mo-Fr 09:00-18:00, Sa-Su closed'}}"
"{'type': 'node', 'id': 11431609408, 'lat': 48.4258317, 'lon': -123.3391695, 'tags': {'addr:city': 'Victoria', 'addr:housenumber': '1520', 'addr:postcode': 'V8S 5J2', 'addr:province': 'BC', 'addr:street': 'Fort Street', 'amenity': 'doctors', 'healthcare': 'doctor', 'healthcare:speciality': 'haematology', 'name': 'Pacific Hematology', 'opening_hours': 'Mo-Fr 09:00-16:00', 'phone': '+1-250-384-7377', 'website': 'https://www.pacifichematologyvictoria.com'}}"
"{'type': 'node', 'id': 11431609409, 'lat': 48.4258234, 'lon': -123.3391757, 'tags': {'addr:city': 'Victoria', 'addr:housenumber': '1516', 'addr:postcode': 'V8S 5J2', 'addr:province': 'BC', 'addr:street': 'Fort Street', 'healthcare': 'alternative', 'healthcare:speciality': 'acupuncture', 'name': 'Urban Lotus', 'opening_hours': 'Mo-Th 09:30-16:00', 'phone': '+1-778-433-9050', 'website': 'https://www.urbanlotus.ca'}}"
"{'type': 'node', 'id': 11436631015, 'lat': 48.4307933, 'lon': -123.325089, 'tags': {'addr:city': 'Victoria', 'addr:housenumber': '1935', 'addr:postcode': 'V8R 4W9', 'addr:province': 'BC', 'addr:street': 'Lee Avenue', 'amenity': 'dentist', 'healthcare': 'dentist', 'name': 'Oak Bay Denture Clinic', 'opening_hours': 'Mo-Fr 09:00-17:00', 'phone': '+1-250-598-1010', 'website': 'https://www.oakbaydentureclinic.ca'}}"
"{'type': 'node', 'id': 11486368541, 'lat': 49.0358075, 'lon': -123.087544, 'tags': {'amenity': 'dentist', 'check_date': '2024-04-07', 'healthcare': 'dentist', 'name': ""Nature's Design Dental"", 'website': 'https://www.naturesdesigndental.com'}}"
"{'type': 'node', 'id': 11526712373, 'lat': 49.0482761, 'lon': -122.7855368, 'tags': {'addr:housenumber': '15745', 'addr:street': 'Croydon Drive', 'addr:unit': '102', 'amenity': 'pharmacy', 'drive_through': 'no', 'fax': '+1-604-542-7854', 'healthcare': 'pharmacy', 'level': '0', 'name': 'Thrifty Foods Pharmacy', 'opening_hours': 'Mo-Fr 09:00-19:00; Sa,Su 10:00-17:00', 'phone': '+1-604-542-7853', 'wheelchair': 'yes'}}"
"{'type': 'node', 'id': 11626585391, 'lat': 48.5749371, 'lon': -123.445485, 'tags': {'addr:city': 'Brentwood Bay', 'addr:housenumber': '7088', 'addr:postcode': 'V8M 1P9', 'addr:province': 'BC', 'addr:street': 'West Saanich Road', 'addr:unit': '108', 'email': 'reception@brentwoodchiropracticgroup.com', 'facebook': 'https://www.facebook.com/brentwoodchiropracticgroup', 'fax': '+1 250-223-0200', 'healthcare': 'alternative', 'healthcare:speciality': 'chiropractic', 'instagram': 'https://www.instagram.com/brentwoodchiropracticgroup/', 'language:en': 'main', 'name': 'Brentwood Chiropractic Group', 'opening_hours': 'Mo-Sa 08:00-18:00', 'payment:cash': 'yes', 'payment:credit_cards': 'yes', 'payment:debit_cards': 'yes', 'phone': '+1 250-223-0200', 'start_date': '2024-01-01', 'website': 'https://www.brentwoodchiropracticgroup.com/'}}"
"{'type': 'node', 'id': 11643187902, 'lat': 49.0323316, 'lon': -122.8018607, 'tags': {'amenity': 'dentist', 'healthcare': 'dentist', 'name': 'Semiahmoo Dental Centre'}}"
"{'type': 'node', 'id': 11643196242, 'lat': 49.0318472, 'lon': -122.8051009, 'tags': {'healthcare': 'optometrist', 'name': 'White Rock Optometry Clinic', 'opening_hours': 'Mo-We 08:45-19:00; Th,Fr 08:45-17:00; Sa 08:45-16:00'}}"
"{'type': 'node', 'id': 11643241883, 'lat': 49.0320672, 'lon': -122.8050794, 'tags': {'amenity': 'dentist', 'healthcare': 'dentist', 'name': 'Dr Bogdan Dragomir Dental Clinic'}}"
"{'type': 'node', 'id': 11643243157, 'lat': 49.0323299, 'lon': -122.8050442, 'tags': {'healthcare': 'alternative', 'healthcare:speciality': 'acupuncture', 'name': 'Ardour Wellness', 'opening_hours': 'Su-Fr 09:00-16:00; Sa 09:00-15:00'}}"
"{'type': 'node', 'id': 11701535169, 'lat': 48.4269713, 'lon': -123.3687867, 'tags': {'addr:housenumber': '546', 'addr:postcode': 'V8W1K8', 'addr:street': 'Yates Street', 'amenity': 'clinic', 'email': 'frontdesk@foundryvictoria.ca', 'healthcare': 'clinic', 'name': 'Foundry Victoria', 'phone': '+1 250 383 3252'}}"
"{'type': 'node', 'id': 11715625582, 'lat': 48.4153801, 'lon': -123.3288905, 'tags': {'addr:housenumber': '1845', 'addr:street': 'Fairfield Road', 'amenity': 'pharmacy', 'fax': '+1 250 590-3998', 'name': 'Gonzales Pharmacy', 'opening_hours': 'Mo-Fr 10:00-17:30', 'phone': '+1 250 598-5512', 'website': 'https://oatrx.ca/pharmacy/gonzales-pharmacy-victoria'}}"
"{'type': 'node', 'id': 11715644749, 'lat': 48.4321512, 'lon': -123.3234478, 'tags': {'addr:housenumber': '1964', 'addr:street': 'Fort Street', 'addr:unit': '104', 'amenity': 'pharmacy', 'brand': 'The Medicine Shoppe', 'brand:wikidata': 'Q121815130', 'fax': '+1 250 595-1325', 'healthcare': 'pharmacy', 'name': 'The Medicine Shoppe', 'opening_hours': 'Mo-Fr 08:30-18:30', 'phone': '+1 250 595-1323', 'website': 'https://www.medicineshoppe.ca/en/british-columbia/victoria/the-medicine-shoppe-pharmacy-195-7008042'}}"
"{'type': 'node', 'id': 11715644750, 'lat': 48.4324334, 'lon': -123.3226262, 'tags': {'addr:housenumber': '1990', 'addr:street': 'Fort Street', 'addr:unit': '101', 'amenity': 'pharmacy', 'brand': 'Rexall', 'brand:wikidata': 'Q39045377', 'fax': '+1 250 590-8798', 'healthcare': 'pharmacy', 'name': 'Rexall', 'opening_hours': 'Mo-Fr 09:00-17:30, Sa 10:00-16:00', 'phone': '+1 250 590-8799', 'website': 'https://www.rexall.ca/storelocator/store/7128'}}"
"{'type': 'node', 'id': 11715676770, 'lat': 48.4451732, 'lon': -123.3339572, 'tags': {'addr:housenumber': '1641', 'addr:street': 'Hillside Avenue', 'amenity': 'pharmacy', 'brand': 'Pharmasave', 'brand:wikidata': 'Q17093822', 'fax': '+1 250 595-7308', 'healthcare': 'pharmacy', 'name': 'Pharmasave', 'opening_hours': 'Mo-Fr 08:00-19:00, Sa 09:00-17:00, Su 10:00-17:00', 'phone': '+1 250 595-8106', 'website': 'https://pharmasave.com/victoria-hillside/location/'}}"
"{'type': 'node', 'id': 11722137763, 'lat': 48.47651, 'lon': -123.33233, 'tags': {'addr:housenumber': '4071', 'addr:street': 'Shelbourne Street', 'addr:unit': '4', 'amenity': 'pharmacy', 'brand': 'The Medicine Shoppe', 'brand:wikidata': 'Q121815130', 'fax': '+1 250 477-6121', 'healthcare': 'pharmacy', 'name': 'The Medicine Shoppe', 'phone': '+1 250 477-6112', 'website': 'https://www.medicineshoppe.ca/en/british-columbia/victoria/the-medicine-shoppe-pharmacy-255-7016289'}}"
"{'type': 'node', 'id': 11732253162, 'lat': 48.42638, 'lon': -123.31537, 'tags': {'addr:housenumber': '2217', 'addr:street': 'Oak Bay Avenue', 'amenity': 'pharmacy', 'fax': '+1 250 590-9218', 'name': 'Fort Royal Pharmacy', 'opening_hours': 'Mo-Fr 09:00-17:30, Sa 10:00-14:00', 'phone': '+1 250 590-9217', 'website': 'https://www.fortroyalpharmacy.ca/oak-bay/'}}"
"{'type': 'node', 'id': 11732253175, 'lat': 48.4263, 'lon': -123.32832, 'tags': {'addr:unit': '104', 'amenity': 'dentist', 'healthcare': 'dentist', 'name': 'Avenue Family Dental', 'opening_hours': 'Mo-Th 08:00-16:30, Fr 08:00-14:30', 'phone': '+1 250 595-1331', 'website': 'https://www.avenuefamilydental.com/'}}"
"{'type': 'node', 'id': 11732253176, 'lat': 48.4266359, 'lon': -123.3345956, 'tags': {'addr:unit': '101', 'amenity': 'clinic', 'name': 'Oak Bay Medical Clinic', 'opening_hours': 'Mo-Fr 08:00-17:00', 'phone': '+1 250 598-6744', 'website': 'https://www.oakbaymedicalclinic.com/'}}"
"{'type': 'node', 'id': 11732261382, 'lat': 48.4439474, 'lon': -123.3362746, 'tags': {'addr:housenumber': '1581', 'addr:street': 'Hillside Avenue', 'addr:unit': '202', 'amenity': 'dentist', 'healthcare': 'dentist', 'name': 'Oaklands Dental', 'opening_hours': 'Mo-Th 08:30-16:30', 'phone': '+1 250 592-7874', 'website': 'https://www.oaklandsdental.ca/'}}"
"{'type': 'node', 'id': 11732261383, 'lat': 48.4429225, 'lon': -123.3394825, 'tags': {'addr:unit': '102', 'fax': '+1 250 592-9940', 'healthcare': 'laboratory', 'healthcare:speciality': 'urology', 'name': 'Silverado Research', 'phone': '+1 250 592-9998', 'website': 'https://www.silveradoresearch.com/'}}"
"{'type': 'node', 'id': 11735594280, 'lat': 48.42473, 'lon': -123.3601, 'tags': {'addr:housenumber': '867', 'addr:street': 'View Street', 'amenity': 'pharmacy', 'brand': 'PharmaChoice', 'brand:wikidata': 'Q7180716', 'fax': '+1 250 361-3730', 'healthcare': 'pharmacy', 'name': 'View Street Pharmacy', 'opening_hours': 'Mo-Fr 08:00-17:00, Sa-Su 08:00-13:00', 'phone': '+1 250 361-3773', 'website': 'https://www.viewstreet.ca/'}}"
"{'type': 'node', 'id': 11737935978, 'lat': 48.412938, 'lon': -123.3387101, 'tags': {'addr:housenumber': '1552', 'addr:street': 'Fairfield Road', 'amenity': 'clinic', 'fax': '+1 778 400-2752', 'healthcare': 'optometrist', 'opening_hours': 'Mo-Th 09:00-17:00, Fr 09:30-17:30, Sa 10:00-17:00', 'phone': '+1 250 592-2099', 'shop': 'optician', 'website': 'https://www.emeraldeyecare.ca'}}"
"{'type': 'node', 'id': 11737935979, 'lat': 48.41276, 'lon': -123.33911, 'tags': {'addr:housenumber': '1516', 'addr:street': 'Fairfield Road', 'addr:unit': '4', 'amenity': 'clinic', 'healthcare:speciality': 'sleep_apnea', 'name': 'Snore MD', 'opening_hours': 'Mo-Tu 09:00-17:00, Th-Fr 09:00-17:00, Sa 09:00-15:00', 'phone': '+1 833 766-7363', 'website': 'https://www.snoremdcanada.ca/locations/victoria-fairfield-sleep-clinic/'}}"
"{'type': 'node', 'id': 11751725946, 'lat': 49.0441865, 'lon': -122.7763502, 'tags': {'amenity': 'clinic', 'contact:fax': '+1-778-382-7594', 'contact:phone': '+1-778-358-5323', 'healthcare': 'clinic', 'internet_access': 'no', 'level': '0', 'name': 'Mercy Medical Clinic', 'opening_hours': 'Mo-Fr 09:00-18:00', 'website': 'https://www mercymedicalclinics.com', 'wheelchair': 'yes'}}"
"{'type': 'node', 'id': 11752108306, 'lat': 48.472025, 'lon': -123.3335495, 'tags': {'addr:unit': '103B', 'amenity': 'pharmacy', 'fax': '+1 250 590-8377', 'healthcare': 'pharmacy', 'name': 'University Heights Pharmacy', 'opening_hours': 'Mo-Sa 09:30-17:30, PH off', 'phone': '+1 250 590-8886', 'website': 'https://www.medicinecentre.com/cgi/page.cgi?search_term=University+Heights+Pharmacy&show_location=1&_id=215&search_type=name'}}"
"{'type': 'node', 'id': 11752108307, 'lat': 48.4720517, 'lon': -123.333638, 'tags': {'addr:unit': '224', 'amenity': 'dentist', 'fax': '+1 250 472-1261', 'healthcare': 'dentist', 'name': 'Shelbourne Dental Clinic', 'opening_hours': 'Mo 08:00-16:00, Tu-We 09:00-17:30, Tu 08:00-16:00, Fr 08:30-17:00, Sa 09:00-17:00', 'phone': '+1 250 477-6141', 'website': 'https://www.shelbournedental.ca/'}}"
"{'type': 'node', 'id': 11752108308, 'lat': 48.4671221, 'lon': -123.3330372, 'tags': {'addr:unit': '210', 'amenity': 'clinic', 'healthcare': 'clinic', 'healthcare:speciality': 'orthodontics', 'name': 'Sharp Orthodontics', 'phone': '+1 250 853-7667', 'website': 'https://www.victoriaorthodontics.ca/'}}"
"{'type': 'node', 'id': 11752108312, 'lat': 48.4578662, 'lon': -123.3327556, 'tags': {'addr:unit': '101A', 'amenity': 'clinic', 'healthcare': 'clinic', 'name': 'Saanich Walk-In Denture Clinic', 'opening_hours': 'Mo-Tu 09:00-16:00, Fr 09:00-12:00', 'phone': '+1 250 595-1665', 'shop': 'dentures', 'website': 'http://dentureclinicvictoria.com/'}}"
"{'type': 'node', 'id': 11752108314, 'lat': 48.44834, 'lon': -123.33354, 'tags': {'addr:unit': '100B', 'amenity': 'clinic', 'healthcare': 'physiotherapy', 'name': 'Shelbourne Physical Therapy', 'opening_hours': 'Mo-Fr 07:00-19:00, Sa 08:00-14:00', 'phone': '+1 250 592-9828', 'website': 'https://www.shelbournephysio.ca/'}}"
"{'type': 'node', 'id': 11752108315, 'lat': 48.448349, 'lon': -123.333858, 'tags': {'addr:unit': '203', 'amenity': 'clinic', 'healthcare': 'alternative', 'healthcare:speciality': 'chiropractic', 'name': 'Victoria Family Chiropractic', 'opening_hours': 'Mo 07:30-13:00, Tu 13:00-19:00, We 07:30-13:00, Th 13:00-19:00, Fr 07:30-13:00', 'phone': '+1 250 592-5553', 'website': 'https://www.vfchiro.com'}}"
"{'type': 'node', 'id': 11752274514, 'lat': 48.4508681, 'lon': -123.3878186, 'tags': {'addr:unit': '1', 'amenity': 'pharmacy', 'fax': '+1 778 432-3785', 'name': 'Forbes IDA Pharmacy', 'opening_hours': 'Mo-Fr 09:00-18:00', 'phone': '+1 778 432-3784', 'website': 'https://www.guardian-ida-remedysrx.ca/en/british-columbia/victoria/forbes-pharmacy-burnside-7001271'}}"
"{'type': 'node', 'id': 11778565069, 'lat': 48.4756589, 'lon': -123.5312015, 'tags': {'addr:housenumber': '1335', 'addr:postcode': 'V9B6T9', 'addr:street': 'Bear Mountain Parkway', 'email': 'admin@dukesphysio.ca', 'healthcare': 'physiotherapist', 'level': '1', 'name': 'Dukes Physio', 'phone': '+1 236 470 1725', 'website': 'https://dukesphysio.ca/'}}"
"{'type': 'node', 'id': 11794671844, 'lat': 49.0299897, 'lon': -122.8013914, 'tags': {'addr:city': 'White Rock', 'addr:housenumber': '1539', 'addr:postcode': 'V4B 3Z6', 'addr:street': 'Johnston Road', 'amenity': 'pharmacy', 'healthcare': 'pharmacy', 'name': 'Family Care Pharmacy', 'phone': '+1-604-536-1300', 'shop': 'chemist'}}"
"{'type': 'node', 'id': 11842924270, 'lat': 48.4255204, 'lon': -123.3692214, 'tags': {'addr:housenumber': '400', 'addr:postcode': 'V8W 1T9', 'addr:street': 'Bastion Square', 'amenity': 'clinic', 'healthcare': 'clinic', 'name': 'Cognito Health', 'opening_hours': 'Mo-Fr 08:30-16:30', 'phone': '+12509004028', 'website': 'https://www.getcognito.ca/'}}"
"{'type': 'node', 'id': 11903144669, 'lat': 48.425859, 'lon': -123.3631893, 'tags': {'addr:housenumber': '749', 'addr:postcode': 'V8W 1L6', 'addr:street': 'Yates Street', 'healthcare': 'optometrist', 'internet_access': 'wlan', 'name': 'Family Eyecare Centre of Victoria', 'opening_hours': 'Mo, We 08:00-17:00; Tu, Th 08:00-19:00; Sa 09:00-16:00; Fr 09:00-17:00', 'phone': '+1-250-383-2411', 'website': 'https://familyeyecarecentre.com'}}"
"{'type': 'node', 'id': 11961504234, 'lat': 49.0592026, 'lon': -122.7985669, 'tags': {'addr:city': 'Surrey', 'addr:housenumber': '15292', 'addr:postcode': 'V3Z 0Z5', 'addr:province': 'BC', 'addr:street': 'Croydon Drive', 'addr:unit': '111', 'check_date:opening_hours': '2024-06-06', 'description': 'South Surrey/White Rock IMS and Manual Physiotherapy Clinic', 'email': 'sheanaphysio@gmail.com', 'healthcare': 'physiotherapist', 'name': 'Seaside/Sheana Physiotherapy', 'opening_hours': 'Mo,We,Fr 09:15-14:00; Tu off; Th off; Sa off; Su off; PH off', 'phone': '+1 604-644-6962', 'reservation:website': 'https://seasidephysio.janeapp.com/', 'website': 'https://www.imsphysiotherapy.com/', 'website:booking': 'https://seasidephysio.janeapp.com/', 'wheelchair': 'yes'}}"
"{'type': 'node', 'id': 11974592379, 'lat': 48.4557773, 'lon': -123.3749682, 'tags': {'addr:housenumber': '3551', 'addr:street': 'Blanshard Street', 'addr:unit': '104', 'amenity': 'doctors', 'healthcare': 'doctor', 'healthcare:speciality': 'physiatry', 'name': 'Rebalance MD'}}"
"{'type': 'node', 'id': 11974592380, 'lat': 48.455827, 'lon': -123.3750325, 'tags': {'addr:housenumber': '3551', 'addr:street': 'Blanshard Street', 'addr:unit': '105', 'healthcare': 'optometrist', 'name': 'Specsavers', 'phone': '+1-250-410-1504', 'website': 'https://www.specsavers.ca/'}}"
"{'type': 'node', 'id': 11974592388, 'lat': 48.45564, 'lon': -123.3754915, 'tags': {'addr:housenumber': '3561', 'addr:street': 'Blanshard Street', 'amenity': 'clinic', 'healthcare': 'clinic', 'healthcare:speciality': 'general'}}"
"{'type': 'node', 'id': 11992477209, 'lat': 48.4252776, 'lon': -123.3526771, 'tags': {'brand': 'LifeLabs', 'brand:wikidata': 'Q109319451', 'healthcare': 'laboratory', 'healthcare:speciality': 'blood_check', 'name': 'LifeLabs', 'opening_hours': 'Mo-Fr 09:00-17:00'}}"
"{'type': 'node', 'id': 12026736418, 'lat': 48.4236512, 'lon': -123.3577622, 'tags': {'healthcare': 'alternative', 'name': 'Quanta Healing and Vitality', 'opening_hours': 'Mo-Su 08:30-17:00'}}"
"{'type': 'node', 'id': 12117585171, 'lat': 48.92213, 'lon': -123.7174472, 'tags': {'addr:housenumber': '9762', 'addr:street': 'Willow Street', 'amenity': 'pharmacy', 'brand': 'Rexall', 'brand:wikidata': 'Q39045377', 'healthcare': 'pharmacy', 'name': 'Rexall'}}"
"{'type': 'node', 'id': 12175961279, 'lat': 48.4239395, 'lon': -123.3576146, 'tags': {'addr:city': 'Victoria', 'addr:housenumber': '946', 'addr:postcode': 'V8V 3K2', 'addr:province': 'BC', 'addr:street': 'Fort St', 'amenity': 'clinic', 'healthcare': 'clinic', 'name': 'Aestheva Medical Aesthetics', 'operator': 'Dr Helen Ross', 'operator:type': 'business'}}"
"{'type': 'node', 'id': 12185957923, 'lat': 48.4460141, 'lon': -123.336516, 'tags': {'amenity': 'dentist', 'healthcare': 'dentist', 'level': '0', 'name': 'Hillside Dental Clinic'}}"
"{'type': 'node', 'id': 12217384014, 'lat': 49.107341, 'lon': -123.8614887, 'tags': {'addr:unit': '2A', 'amenity': 'pharmacy', 'fax': '+1 250 323-8689', 'name': 'The Medicine Shoppe', 'phone': '+1 250 323-8688', 'website': 'https://www.medicineshoppe.ca/en/british-columbia/nanaimo/the-medicine-shoppe-pharmacy-352-7007175'}}"
"{'type': 'node', 'id': 12249152690, 'lat': 48.105965, 'lon': -123.4371964, 'tags': {'amenity': 'dentist', 'check_date': '2024-10-13', 'healthcare': 'dentist', 'name': 'Todd Haworth DDS'}}"
"{'type': 'node', 'id': 12249152700, 'lat': 48.1107003, 'lon': -123.3619927, 'tags': {'check_date': '2024-10-13', 'healthcare': 'optometrist', 'name': 'Walmart Vision Center', 'opening_hours': 'Mo-Sa 09:00-19:00; Su 12:00-17:00'}}"
"{'type': 'node', 'id': 12249165945, 'lat': 48.1084626, 'lon': -123.3615966, 'tags': {'check_date': '2024-10-13', 'healthcare': 'counselling', 'name': 'Reflections Counseling Group'}}"
"{'type': 'node', 'id': 12249296689, 'lat': 48.1084626, 'lon': -123.3615965, 'tags': {'check_date': '2024-10-13', 'healthcare': 'counselling', 'name': 'Reflections Counseling Group'}}"
"{'type': 'node', 'id': 12389203888, 'lat': 48.414472, 'lon': -123.3562848, 'tags': {'addr:city': 'Victoria', 'addr:housenumber': '313', 'addr:postcode': 'V8V 3X5', 'addr:province': 'BC', 'addr:street': 'Cook Street', 'addr:unit': '2', 'amenity': 'dentist', 'check_date:opening_hours': '2024-12-01', 'healthcare': 'dentist', 'name': 'Grand Dentistry', 'opening_hours:signed': 'no'}}"
"{'type': 'node', 'id': 12428738740, 'lat': 48.442645, 'lon': -123.510822, 'tags': {'addr:housenumber': '2968', 'addr:street': 'Jacklin Road', 'amenity': 'clinic', 'fax': '+1 778 405-1657', 'healthcare': 'optometrist', 'name': 'Cowichan Eyecare', 'opening_hours': 'Mo-Fr 09:00-17:00, Sa 09:00-14:00', 'phone': '+1 778 744-3483', 'website': 'https://myeyecare.ca/location/langford-area/'}}"
"{'type': 'node', 'id': 12456077840, 'lat': 48.823224, 'lon': -124.0574999, 'tags': {'addr:housenumber': '138', 'addr:postcode': 'V0R 2G0', 'addr:street': 'South Shore Road', 'amenity': 'pharmacy', 'branch': 'Southshore', 'drive_through': 'no', 'email': 'lakecowichan@islandpharmacy.ca', 'healthcare': 'pharmacy', 'name': 'Island Pharmacy', 'opening_hours': 'Mo-Sa 09:30-17:00; PH off; Dec 24, Dec 31 09:30-15:00', 'website': 'https://islandpharmacy.ca/island-pharmacy-southshore-lake-cowichan-bc'}}"
