OSM_Data
"{'type': 'node', 'id': 358088306, 'lat': 39.191513, 'lon': -94.578809, 'tags': {'addr:city': 'Kansas City', 'addr:housenumber': '211', 'addr:postcode': '64118', 'addr:street': 'Northeast 54th Street', 'addr:unit': 'Suite 100', 'amenity': 'clinic', 'gnis:feature_id': '2477695', 'healthcare': 'clinic', 'name': 'Creekwood Surgery Center', 'opening_hours': 'Mo-Fr 06:00-17:00', 'phone': '+1 816 455 4214', 'website': 'http://www.creekwood-sc.com/'}}"
"{'type': 'node', 'id': 358644223, 'lat': 38.9946, 'lon': -94.7762, 'tags': {'addr:city': 'Shawnee', 'addr:housenumber': '7405', 'addr:postcode': '66217', 'addr:street': 'Renner Road', 'amenity': 'hospital', 'emergency': 'no', 'gnis:feature_id': '2098856', 'name': 'KU MedWest', 'old_name': 'Cedar Ridge Hospital', 'website': 'https://www.kumed.com/find-us/ku-medwest'}}"
"{'type': 'node', 'id': 358648083, 'lat': 39.056016, 'lon': -94.881081, 'tags': {'ele': '245', 'gnis:feature_id': '2510467', 'healthcare': 'optometrist', 'name': 'Epic Vision Eye Center'}}"
"{'type': 'node', 'id': 366762454, 'lat': 39.113309, 'lon': -94.6252, 'tags': {'addr:state': 'KS', 'amenity': 'clinic', 'ele': '260', 'gnis:feature_id': '2510079', 'healthcare': 'clinic', 'name': 'Wyandotte County Health Department', 'source': 'USGS Geonames'}}"
"{'type': 'node', 'id': 366762732, 'lat': 38.8665, 'lon': -94.8176, 'tags': {'addr:state': 'KS', 'amenity': 'doctors', 'ele': '318', 'gnis:feature_id': '2099266', 'healthcare': 'doctor', 'name': 'Station 1103 Emergency Medical Services', 'source': 'USGS Geonames'}}"
"{'type': 'node', 'id': 366762775, 'lat': 39.114734, 'lon': -94.629107, 'tags': {'addr:state': 'KS', 'amenity': 'doctors', 'ele': '262', 'gnis:feature_id': '2510194', 'healthcare': 'doctor', 'name': 'Wyandotte Center for Community Behavioral Healthcare of Kansas City', 'source': 'USGS Geonames'}}"
"{'type': 'node', 'id': 1028303855, 'lat': 38.9560792, 'lon': -94.6298401, 'tags': {'amenity': 'pharmacy', 'brand': 'CVS Pharmacy', 'brand:website': 'https://www.cvs.com/', 'brand:wikidata': 'Q2078880', 'brand:wikipedia': 'en:CVS Pharmacy', 'healthcare': 'pharmacy', 'name': 'CVS Pharmacy', 'short_name': 'CVS', 'website': 'https://www.cvs.com/store-locator/overland-park-ks-pharmacies/9521-mission-rd-overland-park-ks-66206/storeid=8606'}}"
"{'type': 'node', 'id': 1358370909, 'lat': 39.0375008, 'lon': -94.4140742, 'tags': {'addr:city': 'Independence', 'addr:housenumber': '4545', 'addr:postcode': '64055', 'addr:street': 'South Noland Road', 'amenity': 'pharmacy', 'brand': 'Hy-Vee Pharmacy', 'brand:wikidata': 'Q1639719', 'dispensing': 'yes', 'healthcare': 'pharmacy', 'name': 'Hy-Vee Pharmacy', 'phone': '(816) 478-1968'}}"
"{'type': 'node', 'id': 1792742562, 'lat': 39.7868808, 'lon': -95.0894563, 'tags': {'amenity': 'dentist', 'healthcare': 'dentist', 'name': 'Dennis T. Myers DDS PA'}}"
"{'type': 'node', 'id': 1799956350, 'lat': 39.0679621, 'lon': -94.5806441, 'tags': {'amenity': 'pharmacy', 'brand': 'Costco Pharmacy', 'brand:wikidata': 'Q715583', 'dispensing': 'yes', 'healthcare': 'pharmacy', 'name': 'Costco Pharmacy', 'phone': '+18162160002'}}"
"{'type': 'node', 'id': 1811945308, 'lat': 39.0366472, 'lon': -94.3576322, 'tags': {'addr:housename': 'Costco Wholesale', 'addr:housenumber': '19040', 'addr:postcode': '64055', 'addr:street': 'E Valley View Pkwy', 'amenity': 'pharmacy', 'brand': 'Costco Pharmacy', 'brand:wikidata': 'Q715583', 'healthcare': 'pharmacy', 'name': 'Costco Pharmacy'}}"
"{'type': 'node', 'id': 1824991480, 'lat': 38.8105989, 'lon': -94.9257463, 'tags': {'amenity': 'pharmacy', 'healthcare': 'pharmacy', 'name': 'Gardner Pharmacy'}}"
"{'type': 'node', 'id': 1868954640, 'lat': 39.0484732, 'lon': -94.4174851, 'tags': {'amenity': 'dentist', 'healthcare': 'dentist', 'name': ""Meiner's Dentistry""}}"
"{'type': 'node', 'id': 1883279389, 'lat': 38.9467177, 'lon': -94.5839435, 'tags': {'amenity': 'dentist', 'healthcare': 'dentist', 'name': 'Davis Family Dental'}}"
"{'type': 'node', 'id': 1886126377, 'lat': 39.1025257, 'lon': -94.582906, 'tags': {'addr:city': 'Kansas City', 'addr:housenumber': '921', 'addr:state': 'MO', 'addr:street': 'Main Street', 'amenity': 'pharmacy', 'brand': 'CVS Pharmacy', 'brand:website': 'https://www.cvs.com/', 'brand:wikidata': 'Q2078880', 'brand:wikipedia': 'en:CVS Pharmacy', 'healthcare': 'pharmacy', 'name': 'CVS Pharmacy', 'short_name': 'CVS', 'website': 'https://www.cvs.com/store-locator/kansas-city-mo-pharmacies/921-main-street-kansas-city-mo-64105/storeid=8592'}}"
"{'type': 'node', 'id': 1887643878, 'lat': 38.9191005, 'lon': -94.3595427, 'tags': {'addr:city': ""Lee's Summit"", 'addr:housenumber': '301', 'addr:postcode': '64086', 'addr:street': 'Northeast Rice Road', 'amenity': 'pharmacy', 'brand': 'Hy-Vee Pharmacy', 'brand:wikidata': 'Q1639719', 'healthcare': 'pharmacy', 'name': 'Hy-Vee Pharmacy', 'phone': '(816) 524-6377', 'website': 'https://www.hy-vee.com/'}}"
"{'type': 'node', 'id': 1890951476, 'lat': 39.1155287, 'lon': -94.767526, 'tags': {'addr:city': 'Kansas City', 'addr:country': 'US', 'addr:housenumber': '8101', 'addr:postcode': '66112', 'addr:state': 'KS', 'addr:street': 'State Avenue', 'amenity': 'pharmacy', 'brand': 'CVS Pharmacy', 'brand:website': 'https://www.cvs.com/', 'brand:wikidata': 'Q2078880', 'brand:wikipedia': 'en:CVS Pharmacy', 'contact:facebook': 'https://www.facebook.com/CVS', 'contact:twitter': 'https://twitter.com/cvspharmacy', 'contact:youtube': 'https://www.youtube.com/cvspharmacyvideos', 'healthcare': 'pharmacy', 'name': 'CVS Pharmacy', 'opening_hours': 'Mo-Fr 09:00-13:30,14:00-20:00; Sa 09:00-13:30,14:00-18:00; Su 10:00-13:30,14:00-18:00', 'opening_hours:store': '24/7', 'phone': '+1 913 299 1020', 'short_name': 'CVS', 'website': 'https://www.cvs.com/store-locator/kansas-city-ks-pharmacies/8101-state-ave-kansas-city-ks-66112/storeid=8600'}}"
"{'type': 'node', 'id': 1905074984, 'lat': 39.0662341, 'lon': -94.5851261, 'tags': {'healthcare': 'physiotherapist', 'name': 'SERC Physical & Hand Therapy'}}"
"{'type': 'node', 'id': 2324922655, 'lat': 38.8551137, 'lon': -94.780764, 'tags': {'amenity': 'pharmacy', 'brand': 'CVS Pharmacy', 'brand:website': 'https://www.cvs.com/', 'brand:wikidata': 'Q2078880', 'brand:wikipedia': 'en:CVS Pharmacy', 'healthcare': 'pharmacy', 'name': 'CVS Pharmacy', 'short_name': 'CVS', 'website': 'https://www.cvs.com/store-locator/olathe-ks-pharmacies/1785-s-mur-len-rd-olathe-ks-66062/storeid=5257'}}"
"{'type': 'node', 'id': 2420247649, 'lat': 39.2780839, 'lon': -94.4204161, 'tags': {'addr:city': 'Liberty', 'addr:housenumber': '2609', 'addr:postcode': '64068', 'addr:street': 'Glenn Hendren Drive', 'amenity': 'clinic', 'name': 'Liberty Clinic', 'phone': '+1 816 781 7730', 'website': 'https://www.libertyhospital.org/clinics/the-liberty-clinic.aspx'}}"
"{'type': 'node', 'id': 2492829831, 'lat': 39.2750832, 'lon': -93.95978, 'tags': {'addr:city': 'Richmond', 'addr:housenumber': '401', 'addr:postcode': '64085', 'addr:street': 'Wollard Boulevard', 'amenity': 'pharmacy', 'drive_through': 'yes', 'healthcare': 'pharmacy', 'name': 'C & C Discount Pharmacy', 'phone': '+1 816-776-6926'}}"
"{'type': 'node', 'id': 2583026164, 'lat': 39.1091212, 'lon': -94.5842965, 'tags': {'addr:city': 'Kansas City', 'addr:housenumber': '317', 'addr:postcode': '64105', 'addr:state': 'MO', 'addr:street': 'Delaware Street', 'amenity': 'dentist', 'healthcare': 'dentist', 'name': 'River Market Dental', 'phone': '(816) 867-4148', 'website': 'https://www.rivermarketdentistry.com/'}}"
"{'type': 'node', 'id': 2597272077, 'lat': 39.0679628, 'lon': -94.5851985, 'tags': {'healthcare': 'physiotherapist', 'name': 'Select Physical Therapy'}}"
"{'type': 'node', 'id': 2616918457, 'lat': 38.9406628, 'lon': -94.7025782, 'tags': {'amenity': 'pharmacy', 'healthcare': 'pharmacy', 'name': 'The Medicine Shoppee', 'website': 'https://www.medicineshoppe.com/'}}"
"{'type': 'node', 'id': 2653471247, 'lat': 39.2463716, 'lon': -94.6489812, 'tags': {'addr:city': 'Kansas City', 'addr:housenumber': '6003', 'addr:state': 'MO', 'addr:street': 'Northwest Barry Road', 'amenity': 'dentist', 'healthcare': 'dentist', 'name': 'Little Chompers Pediatric Dentistry', 'opening_hours': 'Mo 08:00-17:00; Tu 07:00-19:00; Th 13:00-16:30; Fr 08:00-12:00', 'phone': '+1-816-207-3022'}}"
"{'type': 'node', 'id': 2653471249, 'lat': 39.2462978, 'lon': -94.6482684, 'tags': {'healthcare': 'physiotherapist', 'name': 'Nothland Physical Therapy'}}"
"{'type': 'node', 'id': 2653471261, 'lat': 39.2459187, 'lon': -94.6474882, 'tags': {'addr:housenumber': '5811', 'addr:street': 'Northwest Barry Road', 'amenity': 'doctors', 'healthcare': 'optometrist', 'name': 'Sabates Eye Center', 'shop': 'yes'}}"
"{'type': 'node', 'id': 2653471262, 'lat': 39.2463965, 'lon': -94.6444999, 'tags': {'amenity': 'doctors', 'healthcare': 'doctor', 'name': 'Barry Road Dental Group'}}"
"{'type': 'node', 'id': 2653471264, 'lat': 39.2464027, 'lon': -94.6443326, 'tags': {'healthcare': 'alternative', 'healthcare:speciality': 'chiropractic', 'name': 'Easley Chiropractic'}}"
"{'type': 'node', 'id': 2653599680, 'lat': 39.2484169, 'lon': -94.6531258, 'tags': {'healthcare': 'alternative', 'healthcare:speciality': 'chiropractic', 'name': 'Barry Road Chiropractic'}}"
"{'type': 'node', 'id': 2653599736, 'lat': 39.2504293, 'lon': -94.6620492, 'tags': {'amenity': 'dentist', 'healthcare': 'dentist', 'healthcare:speciality': 'orthodontics', 'name': 'Christiansen Orthodontics'}}"
"{'type': 'node', 'id': 2653599755, 'lat': 39.2465731, 'lon': -94.6678679, 'tags': {'addr:city': 'Kansas City', 'addr:housenumber': '7577A', 'addr:postcode': '64153', 'addr:state': 'MO', 'addr:street': 'Northwest Barry Road', 'amenity': 'dentist', 'fax': '+1-816-746-8937', 'healthcare': 'dentist', 'healthcare:speciality': 'orthodontics', 'name': 'Dr. Weber Orthodontics', 'opening_hours': 'Mo-Fr 08:00-17:00', 'phone': '+1-816-746-1200', 'website': 'https://drweberorthodontics.com/'}}"
"{'type': 'node', 'id': 2670074236, 'lat': 38.9155752, 'lon': -94.6376774, 'tags': {'amenity': 'pharmacy', 'brand': 'CVS Pharmacy', 'brand:website': 'https://www.cvs.com/', 'brand:wikidata': 'Q2078880', 'brand:wikipedia': 'en:CVS Pharmacy', 'dispensing': 'yes', 'healthcare': 'pharmacy', 'name': 'CVS Pharmacy', 'short_name': 'CVS', 'website': 'https://www.cvs.com/store-locator/leawood-ks-pharmacies/11729-roe-ave-leawood-ks-66211/storeid=8588'}}"
"{'type': 'node', 'id': 2670074300, 'lat': 38.9434442, 'lon': -94.6074945, 'tags': {'brand': 'CVS Pharmacy', 'brand:website': 'https://www.cvs.com/', 'brand:wikidata': 'Q2078880', 'brand:wikipedia': 'en:CVS Pharmacy', 'dispensing': 'yes', 'disused:amenity': 'pharmacy', 'healthcare': 'pharmacy', 'name': 'CVS Pharmacy', 'short_name': 'CVS'}}"
"{'type': 'node', 'id': 2670976774, 'lat': 39.1437628, 'lon': -94.580009, 'tags': {'amenity': 'doctors', 'healthcare': 'doctor', 'name': 'Friendly Dentistry'}}"
"{'type': 'node', 'id': 3383587689, 'lat': 39.2160171, 'lon': -94.5757098, 'tags': {'addr:city': 'Gladstone', 'addr:housenumber': '6717', 'addr:postcode': '64118', 'addr:state': 'MO', 'addr:street': 'North Oak Trafficway', 'amenity': 'doctors', 'healthcare': 'doctor', 'healthcare:speciality': 'podiatry', 'name': 'Family Foot Docs', 'phone': '+1 816 452 1211', 'website': 'http://familyfootdocs.com/'}}"
"{'type': 'node', 'id': 3430833352, 'lat': 39.2039666, 'lon': -94.5770887, 'tags': {'addr:city': 'Gladstone', 'addr:housenumber': '6080', 'addr:postcode': '64118', 'addr:state': 'MO', 'addr:street': 'North Oak Trafficway', 'amenity': 'doctors', 'healthcare': 'doctor', 'name': 'Bennett Eyecare Midwest'}}"
"{'type': 'node', 'id': 3505828747, 'lat': 39.243855, 'lon': -94.471456, 'tags': {'addr:city': 'Kansas City', 'addr:housenumber': '8880', 'addr:postcode': '64158', 'addr:street': 'Northeast 82nd Terrace', 'amenity': 'doctors', 'healthcare': 'doctor', 'name': 'Mosaic Life Care at Shoal Creek'}}"
"{'type': 'node', 'id': 3547824872, 'lat': 39.2249524, 'lon': -94.5782536, 'tags': {'addr:city': 'Gladstone', 'addr:housenumber': '180', 'addr:postcode': '64118', 'addr:state': 'MO', 'addr:street': 'Northeast 72nd Street', 'amenity': 'doctors', 'healthcare': 'doctor', 'name': 'Dr. Carella Chiropractic Care'}}"
"{'type': 'node', 'id': 3618579203, 'lat': 39.2459079, 'lon': -94.5835751, 'tags': {'addr:city': 'Kansas City', 'addr:housenumber': '335', 'addr:postcode': '64155', 'addr:state': 'MO', 'addr:street': 'Northwest Barry Road', 'healthcare': 'physiotherapist', 'name': 'Modern Physical Therapy', 'opening_hours': 'Mo-Fr 07:00-19:00', 'phone': '(816) 468-5278', 'website': 'https://www.modernpt.com/'}}"
"{'type': 'node', 'id': 3758074986, 'lat': 38.9574634, 'lon': -94.6872743, 'tags': {'amenity': 'pharmacy', 'brand': 'CVS Pharmacy', 'brand:website': 'https://www.cvs.com/', 'brand:wikidata': 'Q2078880', 'brand:wikipedia': 'en:CVS Pharmacy', 'healthcare': 'pharmacy', 'name': 'CVS Pharmacy', 'short_name': 'CVS', 'website': 'https://www.cvs.com/store-locator/overland-park-ks-pharmacies/8800-w-95th-street-overland-park-ks-66212/storeid=8582'}}"
"{'type': 'node', 'id': 3790776099, 'lat': 39.2085729, 'lon': -94.6516305, 'tags': {'addr:city': 'Kansas City', 'addr:housenumber': '6300', 'addr:postcode': '64151', 'addr:state': 'MO', 'addr:street': 'North Revere Avenue', 'addr:unit': '210', 'amenity': 'dentist', 'check_date:opening_hours': '2021-04-20', 'healthcare': 'dentist', 'name': 'Family Dental Care', 'opening_hours': 'Mo,Tu,Th,Fr 09:00-17:00', 'phone': '+1-816-505-9767', 'website': 'https://www.familydentalcarekc.com/'}}"
"{'type': 'node', 'id': 3797117670, 'lat': 38.955888, 'lon': -94.6483558, 'tags': {'addr:city': 'Overland Park', 'addr:housenumber': '9501', 'addr:postcode': '66207', 'addr:state': 'KS', 'addr:street': 'Nall Avenue', 'amenity': 'pharmacy', 'brand': 'CVS Pharmacy', 'brand:website': 'https://www.cvs.com/', 'brand:wikidata': 'Q2078880', 'brand:wikipedia': 'en:CVS Pharmacy', 'healthcare': 'pharmacy', 'name': 'CVS Pharmacy', 'short_name': 'CVS', 'website': 'https://www.cvs.com/store-locator/overland-park-ks-pharmacies/9501-nall-ave-overland-park-ks-66207/storeid=5271'}}"
"{'type': 'node', 'id': 3835279099, 'lat': 38.5732077, 'lon': -94.8577926, 'tags': {'addr:city': 'Paola', 'addr:housenumber': '310', 'addr:postcode': '66071', 'addr:state': 'KS', 'addr:street': 'Hedge Lane', 'amenity': 'pharmacy', 'brand': 'Walmart', 'brand:wikidata': 'Q483551', 'check_date': '2024-08-05', 'healthcare': 'pharmacy', 'name': 'Walmart Pharmacy', 'opening_hours': 'Mo-Sa 09:00-19:00; Su 10:00-18:00', 'website': 'https://www.walmart.com/store/242-paola-ks/pharmacy'}}"
"{'type': 'node', 'id': 3872015094, 'lat': 39.0311759, 'lon': -94.2880336, 'tags': {'amenity': 'dentist', 'healthcare': 'dentist', 'name': 'Foster Dental Care'}}"
"{'type': 'node', 'id': 3872015096, 'lat': 39.0303295, 'lon': -94.2830331, 'tags': {'amenity': 'doctors', 'healthcare': 'doctor', 'name': 'Blue Springs Pediatrics'}}"
"{'type': 'node', 'id': 3872015102, 'lat': 39.0190099, 'lon': -94.2717392, 'tags': {'amenity': 'doctors', 'healthcare': 'doctor', 'name': 'Blue Springs Family Care, PC'}}"
"{'type': 'node', 'id': 4060517000, 'lat': 38.8123098, 'lon': -94.4961466, 'tags': {'amenity': 'clinic', 'healthcare': 'clinic', 'name': 'Urgent Care'}}"
"{'type': 'node', 'id': 4259697747, 'lat': 38.9635921, 'lon': -94.9796648, 'tags': {'addr:city': 'De Soto', 'addr:housenumber': '8960', 'addr:postcode': '66018', 'addr:street': 'Commerce Drive', 'amenity': 'pharmacy', 'healthcare': 'pharmacy', 'name': 'Cedar Creek Pharmacy', 'opening_hours': '09:00-18:00'}}"
"{'type': 'node', 'id': 4440560390, 'lat': 38.9331169, 'lon': -94.6481587, 'tags': {'addr:housenumber': '10777', 'addr:postcode': '66211', 'addr:street': 'Nall Avenue', 'amenity': 'doctors', 'healthcare': 'doctor', 'healthcare:speciality': 'reproductive_medicine', 'name': 'KU Center for Advanced Reproductive Medicine', 'phone': '+1-913-588-2229', 'website': 'https://www.kumc.edu/carm', 'wheelchair': 'yes'}}"
"{'type': 'node', 'id': 4440780089, 'lat': 38.9827603, 'lon': -94.6069814, 'tags': {'addr:housenumber': '8080', 'addr:postcode': '64114', 'addr:street': 'Ward Parkway', 'amenity': 'clinic', 'healthcare': 'clinic', 'name': 'The Transgender Institute', 'name:en': 'The Transgender Institute', 'phone': '8163050943', 'website': 'https://transinstitute.org/'}}"
"{'type': 'node', 'id': 4520240135, 'lat': 39.0511456, 'lon': -94.3695974, 'tags': {'amenity': 'pharmacy', 'brand': 'CVS Pharmacy', 'brand:website': 'https://www.cvs.com/', 'brand:wikidata': 'Q2078880', 'brand:wikipedia': 'en:CVS Pharmacy', 'dispensing': 'yes', 'healthcare': 'pharmacy', 'name': 'CVS Pharmacy', 'short_name': 'CVS', 'website': 'https://www.cvs.com/store-locator/independence-mo-pharmacies/17810-e-39th-st-s-independence-mo-64055/storeid=16558'}}"
"{'type': 'node', 'id': 4523817599, 'lat': 38.9925574, 'lon': -94.4692407, 'tags': {'healthcare': 'physiotherapist', 'name': 'Select Physical Therapy'}}"
"{'type': 'node', 'id': 4523817601, 'lat': 38.9927411, 'lon': -94.4694757, 'tags': {'amenity': 'dentist', 'healthcare': 'dentist', 'name': 'Orthodontist'}}"
"{'type': 'node', 'id': 4839154684, 'lat': 39.212357, 'lon': -94.6456858, 'tags': {'addr:city': 'Kansas City', 'addr:housenumber': '6449', 'addr:postcode': '64151', 'addr:state': 'MO', 'addr:street': 'North Cosby Avenue', 'amenity': 'doctors', 'healthcare': 'doctor', 'name': 'Ottis Family Chiropractic'}}"
"{'type': 'node', 'id': 4848031614, 'lat': 39.0302203, 'lon': -94.2801779, 'tags': {'amenity': 'dentist', 'healthcare': 'dentist', 'name': 'Dykhouse Orthodontics'}}"
"{'type': 'node', 'id': 4857207137, 'lat': 39.253446, 'lon': -94.4488734, 'tags': {'amenity': 'doctors', 'healthcare': 'doctor', 'name': 'McKnight Eye Centers'}}"
"{'type': 'node', 'id': 4937014581, 'lat': 39.2460451, 'lon': -94.6665387, 'tags': {'addr:city': 'Kansas City', 'addr:housenumber': '8335', 'addr:postcode': '64152', 'addr:state': 'MO', 'addr:street': 'North Congress Avenue', 'healthcare': 'alternative', 'healthcare:speciality': 'chiropractic', 'name': 'Fountain of Life Family Chiropractic', 'phone': '+1-816-741-4711', 'website': 'https://www.fountainoflifechiro.com/'}}"
"{'type': 'node', 'id': 4937014584, 'lat': 39.2465726, 'lon': -94.6677189, 'tags': {'addr:city': 'Kansas City', 'addr:housenumber': '7577B', 'addr:postcode': '64153', 'addr:state': 'MO', 'addr:street': 'Northwest Barry Road', 'amenity': 'doctors', 'healthcare': 'doctor', 'name': 'Facial Surgery Group', 'opening_hours': 'Mo-Fr 08:00-17:00', 'phone': '+1-816-759-0210', 'website': 'https://www.bestoralsurgerykc.com/'}}"
"{'type': 'node', 'id': 4937014585, 'lat': 39.2461816, 'lon': -94.6680034, 'tags': {'addr:city': 'Kansas City', 'addr:housenumber': '8355', 'addr:postcode': '64153', 'addr:state': 'MO', 'addr:street': 'North Congress Avenue', 'amenity': 'dentist', 'healthcare': 'dentist', 'name': 'Heartland Family Dentistry', 'phone': '+1-816-587-9500', 'website': 'http://scottnguyendentalcare.com/'}}"
"{'type': 'node', 'id': 4937014587, 'lat': 39.2461846, 'lon': -94.6677893, 'tags': {'addr:city': 'Kansas City', 'addr:housenumber': '8359', 'addr:postcode': '64152', 'addr:state': 'MO', 'addr:street': 'North Congress Avenue', 'amenity': 'doctors', 'healthcare': 'doctor', 'name': 'I Got Your Back', 'phone': '+1-816-468-9990', 'website': 'https://www.drhudak.com/'}}"
"{'type': 'node', 'id': 4937014588, 'lat': 39.2461828, 'lon': -94.6676722, 'tags': {'addr:city': 'Kansas City', 'addr:housenumber': '8361', 'addr:postcode': '64152', 'addr:state': 'MO', 'addr:street': 'North Congress Avenue', 'amenity': 'dentist', 'fax': '+1-816-505-3638', 'healthcare': 'dentist', 'name': 'Zona Rosa Endodontics', 'opening_hours': 'Mo-Th 08:00-16:00', 'phone': '+1-816-505-3636', 'website': 'http://www.zonarosaendodontics.com/'}}"
"{'type': 'node', 'id': 4937031748, 'lat': 39.2456001, 'lon': -94.6678343, 'tags': {'addr:city': 'Kansas City', 'addr:housenumber': '8303', 'addr:postcode': '64152', 'addr:state': 'MO', 'addr:street': 'North Congress Avenue', 'amenity': 'doctors', 'email': 'office@kcnorthsjc.com', 'fax': '+1-816-584-0453', 'healthcare': 'doctor', 'name': 'KC North Spine and Joint Center', 'opening_hours': 'Mo 09:00-18:00, Tu 13:00-18:00, We 09:00-18:00, Th 13:00-18:00, Fr 09:00-18:00', 'phone': '+1-816-584-0413', 'website': 'https://kcnorthsjc.com/'}}"
"{'type': 'node', 'id': 5005715091, 'lat': 39.2088713, 'lon': -94.6487174, 'tags': {'addr:city': 'Kansas City', 'addr:housenumber': '6352', 'addr:postcode': '64151', 'addr:state': 'MO', 'addr:street': 'North Cosby Avenue', 'air_conditioning': 'yes', 'amenity': 'clinic', 'healthcare': 'clinic', 'healthcare:speciality': 'dermatology', 'name': 'Northland Dermatology - Dr. Christopher Rouse', 'opening_hours': 'Mo-Tu 8:30-16:30; We 12:00-19:00; Th-Fr 8:30-16:30', 'phone': '+1-816-307-1011', 'website': 'https://northlanddermatology.com/home/'}}"
"{'type': 'node', 'id': 5005752571, 'lat': 39.2089117, 'lon': -94.6493189, 'tags': {'addr:city': 'Kansas City', 'addr:housenumber': '5910', 'addr:postcode': '64151', 'addr:state': 'MO', 'addr:street': 'Northwest 63rd Terrace', 'amenity': 'clinic', 'healthcare': 'clinic', 'name': 'Living Balance Chiropractic and Acupuncture', 'website': 'http://www.livingbalancekc.com/'}}"
"{'type': 'node', 'id': 5008683078, 'lat': 39.2576766, 'lon': -94.6550586, 'tags': {'addr:city': 'Kansas City', 'addr:housenumber': '9040', 'addr:postcode': '64154', 'addr:state': 'MO', 'addr:street': 'Northwest Skyview Avenue', 'amenity': 'pharmacy', 'brand': 'CVS Pharmacy', 'brand:website': 'https://www.cvs.com/', 'brand:wikidata': 'Q2078880', 'brand:wikipedia': 'en:CVS Pharmacy', 'healthcare': 'pharmacy', 'name': 'CVS Pharmacy', 'short_name': 'CVS', 'website': 'https://www.cvs.com/store-locator/kansas-city-mo-pharmacies/9040-n-skyview-ave-kansas-city-mo-64154/storeid=17480'}}"
"{'type': 'node', 'id': 5077719552, 'lat': 39.2585736, 'lon': -94.6534047, 'tags': {'addr:city': 'Kansas City', 'addr:housenumber': '9018', 'addr:postcode': '64154', 'addr:state': 'MO', 'addr:street': 'Northwest Skyview Avenue', 'amenity': 'dentist', 'healthcare': 'dentist', 'healthcare:speciality': 'dentistry', 'name': 'Tiffany Springs Dental Group'}}"
"{'type': 'node', 'id': 5156039407, 'lat': 39.0771061, 'lon': -94.3941635, 'tags': {'addr:city': 'Independence', 'addr:housenumber': '1525', 'addr:postcode': '64055', 'addr:street': 'East 23rd Street South', 'amenity': 'pharmacy', 'brand': 'Hy-Vee Pharmacy', 'brand:wikidata': 'Q1639719', 'healthcare': 'pharmacy', 'name': 'Hy-Vee Pharmacy', 'phone': '(816) 836-9918'}}"
"{'type': 'node', 'id': 5184847399, 'lat': 38.9900309, 'lon': -94.6095169, 'tags': {'addr:city': 'Prairie Village', 'addr:housenumber': '7620', 'addr:postcode': '66208', 'addr:street': 'State Line Road', 'amenity': 'pharmacy', 'brand': 'Hy-Vee Pharmacy', 'brand:wikidata': 'Q1639719', 'dispensing': 'yes', 'healthcare': 'pharmacy', 'name': 'Hy-Vee Pharmacy', 'phone': '+1-913-383-8322'}}"
"{'type': 'node', 'id': 5184875986, 'lat': 38.8526627, 'lon': -94.7596874, 'tags': {'addr:city': 'Olathe', 'addr:housenumber': '14955', 'addr:postcode': '66062', 'addr:state': 'KS', 'addr:street': 'West 151st Street', 'amenity': 'pharmacy', 'brand': 'Hy-Vee Pharmacy', 'brand:wikidata': 'Q1639719', 'healthcare': 'pharmacy', 'name': 'Hy-Vee Pharmacy', 'phone': '+1-913-780-9449'}}"
"{'type': 'node', 'id': 5184888872, 'lat': 39.0193009, 'lon': -94.6628647, 'tags': {'addr:city': 'Mission', 'addr:housenumber': '6655', 'addr:postcode': '66202', 'addr:street': 'Martway Street', 'amenity': 'pharmacy', 'brand': 'Hy-Vee Pharmacy', 'brand:wikidata': 'Q1639719', 'healthcare': 'pharmacy', 'name': 'Hy-Vee Pharmacy', 'phone': '+1-913-831-4477'}}"
"{'type': 'node', 'id': 5185116279, 'lat': 38.8121099, 'lon': -94.5133296, 'tags': {'addr:city': 'Belton', 'addr:housenumber': '307', 'addr:postcode': '64012', 'addr:street': 'East North Avenue', 'amenity': 'pharmacy', 'brand': 'Hy-Vee Pharmacy', 'brand:wikidata': 'Q1639719', 'dispensing': 'yes', 'healthcare': 'pharmacy', 'name': 'Hy-Vee Pharmacy', 'phone': '(816) 318-0404'}}"
"{'type': 'node', 'id': 5185133454, 'lat': 38.9112632, 'lon': -94.7955274, 'tags': {'addr:city': 'Olathe', 'addr:housenumber': '18101', 'addr:postcode': '66061', 'addr:street': 'West 119th Street', 'amenity': 'pharmacy', 'brand': 'Hy-Vee Pharmacy', 'brand:wikidata': 'Q1639719', 'healthcare': 'pharmacy', 'name': 'Hy-Vee Pharmacy', 'phone': '+1-913-393-4154'}}"
"{'type': 'node', 'id': 5185152346, 'lat': 39.0157657, 'lon': -94.7429956, 'tags': {'addr:city': 'Shawnee', 'addr:housenumber': '13550', 'addr:postcode': '66216', 'addr:street': 'West 63rd Street', 'amenity': 'pharmacy', 'brand': 'Hy-Vee Pharmacy', 'brand:wikidata': 'Q1639719', 'dispensing': 'yes', 'drive_through': 'yes', 'healthcare': 'pharmacy', 'name': 'Hy-Vee Pharmacy', 'phone': '+1-913-962-2256'}}"
"{'type': 'node', 'id': 5185155841, 'lat': 38.9938762, 'lon': -94.4695644, 'tags': {'addr:city': 'Raytown', 'addr:housenumber': '9400', 'addr:postcode': '64133', 'addr:street': 'E. 350 Highway', 'amenity': 'pharmacy', 'brand': 'Hy-Vee Pharmacy', 'brand:wikidata': 'Q1639719', 'healthcare': 'pharmacy', 'name': 'Hy-Vee Pharmacy', 'phone': '(816) 358-5988'}}"
"{'type': 'node', 'id': 5185190049, 'lat': 38.9099307, 'lon': -94.3975417, 'tags': {'addr:city': ""Lee's Summit"", 'addr:housenumber': '310', 'addr:postcode': '64081', 'addr:street': 'Southwest Ward Road', 'amenity': 'pharmacy', 'brand': 'Hy-Vee Pharmacy', 'brand:wikidata': 'Q1639719', 'healthcare': 'pharmacy', 'name': 'Hy-Vee Pharmacy', 'phone': '(816) 554-2211'}}"
"{'type': 'node', 'id': 5186318561, 'lat': 38.9559903, 'lon': -94.6839113, 'tags': {'addr:city': 'Overland Park', 'addr:housenumber': '8501', 'addr:postcode': '66212', 'addr:street': 'West 95th Street', 'amenity': 'pharmacy', 'brand': 'Hy-Vee Pharmacy', 'brand:wikidata': 'Q1639719', 'healthcare': 'pharmacy', 'indoor': 'yes', 'level': '1', 'name': 'Hy-Vee Pharmacy', 'phone': '+1-913-894-2079'}}"
"{'type': 'node', 'id': 5186393974, 'lat': 39.2233275, 'lon': -94.5468249, 'tags': {'addr:city': 'Gladstone', 'addr:housenumber': '7117', 'addr:postcode': '64119', 'addr:street': 'North Prospect Avenue', 'amenity': 'pharmacy', 'brand': 'Hy-Vee Pharmacy', 'brand:wikidata': 'Q1639719', 'healthcare': 'pharmacy', 'name': 'Hy-Vee Pharmacy', 'phone': '(816) 452-7711'}}"
"{'type': 'node', 'id': 5186435939, 'lat': 39.2455787, 'lon': -94.4473358, 'tags': {'addr:city': 'Liberty', 'addr:housenumber': '109', 'addr:postcode': '64068', 'addr:street': 'North Blue Jay Drive', 'amenity': 'pharmacy', 'brand': 'Hy-Vee Pharmacy', 'brand:wikidata': 'Q1639719', 'healthcare': 'pharmacy', 'name': 'Hy-Vee Pharmacy', 'phone': '(816) 792-4632'}}"
"{'type': 'node', 'id': 5186482132, 'lat': 39.2454179, 'lon': -94.6461645, 'tags': {'addr:city': 'Kansas City', 'addr:housenumber': '8301', 'addr:postcode': '64151', 'addr:street': 'North Saint Clair Avenue', 'amenity': 'pharmacy', 'brand': 'Hy-Vee Pharmacy', 'brand:wikidata': 'Q1639719', 'healthcare': 'pharmacy', 'name': 'Hy-Vee Pharmacy', 'opening_hours': 'Mo-Su 06:00-23:00', 'phone': '(816) 505-1010'}}"
"{'type': 'node', 'id': 5201198044, 'lat': 39.1422098, 'lon': -94.5734362, 'tags': {'amenity': 'clinic', 'healthcare': 'clinic', 'name': 'Concentra Urgent Care', 'operator': 'Concentra', 'operator:wikidata': 'Q5158304', 'operator:wikipedia': 'en:Concentra'}}"
"{'type': 'node', 'id': 5365294975, 'lat': 39.0676498, 'lon': -94.5534879, 'tags': {'addr:city': 'Kansas City', 'addr:housenumber': '2501', 'addr:postcode': '64128', 'addr:state': 'MO', 'addr:street': 'Prospect Avenue', 'amenity': 'pharmacy', 'brand': 'Walgreens', 'brand:wikidata': 'Q1591889', 'dispensing': 'yes', 'healthcare': 'pharmacy', 'name': 'Walgreens'}}"
"{'type': 'node', 'id': 5440967548, 'lat': 38.8130981, 'lon': -94.5160267, 'tags': {'healthcare': 'alternative', 'healthcare:speciality': 'chiropractic'}}"
"{'type': 'node', 'id': 5446860071, 'lat': 38.8126248, 'lon': -94.4984084, 'tags': {'amenity': 'dentist', 'healthcare': 'dentist', 'name': 'Family Dentistry'}}"
"{'type': 'node', 'id': 5446876102, 'lat': 38.8117566, 'lon': -94.4997846, 'tags': {'healthcare': 'physiotherapist', 'name': 'Cerc Physical Therapy'}}"
"{'type': 'node', 'id': 5446876103, 'lat': 38.8115383, 'lon': -94.4996958, 'tags': {'healthcare': 'rehabilitation', 'name': 'Belton Outpatient Clinic'}}"
"{'type': 'node', 'id': 5456946202, 'lat': 38.8238525, 'lon': -94.5230343, 'tags': {'amenity': 'dentist', 'healthcare': 'dentist', 'name': 'Belton Family Dental Care'}}"
"{'type': 'node', 'id': 5578551022, 'lat': 39.0349873, 'lon': -94.3551618, 'tags': {'addr:city': 'Independence', 'addr:housenumber': '19000', 'addr:postcode': '64055', 'addr:street': 'East Eastland Center Court', 'addr:unit': 'Suite 100', 'amenity': 'clinic', 'healthcare': 'clinic', 'name': 'Medical Imaging Eastland', 'operator': 'Truman Medical Centers', 'phone': '+1 816 876 2900', 'urgent_care': 'yes', 'website': 'https://www.lakewoodhospitalkc.org/services/radiology'}}"
"{'type': 'node', 'id': 5578551029, 'lat': 39.0349373, 'lon': -94.3548654, 'tags': {'addr:city': 'Independence', 'addr:housenumber': '19000', 'addr:postcode': '64055', 'addr:street': 'East Eastland Center Court', 'addr:unit': 'Suite 200', 'amenity': 'doctors', 'healthcare': 'doctor', 'name': 'U.S. HealthWorks Medical Group', 'opening_hours': 'Mo-Fr 08:00-17:00', 'phone': '+1 816 478 9299', 'urgent_care': 'yes', 'website': 'https://www.ushealthworks.com/Medical-Center/Missouri/Independence.html'}}"
"{'type': 'node', 'id': 5578608701, 'lat': 39.2657736, 'lon': -94.5740998, 'tags': {'addr:city': 'Kansas City', 'addr:housenumber': '9411', 'addr:postcode': '64155', 'addr:street': 'North Oak Trafficway', 'addr:unit': 'Suite 100', 'amenity': 'clinic', 'healthcare': 'clinic', 'name': 'Meritas Health Gashland', 'operator': 'Meritas Health', 'phone': '+1 816 436 1800', 'urgent_care': 'yes', 'website': 'https://www.meritashealth.com/home/locations/profile/?id=252'}}"
"{'type': 'node', 'id': 5668189822, 'lat': 39.0296068, 'lon': -94.8500308, 'tags': {'addr:city': 'Shawnee', 'addr:housenumber': '5455', 'addr:postcode': '66226', 'addr:state': 'KS', 'addr:street': 'Roberts Street', 'amenity': 'pharmacy', 'brand': 'Walgreens', 'brand:wikidata': 'Q1591889', 'dispensing': 'yes', 'healthcare': 'pharmacy', 'name': 'Walgreens', 'opening_hours': 'Mo-Su 08:00-20:00', 'payment:cash': 'yes', 'payment:credit_cards': 'yes', 'payment:debit_cards': 'yes'}}"
"{'type': 'node', 'id': 5675405749, 'lat': 39.7688239, 'lon': -94.8011731, 'tags': {'addr:city': 'St. Joseph', 'addr:housenumber': '201', 'addr:postcode': '64506', 'addr:state': 'MO', 'addr:street': 'North Belt Highway', 'amenity': 'pharmacy', 'brand': 'Hy-Vee Pharmacy', 'brand:wikidata': 'Q1639719', 'dispensing': 'yes', 'healthcare': 'pharmacy', 'name': 'Hy-Vee Pharmacy', 'phone': '(816) 232-9011'}}"
"{'type': 'node', 'id': 5716026614, 'lat': 39.1614271, 'lon': -94.5296028, 'tags': {'healthcare': 'rehabilitation', 'healthcare:speciality': 'physiotherapy;general'}}"
"{'type': 'node', 'id': 5764731654, 'lat': 39.2393259, 'lon': -94.5768025, 'tags': {'addr:city': 'Kansas City', 'addr:housenumber': '8002', 'addr:postcode': '64118', 'addr:state': 'MO', 'addr:street': 'North Oak Trafficway', 'addr:unit': '114', 'healthcare': 'podiatrist', 'name': 'Healthy Life Foot Care'}}"
"{'type': 'node', 'id': 5764731655, 'lat': 39.2393907, 'lon': -94.5768012, 'tags': {'addr:city': 'Kansas City', 'addr:housenumber': '8002', 'addr:postcode': '64118', 'addr:state': 'MO', 'addr:street': 'North Oak Trafficway', 'addr:unit': '115', 'healthcare': 'alternative', 'healthcare:speciality': 'chiropractic', 'name': 'Northland Spine And Rehab', 'website': 'https://www.northlandspineandrehab.com/'}}"
"{'type': 'node', 'id': 5779249031, 'lat': 38.9636104, 'lon': -94.6656269, 'tags': {'addr:city': 'Overland Park', 'addr:housenumber': '6871', 'addr:postcode': '66212', 'addr:state': 'KS', 'addr:street': 'West 91st Street', 'contact:facebook': 'https://www.facebook.com/trumpchiro/', 'contact:fax': '+1-913-381-0738', 'contact:phone': '+1-913-381-0740', 'healthcare': 'alternative', 'healthcare:speciality': 'acupuncture;chiropractic', 'name': 'Trump Chiropractic & Acupuncture', 'opening_hours': 'Mo-Th 09:00-18:00; Fr-Sa 09:00-12:00', 'payment:american_express': 'yes', 'payment:discover_card': 'yes', 'payment:mastercard': 'yes', 'payment:visa': 'yes', 'website': 'http://www.trumpchiro.com'}}"
"{'type': 'node', 'id': 5884153904, 'lat': 39.0104718, 'lon': -94.7676753, 'tags': {'addr:city': 'Shawnee', 'addr:housenumber': '15700', 'addr:postcode': '66217-9321', 'addr:state': 'KS', 'addr:street': 'Shawnee Mission Parkway', 'amenity': 'pharmacy', 'brand': 'CVS Pharmacy', 'brand:website': 'https://www.cvs.com/', 'brand:wikidata': 'Q2078880', 'brand:wikipedia': 'en:CVS Pharmacy', 'dispensing': 'yes', 'drive_through': 'no', 'healthcare': 'pharmacy', 'name': 'CVS Pharmacy', 'phone': '+1-913-962-5199', 'short_name': 'CVS', 'website': 'https://www.cvs.com/store-locator/shawnee-ks-pharmacies/15700-shawnee-mission-pkwy-shawnee-ks-66217/storeid=16885'}}"
"{'type': 'node', 'id': 5884153906, 'lat': 39.0102313, 'lon': -94.7687029, 'tags': {'addr:city': 'Shawnee', 'addr:housenumber': '15700', 'addr:postcode': '66217-9321', 'addr:state': 'KS', 'addr:street': 'Shawnee Mission Parkway', 'healthcare': 'optometrist', 'healthcare:speciality': 'optometry', 'name': 'Latter Eyecare', 'phone': '+1-913-787-0196'}}"
"{'type': 'node', 'id': 5971689060, 'lat': 38.9108793, 'lon': -94.7589379, 'tags': {'addr:city': 'Olathe', 'addr:housenumber': '14979', 'addr:postcode': '66062', 'addr:state': 'KS', 'addr:street': 'West 119th Street', 'amenity': 'dentist', 'healthcare': 'dentist', 'name': 'Olathe Pointe Dental', 'phone': '+1-913-780-0080', 'website': 'https://www.olathepointedental.com/'}}"
"{'type': 'node', 'id': 6103716277, 'lat': 39.2633738, 'lon': -94.5739862, 'tags': {'amenity': 'dentist', 'healthcare': 'dentist', 'name': 'North Oak Family Dental Care'}}"
"{'type': 'node', 'id': 6103745862, 'lat': 39.3675768, 'lon': -94.362665, 'tags': {'addr:city': 'Kearney', 'addr:housenumber': '101', 'addr:postcode': '64060', 'addr:state': 'MO', 'addr:street': 'West ST Route 92', 'addr:unit': 'Unit H', 'amenity': 'doctors', 'healthcare': 'doctor', 'healthcare:speciality': 'physical_therapy', 'name': 'SERC Physical Therapy', 'opening_hours': 'Mo-Fr 08:00-17:00; Sa-Su closed', 'phone': '816-903-0777'}}"
"{'type': 'node', 'id': 6103745863, 'lat': 39.3672452, 'lon': -94.3609829, 'tags': {'addr:city': 'Kearney', 'addr:housenumber': '601', 'addr:postcode': '64060', 'addr:state': 'MO', 'addr:street': 'South Jefferson Street', 'amenity': 'pharmacy', 'brand': 'CVS Pharmacy', 'brand:website': 'https://www.cvs.com/', 'brand:wikidata': 'Q2078880', 'brand:wikipedia': 'en:CVS Pharmacy', 'dispensing': 'yes', 'drive_through': 'yes', 'healthcare': 'pharmacy', 'name': 'CVS Pharmacy', 'opening_hours': 'Mo-Su 08:00-10:00', 'payment:apple_pay': 'yes', 'payment:cash': 'yes', 'payment:credit_cards': 'yes', 'phone': '816-635-9001', 'short_name': 'CVS', 'website': 'https://www.cvs.com/store-locator/kearney-mo-pharmacies/601-s-jefferson-st-kearney-mo-64060/storeid=8596'}}"
"{'type': 'node', 'id': 6139496139, 'lat': 39.1700292, 'lon': -94.5970676, 'tags': {'addr:city': 'Kansas City', 'addr:housenumber': '4151', 'addr:postcode': '64116', 'addr:state': 'MO', 'addr:street': 'North Mulberry Drive', 'addr:unit': '230', 'amenity': 'dentist', 'email': 'info@briarcliffendo.com', 'fax': '+1-816-326-8431', 'healthcare': 'dentist', 'healthcare:speciality': 'endocrinology', 'name': 'Briarcliff Endodontics', 'opening_hours': 'Mo-Th 09:00-15:00', 'operator': 'Brenton A Reavley, DDS', 'phone': '+1-816-326-8204', 'website': 'https://briarcliffendo.com/'}}"
"{'type': 'node', 'id': 6173361485, 'lat': 38.9720284, 'lon': -94.726724, 'tags': {'addr:housenumber': '12114', 'amenity': 'pharmacy', 'healthcare': 'pharmacy', 'name': 'Grainland Pharmacy'}}"
"{'type': 'node', 'id': 6265192840, 'lat': 39.2503021, 'lon': -94.5762176, 'tags': {'addr:city': 'Kansas City', 'addr:country': 'US', 'addr:housenumber': '8612', 'addr:postcode': '64155', 'addr:state': 'MO', 'addr:street': 'North Oak Trafficway', 'amenity': 'clinic', 'healthcare': 'clinic', 'healthcare:speciality': 'neurology;dental;TMJ_Pain', 'name': 'Raman Center for Headache and Jaw Pain Treatment', 'opening_hours': 'Mo,We 08:00-18:00; Tu,Th 08:00-17:00;Fr,Sa,Su closed', 'operator': 'Prabu Raman', 'phone': '+1- 816-436-4422', 'website': 'https://www.midwestheadaches.com/'}}"
"{'type': 'node', 'id': 6301712387, 'lat': 39.2770558, 'lon': -93.9723767, 'tags': {'amenity': 'pharmacy', 'dispensing': 'yes', 'healthcare': 'pharmacy', 'name': 'Red Cross Pharmacy'}}"
"{'type': 'node', 'id': 6311561480, 'lat': 38.9102407, 'lon': -94.7627424, 'tags': {'amenity': 'doctors', 'healthcare': 'doctor', 'name': 'The Eye Doctors Optomitrists', 'opening_hours': 'Mo,We,Fr 08:00-17:00; Tu 10:00-19:00; Th 08:00-19:00; Sa 08:00-13:00'}}"
"{'type': 'node', 'id': 6311561482, 'lat': 38.9101844, 'lon': -94.7618388, 'tags': {'amenity': 'dentist', 'healthcare': 'dentist', 'name': 'Olathe Smiles Dentistry'}}"
"{'type': 'node', 'id': 6418725614, 'lat': 38.996691, 'lon': -94.4782019, 'tags': {'amenity': 'pharmacy', 'brand': 'CVS Pharmacy', 'brand:website': 'https://www.cvs.com/', 'brand:wikidata': 'Q2078880', 'brand:wikipedia': 'en:CVS Pharmacy', 'dispensing': 'yes', 'healthcare': 'pharmacy', 'name': 'CVS Pharmacy', 'short_name': 'CVS', 'website': 'https://www.cvs.com/store-locator/raytown-mo-pharmacies/9005-east-350-highway-raytown-mo-64133/storeid=8598'}}"
"{'type': 'node', 'id': 6595146858, 'lat': 39.2439191, 'lon': -94.4418013, 'tags': {'amenity': 'pharmacy', 'brand': 'Walgreens', 'brand:wikidata': 'Q1591889', 'dispensing': 'yes', 'healthcare': 'pharmacy', 'name': 'Walgreens'}}"
"{'type': 'node', 'id': 6604823018, 'lat': 39.0571967, 'lon': -94.6065324, 'tags': {'healthcare': 'alternative', 'healthcare:speciality': 'chiropractic', 'name': 'Alpha Chiropractic Center'}}"
"{'type': 'node', 'id': 6702078042, 'lat': 39.049228, 'lon': -94.4143605, 'tags': {'amenity': 'pharmacy', 'brand': 'Walgreens', 'brand:wikidata': 'Q1591889', 'dispensing': 'yes', 'healthcare': 'pharmacy', 'name': 'Walgreens'}}"
"{'type': 'node', 'id': 6702078043, 'lat': 39.0506705, 'lon': -94.4144191, 'tags': {'amenity': 'pharmacy', 'brand': 'CVS Pharmacy', 'brand:website': 'https://www.cvs.com/', 'brand:wikidata': 'Q2078880', 'brand:wikipedia': 'en:CVS Pharmacy', 'dispensing': 'yes', 'healthcare': 'pharmacy', 'name': 'CVS Pharmacy', 'short_name': 'CVS', 'website': 'https://www.cvs.com/store-locator/independence-mo-pharmacies/3825-s-noland-rd-independence-mo-64055/storeid=8430'}}"
"{'type': 'node', 'id': 6712486147, 'lat': 39.0560541, 'lon': -94.5865004, 'tags': {'amenity': 'pharmacy', 'brand': 'CVS Pharmacy', 'brand:website': 'https://www.cvs.com/', 'brand:wikidata': 'Q2078880', 'brand:wikipedia': 'en:CVS Pharmacy', 'dispensing': 'yes', 'healthcare': 'pharmacy', 'name': 'CVS Pharmacy', 'short_name': 'CVS', 'website': 'https://www.cvs.com/store-locator/kansas-city-mo-pharmacies/3902-main-st-kansas-city-mo-64111/storeid=5697'}}"
"{'type': 'node', 'id': 6712486148, 'lat': 39.0574351, 'lon': -94.5900152, 'tags': {'amenity': 'pharmacy', 'brand': 'Walgreens', 'brand:wikidata': 'Q1591889', 'dispensing': 'yes', 'healthcare': 'pharmacy', 'name': 'Walgreens'}}"
"{'type': 'node', 'id': 6716448434, 'lat': 38.8830972, 'lon': -94.8088022, 'tags': {'amenity': 'pharmacy', 'brand': 'Walgreens', 'brand:wikidata': 'Q1591889', 'dispensing': 'yes', 'healthcare': 'pharmacy', 'name': 'Walgreens'}}"
"{'type': 'node', 'id': 6823218784, 'lat': 39.1178502, 'lon': -94.6727099, 'tags': {'amenity': 'pharmacy', 'brand': 'CVS Pharmacy', 'brand:website': 'https://www.cvs.com/', 'brand:wikidata': 'Q2078880', 'brand:wikipedia': 'en:CVS Pharmacy', 'dispensing': 'yes', 'healthcare': 'pharmacy', 'name': 'CVS Pharmacy', 'short_name': 'CVS', 'website': 'https://www.cvs.com/store-locator/kansas-city-ks-pharmacies/3750-state-avenue-kansas-city-ks-66102/storeid=8603'}}"
"{'type': 'node', 'id': 6838807350, 'lat': 39.1423158, 'lon': -94.5775499, 'tags': {'amenity': 'pharmacy', 'brand': 'CVS Pharmacy', 'brand:website': 'https://www.cvs.com/', 'brand:wikidata': 'Q2078880', 'brand:wikipedia': 'en:CVS Pharmacy', 'dispensing': 'yes', 'healthcare': 'pharmacy', 'name': 'CVS Pharmacy', 'short_name': 'CVS', 'website': 'https://www.cvs.com/store-locator/north-kansas-city-mo-pharmacies/1914-swift-st-north-kansas-city-mo-64116/storeid=8543'}}"
"{'type': 'node', 'id': 6894590986, 'lat': 38.8542696, 'lon': -94.79597, 'tags': {'amenity': 'pharmacy', 'brand': 'Walgreens', 'brand:wikidata': 'Q1591889', 'dispensing': 'yes', 'healthcare': 'pharmacy', 'name': 'Walgreens'}}"
"{'type': 'node', 'id': 7295619952, 'lat': 39.1031818, 'lon': -94.5843148, 'tags': {'healthcare': 'physiotherapist', 'name': 'SERC', 'operator': 'SERC'}}"
"{'type': 'node', 'id': 7295619953, 'lat': 39.1030257, 'lon': -94.5843148, 'tags': {'addr:housenumber': '916', 'addr:street': 'Baltimore Avenue', 'healthcare': 'alternative', 'healthcare:speciality': 'massage_therapy', 'name': 'KCC Wellness Spa', 'operator': 'KC Wellness', 'website': 'https://www.kcwellnessclub.com/'}}"
"{'type': 'node', 'id': 7412717944, 'lat': 38.8131633, 'lon': -94.9068784, 'tags': {'addr:city': 'Gardner', 'addr:housenumber': '907', 'addr:postcode': '66030', 'addr:state': 'KS', 'addr:street': 'East Lincoln Lane', 'amenity': 'clinic', 'healthcare': 'clinic', 'name': 'First Point Urgent Care KS'}}"
"{'type': 'node', 'id': 7412805497, 'lat': 38.8138728, 'lon': -94.90807, 'tags': {'addr:city': 'Gardner', 'addr:housenumber': '225', 'addr:postcode': '66030', 'addr:state': 'KS', 'addr:street': 'North Moonlight Road', 'healthcare': 'physical_therapy', 'name': 'SERC Physical & Hand Therapy'}}"
"{'type': 'node', 'id': 7415625385, 'lat': 39.7765918, 'lon': -94.82943, 'tags': {'addr:city': 'Saint Joseph', 'addr:housenumber': '2524', 'addr:postcode': '64506', 'addr:street': 'Frederick Ave.', 'amenity': 'pharmacy', 'contact:phone': '8162323348', 'dispensing': 'yes', 'healthcare': 'pharmacy', 'name': 'Rogers Pharmacy #5', 'opening_hours': 'Sa 08:00-17:00; Su 00:00-00:00', 'operational_status': 'operational'}}"
"{'type': 'node', 'id': 7638980038, 'lat': 38.9691948, 'lon': -94.3596659, 'tags': {'addr:city': ""Lee's Summit"", 'addr:housenumber': '3151', 'addr:postcode': '64064', 'addr:state': 'MO', 'addr:street': 'Northeast Carnegie Drive', 'amenity': 'doctors', 'healthcare': 'doctor', 'healthcare:speciality': 'orthopaedics;plastic_surgery', 'name': 'Matt Chhatre, MD/ KC Bone and Joint'}}"
"{'type': 'node', 'id': 7820954107, 'lat': 39.1691195, 'lon': -94.4832642, 'tags': {'amenity': 'clinic', 'healthcare': 'clinic', 'name': 'First Aid'}}"
"{'type': 'node', 'id': 7895484936, 'lat': 39.0929198, 'lon': -94.4161234, 'tags': {'addr:city': 'Independence', 'addr:housenumber': '108', 'addr:postcode': '64050', 'addr:state': 'MO', 'addr:street': 'West Maple Avenue', 'amenity': 'doctors', 'healthcare': 'doctor', 'name': 'SERC Physical Therapy'}}"
"{'type': 'node', 'id': 8069909512, 'lat': 39.3536507, 'lon': -94.7680586, 'tags': {'addr:city': 'Platte City', 'addr:housenumber': '2000', 'addr:postcode': '64079', 'addr:state': 'MO', 'addr:street': 'Kentucky Avenue', 'amenity': 'dentist', 'healthcare': 'dentist', 'healthcare:speciality': 'orthodontics', 'name': 'Braces By Billings'}}"
"{'type': 'node', 'id': 8073483354, 'lat': 39.3660431, 'lon': -94.7756406, 'tags': {'addr:city': 'Platte City', 'addr:housenumber': '700', 'addr:postcode': '64079', 'addr:state': 'MO', 'addr:street': 'Branch Street', 'addr:unit': '4', 'healthcare': 'hospice', 'name': 'Three Rivers Hospice, Inc.', 'phone': '+1 816 431 2333', 'website': 'https://www.3rivershospice.com/'}}"
"{'type': 'node', 'id': 8073483355, 'lat': 39.3661084, 'lon': -94.7758408, 'tags': {'addr:city': 'Platte City', 'addr:housenumber': '700', 'addr:postcode': '64079', 'addr:state': 'MO', 'addr:street': 'Branch Street', 'addr:unit': '5', 'healthcare': 'alternative', 'healthcare:speciality': 'chiropractic', 'name': 'Clarrey Chiropractic Inc.', 'phone': '+1 816 858 2633'}}"
"{'type': 'node', 'id': 8115566223, 'lat': 38.9665641, 'lon': -94.5122627, 'tags': {'amenity': 'dentist', 'healthcare': 'dentist', 'name': 'Dental Corner', 'operator': 'Dental Corner'}}"
"{'type': 'node', 'id': 8148054250, 'lat': 38.8831957, 'lon': -94.6795109, 'tags': {'amenity': 'clinic', 'healthcare': 'clinic', 'healthcare:speciality': 'dermatology', 'name': 'Dermatology & Skin Cancer Center', 'opening_hours': 'Mo-Fr 07:30-16:00', 'operator:type': 'private', 'wheelchair': 'yes'}}"
"{'type': 'node', 'id': 8148054257, 'lat': 38.8831061, 'lon': -94.6812868, 'tags': {'amenity': 'clinic', 'healthcare': 'clinic', 'name': 'The Headache And Pain Center', 'operator:type': 'private'}}"
"{'type': 'node', 'id': 8195650665, 'lat': 39.805838, 'lon': -94.8161005, 'tags': {'amenity': 'pharmacy', 'brand': 'Walgreens', 'brand:wikidata': 'Q1591889', 'dispensing': 'yes', 'healthcare': 'pharmacy', 'name': 'Walgreens'}}"
"{'type': 'node', 'id': 8203853277, 'lat': 38.972059, 'lon': -94.7380489, 'tags': {'addr:city': 'Lenexa', 'addr:housenumber': '8643', 'addr:postcode': '66215', 'addr:state': 'KS', 'addr:street': 'Hauser Court', 'addr:unit': '240', 'healthcare': 'alternative', 'healthcare:speciality': 'chiropractic', 'name': 'Dr. Spurgeon, DC - Healing Neck and Joints', 'phone': '+1-913-353-6655', 'website': 'https://www.healingneck.com/'}}"
"{'type': 'node', 'id': 8238806450, 'lat': 38.8832517, 'lon': -94.6854689, 'tags': {'healthcare': 'optometrist', 'name': 'Blue Valley Village'}}"
"{'type': 'node', 'id': 8260347017, 'lat': 38.8857025, 'lon': -94.6855964, 'tags': {'healthcare': 'yes', 'healthcare:speciality': 'general', 'name': 'KC Covid Test'}}"
"{'type': 'node', 'id': 8260347029, 'lat': 38.8860487, 'lon': -94.6872558, 'tags': {'healthcare': 'yes', 'healthcare:speciality': 'general', 'name': 'Olathe Health family medicine'}}"
"{'type': 'node', 'id': 8487715295, 'lat': 38.855356, 'lon': -94.6684638, 'tags': {'amenity': 'pharmacy', 'brand': 'CVS Pharmacy', 'brand:website': 'https://www.cvs.com/', 'brand:wikidata': 'Q2078880', 'brand:wikipedia': 'en:CVS Pharmacy', 'dispensing': 'yes', 'healthcare': 'pharmacy', 'name': 'CVS Pharmacy', 'short_name': 'CVS', 'website': 'https://www.cvs.com/store-locator/overland-park-ks-pharmacies/7100-w-151st-street-overland-park-ks-66223/storeid=8586'}}"
"{'type': 'node', 'id': 8489872061, 'lat': 39.0300622, 'lon': -94.3056354, 'tags': {'amenity': 'pharmacy', 'brand': 'CVS Pharmacy', 'brand:website': 'https://www.cvs.com/', 'brand:wikidata': 'Q2078880', 'brand:wikipedia': 'en:CVS Pharmacy', 'healthcare': 'pharmacy', 'name': 'CVS Pharmacy', 'short_name': 'CVS', 'website': 'https://www.cvs.com/store-locator/blue-springs-mo-pharmacies/1101-nw-woods-chapel-rd-blue-springs-mo-64015/storeid=8950'}}"
"{'type': 'node', 'id': 8492147843, 'lat': 38.8553936, 'lon': -94.7599675, 'tags': {'addr:city': 'Olathe', 'addr:housenumber': '15066', 'addr:state': 'KS', 'addr:street': 'West 151st street', 'amenity': 'pharmacy', 'brand': 'Walgreens', 'brand:wikidata': 'Q1591889', 'healthcare': 'pharmacy', 'name': 'Walgreens', 'opening_hours': 'Mo-Fr 07:00-22:00; Sa 07:00-22:00; Su 07:00-22:00', 'phone': '+1-913-393-2886'}}"
"{'type': 'node', 'id': 8512141349, 'lat': 39.0049972, 'lon': -94.8521019, 'tags': {'addr:city': 'Shawnee', 'addr:housenumber': '6810', 'addr:postcode': '66226', 'addr:state': 'KS', 'addr:street': 'Silverheel Street', 'amenity': 'dentist', 'healthcare': 'dentist', 'name': 'Jenkins Dentistry for Kids', 'website': 'https://www.jenkinsdentistryforkids.com/'}}"
"{'type': 'node', 'id': 8512141350, 'lat': 39.0051978, 'lon': -94.8518986, 'tags': {'addr:city': 'Shawnee', 'addr:housenumber': '6804', 'addr:postcode': '66226', 'addr:state': 'KS', 'addr:street': 'Silverheel Street', 'amenity': 'dentist', 'healthcare': 'dentist', 'healthcare:speciality': 'orthodontics', 'name': 'Bulleigh Orthodontics', 'website': 'https://www.bulleighortho.com/'}}"
"{'type': 'node', 'id': 8522732238, 'lat': 39.0080479, 'lon': -94.8358311, 'tags': {'addr:city': 'Shawnee', 'addr:housenumber': '21620', 'addr:postcode': '66218', 'addr:state': 'KS', 'addr:street': 'Midland Drive', 'amenity': 'dentist', 'healthcare': 'dentist', 'name': 'Discover Dental Implants'}}"
"{'type': 'node', 'id': 8572855326, 'lat': 39.000445, 'lon': -94.780784, 'tags': {'amenity': 'dentist', 'healthcare': 'dentist', 'name': 'Burris Dental Group', 'website': 'https://burrisdentalgroup.com/'}}"
"{'type': 'node', 'id': 8610972007, 'lat': 38.7106156, 'lon': -93.9761374, 'tags': {'amenity': 'pharmacy', 'dispensing': 'yes', 'drive_through': 'yes', 'healthcare': 'pharmacy', 'name': 'Auburn Pharmacy'}}"
"{'type': 'node', 'id': 8638079925, 'lat': 39.1174287, 'lon': -94.9389729, 'tags': {'addr:city': 'Basehor', 'addr:housenumber': '1106', 'addr:postcode': '66007', 'addr:state': 'KS', 'addr:street': 'North 155th Street', 'addr:unit': 'Suite C', 'healthcare': 'alternative', 'healthcare:speciality': 'chiropractic', 'name': 'Drake Chiropractic And Rehab', 'phone': '+1-913-708-0867', 'website': 'http://www.drakechiroandrehab.com/'}}"
"{'type': 'node', 'id': 8769347677, 'lat': 39.029478, 'lon': -94.8514087, 'tags': {'addr:city': 'Shawnee', 'addr:housenumber': '5450', 'addr:postcode': '66226', 'addr:state': 'KS', 'addr:street': 'Roberts Street', 'addr:unit': '200', 'amenity': 'dentist', 'healthcare': 'dentist', 'healthcare:speciality': 'orthodontics', 'name': 'Huerter Orthodontics', 'opening_hours': 'Mo-Th 08:00-17:00', 'phone': '+1-913-745-2020', 'website': 'https://www.huerterortho.com/'}}"
"{'type': 'node', 'id': 8837621897, 'lat': 38.9572909, 'lon': -94.7265261, 'tags': {'addr:city': 'Lenexa', 'addr:housenumber': '12148', 'addr:postcode': '66215', 'addr:state': 'KS', 'addr:street': 'West 95th Street', 'amenity': 'dentist', 'healthcare': 'dentist', 'name': 'Oak Park Dental'}}"
"{'type': 'node', 'id': 8923032608, 'lat': 39.0249636, 'lon': -94.2470635, 'tags': {'addr:city': 'Blue Springs', 'addr:housenumber': '1126', 'addr:postcode': '64014', 'addr:state': 'MO', 'addr:street': 'Northeast Coronado Drive', 'amenity': 'dentist', 'healthcare': 'dentist', 'name': 'Adams Dairy Family Dental Care'}}"
"{'type': 'node', 'id': 8923049503, 'lat': 39.0260853, 'lon': -94.247008, 'tags': {'addr:city': 'Blue Springs', 'addr:housenumber': '1205', 'addr:postcode': '64014', 'addr:state': 'MO', 'addr:street': 'Northeast Coronado Drive', 'amenity': 'dentist', 'healthcare': 'dentist', 'name': 'Blue Springs Dentistry'}}"
"{'type': 'node', 'id': 9017534603, 'lat': 39.2842334, 'lon': -94.8965858, 'tags': {'addr:housenumber': '71', 'addr:street': 'Franklin Ave', 'healthcare': 'yes', 'name': 'Building 71', 'opening_hours': 'Mo-Fr 08:00-17:00'}}"
"{'type': 'node', 'id': 9177366713, 'lat': 39.0143357, 'lon': -94.1225519, 'tags': {'amenity': 'pharmacy', 'brand': 'Walmart', 'brand:wikidata': 'Q483551', 'dispensing': 'yes', 'drive_through': 'no', 'healthcare': 'pharmacy', 'name': 'Walmart Pharmacy', 'website': 'https://www.walmart.com/store/2856-oak-grove-mo/pharmacy'}}"
"{'type': 'node', 'id': 9236680115, 'lat': 39.1466038, 'lon': -94.5548776, 'tags': {'addr:city': 'North Kansas City', 'addr:housenumber': '2328', 'addr:postcode': '64116', 'addr:state': 'MO', 'addr:street': 'Armour Road', 'amenity': 'dentist', 'healthcare': 'dentist'}}"
"{'type': 'node', 'id': 9236691819, 'lat': 39.1465239, 'lon': -94.5544942, 'tags': {'addr:city': 'North Kansas City', 'addr:housenumber': '2360', 'addr:postcode': '64116', 'addr:state': 'MO', 'addr:street': 'Armour Road', 'amenity': 'clinic', 'description': 'Clinic and medical for QT employees', 'healthcare': 'clinic', 'name': 'QuickTrip QuickMed'}}"
"{'type': 'node', 'id': 9244639033, 'lat': 39.1169216, 'lon': -94.7726971, 'tags': {'amenity': 'dentist', 'healthcare': 'dentist', 'name': 'Family Dentistry'}}"
"{'type': 'node', 'id': 9251100461, 'lat': 39.0456552, 'lon': -94.366822, 'tags': {'addr:city': 'Independence', 'addr:country': 'US', 'addr:housenumber': '4000', 'addr:postcode': '64055', 'addr:state': 'MO', 'addr:street': 'South Bolger Road', 'amenity': 'pharmacy', 'brand': 'Walmart', 'brand:wikidata': 'Q483551', 'dispensing': 'yes', 'healthcare': 'pharmacy', 'name': 'Walmart Pharmacy', 'opening_hours': '24/7', 'operator': 'Walmart', 'operator:wikidata': 'Q483551', 'operator:wikipedia': 'en:Walmart', 'phone': '+1-816-478-4090', 'ref:walmart': '1014', 'website': 'https://www.walmart.com/store/1014-independence-mo/pharmacy'}}"
"{'type': 'node', 'id': 9270308139, 'lat': 39.2509176, 'lon': -94.6548233, 'tags': {'amenity': 'pharmacy', 'brand': 'Walmart', 'brand:wikidata': 'Q483551', 'dispensing': 'yes', 'healthcare': 'pharmacy', 'name': 'Walmart Pharmacy', 'website': 'https://www.walmart.com/store/2857-kansas-city-mo/pharmacy'}}"
"{'type': 'node', 'id': 9312562208, 'lat': 39.0261697, 'lon': -94.2467021, 'tags': {'addr:city': 'Blue Springs', 'addr:housenumber': '1215', 'addr:postcode': '64014', 'addr:state': 'MO', 'addr:street': 'Northeast Coronado Drive', 'amenity': 'clinic', 'healthcare': 'clinic', 'healthcare:speciality': 'urgent', 'name': 'CareNow Urgent Care'}}"
"{'type': 'node', 'id': 9438462097, 'lat': 38.8141866, 'lon': -94.511247, 'tags': {'amenity': 'pharmacy', 'brand': 'Walgreens', 'brand:wikidata': 'Q1591889', 'dispensing': 'yes', 'healthcare': 'pharmacy', 'name': 'Walgreens'}}"
"{'type': 'node', 'id': 9454719315, 'lat': 38.9857702, 'lon': -94.3552062, 'tags': {'addr:city': ""Lee's Summit"", 'addr:country': 'US', 'addr:housenumber': '4045', 'addr:postcode': '64064', 'addr:state': 'MO', 'addr:street': 'Northeast Lakewood Way', 'addr:unit': '150', 'amenity': 'dentist', 'email': 'Frontdesk@Summitdentaldds.com', 'healthcare': 'dentist', 'healthcare:speciality': 'general', 'name': 'Summit Dental & Implant Clinic', 'opening_hours': 'Mo-Th 07:00-15:30', 'opening_hours:emergency': 'Mo-Su 07:00-15:30', 'operator': 'Summit Dental', 'phone': '+1-816-408-3949', 'website': 'https://www.summitdentaldds.com/'}}"
"{'type': 'node', 'id': 9601938458, 'lat': 39.1039172, 'lon': -94.6391347, 'tags': {'addr:city': 'Kansas City', 'addr:housenumber': '21', 'addr:postcode': '66102', 'addr:state': 'KS', 'addr:street': 'North 12th Street', 'addr:unit': '300', 'amenity': 'clinic', 'healthcare': 'clinic', 'name': 'Vibrant Health', 'phone': '+1-913-342-2552'}}"
"{'type': 'node', 'id': 9651937038, 'lat': 38.991953, 'lon': -94.5799833, 'tags': {'addr:city': 'Kansas City', 'addr:housenumber': '7447', 'addr:postcode': '64131', 'addr:state': 'MO', 'addr:street': 'Holmes Road', 'healthcare': 'yes', 'name': 'Comprensive Mental Health', 'phone': '816 836 6773', 'website': 'https://thecmhs.com/'}}"
"{'type': 'node', 'id': 9765513652, 'lat': 39.1043357, 'lon': -94.6445598, 'tags': {'addr:city': 'Kansas City', 'addr:housenumber': '1320', 'addr:postcode': '66102', 'addr:state': 'KS', 'addr:street': 'Central Avenue', 'amenity': 'dentist', 'healthcare': 'dentist', 'healthcare:speciality': 'dentist', 'name': 'Central Ave Dental', 'operator': 'Genesis Dental & Orthodontics', 'phone': '+1-913-342-5280', 'website': 'https://genesisdental.com/locations/central-ave-dental/'}}"
"{'type': 'node', 'id': 9829387895, 'lat': 38.9696797, 'lon': -94.7705, 'tags': {'addr:city': 'Lenexa', 'addr:housenumber': '8750', 'addr:postcode': '66219', 'addr:state': 'KS', 'addr:street': 'Loiret Boulevard', 'amenity': 'dentist', 'healthcare': 'dentist', 'name': 'Dentists of Lenexa', 'phone': '+1-913-359-5146', 'website': 'https://www.dentistsoflenexa.com/'}}"
"{'type': 'node', 'id': 9871587718, 'lat': 39.8003644, 'lon': -94.8157484, 'tags': {'amenity': 'pharmacy', 'brand': 'CVS Pharmacy', 'brand:website': 'https://www.cvs.com/', 'brand:wikidata': 'Q2078880', 'brand:wikipedia': 'en:CVS Pharmacy', 'healthcare': 'pharmacy', 'name': 'CVS Pharmacy', 'short_name': 'CVS', 'website': 'https://www.cvs.com/store-locator/saint-joseph-mo-pharmacies/3320-north-belt-highway-saint-joseph-mo-64506/storeid=10506'}}"
"{'type': 'node', 'id': 9948633627, 'lat': 39.0122928, 'lon': -94.1295924, 'tags': {'addr:city': 'Oak Grove', 'addr:housenumber': '400', 'addr:postcode': '64075', 'addr:state': 'MO', 'addr:street': 'South Broadway Street', 'amenity': 'pharmacy', 'brand': 'Walgreens', 'brand:wikidata': 'Q1591889', 'dispensing': 'yes', 'healthcare': 'pharmacy', 'name': 'Walgreens'}}"
"{'type': 'node', 'id': 9980614537, 'lat': 38.8114855, 'lon': -94.4751799, 'tags': {'amenity': 'pharmacy', 'brand': 'CVS Pharmacy', 'brand:website': 'https://www.cvs.com/', 'brand:wikidata': 'Q2078880', 'brand:wikipedia': 'en:CVS Pharmacy', 'healthcare': 'pharmacy', 'name': 'CVS Pharmacy', 'short_name': 'CVS', 'website': 'https://www.cvs.com/store-locator/raymore-mo-pharmacies/1215-west-foxwood-dr-raymore-mo-64083/storeid=8595'}}"
"{'type': 'node', 'id': 9987312684, 'lat': 38.9716263, 'lon': -94.7627739, 'tags': {'addr:city': 'Lenexa', 'addr:housenumber': '15220', 'addr:postcode': '66219', 'addr:state': 'KS', 'addr:street': 'West 87th Street Parkway', 'amenity': 'dentist', 'healthcare': 'dentist', 'name': 'Lenexa Family Dental', 'opening_hours': 'Mo,We 08:00-13:00,14:30-17:30; Tu,Th 07:00-13:00,14:30-16:30; Fr 09:00-13:00', 'phone': '+1-913-342-8344', 'website': 'https://www.lenexafamilydental.com/'}}"
"{'type': 'node', 'id': 10003183758, 'lat': 38.9238778, 'lon': -94.6481072, 'tags': {'addr:city': 'Leawood', 'addr:housenumber': '11225', 'addr:postcode': '66211', 'addr:state': 'KS', 'addr:street': 'Nall Avenue', 'addr:unit': '100', 'amenity': 'dentist', 'category': 'General Dentistry', 'email': 'office@happyteethbyganson.com', 'facebook': 'https://facebook.com/happyteethdentistry.com', 'healthcare': 'dentist', 'name': 'Brianna Ganson, DDS Happy Teeth Dentistry', 'opening_hours': 'Mo-Th 09:00-17:00; Fr 09:00-11:00', 'phone': '+1-913-469-6555', 'website': 'https://happyteethbyganson.com/'}}"
"{'type': 'node', 'id': 10090892073, 'lat': 39.0772504, 'lon': -94.607971, 'tags': {'addr:city': 'Kansas City', 'addr:housenumber': '10', 'addr:postcode': '66103', 'addr:state': 'KS', 'addr:street': 'East Cambridge Circle Drive', 'addr:unit': '150', 'healthcare': 'clinic', 'healthcare:speciality': 'neurology;surgery', 'name': 'NS Surgical Center', 'phone': '+1-913-233-0454', 'website': 'https://lifelinevascular.com/location/ns-surgical-center/'}}"
"{'type': 'node', 'id': 10090970660, 'lat': 39.1168056, 'lon': -94.7636933, 'tags': {'addr:city': 'Kansas City', 'addr:housenumber': '7848', 'addr:postcode': '66112', 'addr:state': 'KS', 'addr:street': 'State Avenue', 'healthcare': 'clinic', 'healthcare:speciality': 'dental_oral_maxillo_facial_surgery;paediatrics;-', 'name': 'KC Childrens Surgery Center', 'operator': 'BlueCloud Pediatrics Surgery Centers', 'phone': '+1-816-235-3455', 'website': 'https://bluecloudpsc.com/locations/#our-locations/kansas'}}"
"{'type': 'node', 'id': 10095788406, 'lat': 39.0681336, 'lon': -94.5851672, 'tags': {'amenity': 'dentist', 'brand': 'Comfort Dental', 'brand:wikidata': 'Q22079521', 'healthcare': 'dentist', 'name': 'Comfort Dental'}}"
"{'type': 'node', 'id': 10111851991, 'lat': 39.2475008, 'lon': -94.4640504, 'tags': {'amenity': 'pharmacy', 'brand': 'CVS Pharmacy', 'brand:website': 'https://www.cvs.com/', 'brand:wikidata': 'Q2078880', 'brand:wikipedia': 'en:CVS Pharmacy', 'dispensing': 'yes', 'healthcare': 'pharmacy', 'name': 'CVS Pharmacy', 'short_name': 'CVS', 'website': 'https://www.cvs.com/store-locator/kansas-city-mo-pharmacies/9220-ne-barry-rd-kansas-city-mo-64157/storeid=16787'}}"
"{'type': 'node', 'id': 10155067712, 'lat': 38.9924045, 'lon': -94.5930634, 'tags': {'addr:city': 'Kansas City', 'addr:housenumber': '220', 'addr:postcode': '64114', 'addr:state': 'MO', 'addr:street': 'West 75th Street', 'healthcare': 'optometrist', 'name': 'Littlefield Eye Associates', 'website': 'https://littlefieldeyeassociates.com/'}}"
"{'type': 'node', 'id': 10178749997, 'lat': 39.0033034, 'lon': -94.6314537, 'tags': {'amenity': 'dentist', 'healthcare': 'dentist', 'name': 'The Village Dentist', 'website': 'http://www.dentistprairievillage.com/'}}"
"{'type': 'node', 'id': 10178750000, 'lat': 39.0035645, 'lon': -94.6312714, 'tags': {'brand': 'Athletico Physical Therapy', 'brand:wikidata': 'Q85743525', 'healthcare': 'physiotherapist', 'name': 'Athletico Physical Therapy'}}"
"{'type': 'node', 'id': 10198827323, 'lat': 39.1297692, 'lon': -94.836334, 'tags': {'addr:city': 'Kansas City', 'addr:postcode': '66109', 'addr:state': 'KS', 'addr:street': 'Hutton Road', 'amenity': 'pharmacy', 'healthcare': 'pharmacy', 'name': 'The Medicine Shoppe', 'opening_hours': 'Mo-Fr 09:00-18:00, Sa 09:00-14:00', 'operator': 'Owner', 'payment:american_express': 'yes', 'payment:cash': 'yes', 'payment:discover_card': 'yes', 'payment:mastercard': 'yes', 'payment:visa': 'yes', 'phone': '+1-913-627-9200', 'website': 'https://medicineshoppekansascity.com'}}"
"{'type': 'node', 'id': 10202793728, 'lat': 38.6539852, 'lon': -94.3591443, 'tags': {'addr:city': 'Harrisonville', 'addr:housenumber': '300', 'addr:postcode': '64701', 'addr:state': 'MO', 'addr:street': 'South Commercial Street', 'amenity': 'pharmacy', 'brand': 'CVS Pharmacy', 'brand:website': 'https://www.cvs.com/', 'brand:wikidata': 'Q2078880', 'brand:wikipedia': 'en:CVS Pharmacy', 'dispensing': 'yes', 'healthcare': 'pharmacy', 'name': 'CVS Pharmacy', 'opening_hours': '08:00-22:00', 'short_name': 'CVS', 'website': 'https://www.cvs.com/store-locator/harrisonville-mo-pharmacies/300-s-commercial-st-harrisonville-mo-64701/storeid=8563'}}"
"{'type': 'node', 'id': 10202815010, 'lat': 39.0098986, 'lon': -94.7150103, 'tags': {'amenity': 'pharmacy', 'brand': 'CVS Pharmacy', 'brand:website': 'https://www.cvs.com/', 'brand:wikidata': 'Q2078880', 'brand:wikipedia': 'en:CVS Pharmacy', 'dispensing': 'yes', 'healthcare': 'pharmacy', 'name': 'CVS Pharmacy', 'short_name': 'CVS', 'website': 'https://www.cvs.com/store-locator/shawnee-ks-pharmacies/6510-nieman-rd-shawnee-ks-66203/storeid=8580'}}"
"{'type': 'node', 'id': 10202830256, 'lat': 38.8134822, 'lon': -94.5265776, 'tags': {'amenity': 'pharmacy', 'brand': 'CVS Pharmacy', 'brand:website': 'https://www.cvs.com/', 'brand:wikidata': 'Q2078880', 'brand:wikipedia': 'en:CVS Pharmacy', 'healthcare': 'pharmacy', 'name': 'CVS Pharmacy', 'short_name': 'CVS', 'website': 'https://www.cvs.com/store-locator/belton-mo-pharmacies/409-e-north-ave-belton-mo-64012/storeid=5661'}}"
"{'type': 'node', 'id': 10216148271, 'lat': 39.0920824, 'lon': -94.5822984, 'tags': {'addr:city': 'Kansas City', 'addr:housenumber': '1735', 'addr:postcode': '64108', 'addr:state': 'MO', 'addr:street': 'Walnut Street', 'healthcare': 'alternative', 'healthcare:speciality': 'chiropractic', 'name': 'Lifestyle Chiropractic and Wellness', 'website': 'https://www.lifestylechirokc.com/'}}"
"{'type': 'node', 'id': 10218162755, 'lat': 39.0896354, 'lon': -94.5817098, 'tags': {'addr:postcode': '64108', 'amenity': 'clinic', 'healthcare': 'clinic', 'internet_access': 'wlan', 'name': 'Spira Care', 'opening_hours': 'Mo-Th 07:30-18:30; Fr 07:30-17:00; Sa 08:00-12:00', 'phone': '1(913)297-7472', 'website': 'https://spiracare.com/care-centers/?centerId=1266'}}"
"{'type': 'node', 'id': 10218301886, 'lat': 39.0913031, 'lon': -94.5804381, 'tags': {'addr:city': 'Kansas City', 'addr:housenumber': '1808', 'addr:postcode': '64108', 'addr:state': 'MO', 'addr:street': 'McGee Street', 'healthcare': 'alternative', 'healthcare:speciality': 'chiropractic', 'name': 'Crossroads Chiropractic and Wellness Center', 'website': 'https://crossroadschiropractickc.com/'}}"
"{'type': 'node', 'id': 10220838275, 'lat': 39.0911469, 'lon': -94.5858516, 'tags': {'addr:city': 'Kansas City', 'addr:housenumber': '1819', 'addr:postcode': '64108', 'addr:state': 'MO', 'addr:street': 'Wyandotte Street', 'amenity': 'dentist', 'healthcare': 'dentist', 'name': 'Crossroads Dentistry', 'website': 'https://www.dentistryart.com/'}}"
"{'type': 'node', 'id': 10220907085, 'lat': 39.0917174, 'lon': -94.5861584, 'tags': {'healthcare': 'alternative', 'healthcare:speciality': 'chiropractic', 'name': 'FIT Muscle and Joint Clinic', 'website': 'https://fitmjc.com/location/chiropractor-in-the-crossroads-district/'}}"
"{'type': 'node', 'id': 10268293455, 'lat': 39.1053771, 'lon': -94.527729, 'tags': {'amenity': 'doctors', 'healthcare': 'doctor', 'name': 'J Edward Kendrick and Associates'}}"
"{'type': 'node', 'id': 10274377823, 'lat': 39.0480675, 'lon': -94.5928348, 'tags': {'healthcare': 'rehabilitation', 'name': ""The Children's Spot"", 'operator': ""Saint Luke's Hospital of Kansas City"", 'website': 'https://www.saintlukeskc.org/locations/saint-lukes-hospital-kansas-city-childrens-spot'}}"
"{'type': 'node', 'id': 10281544501, 'lat': 39.0909152, 'lon': -94.4169561, 'tags': {'addr:city': 'Independence', 'addr:housenumber': '123', 'addr:postcode': '64050', 'addr:state': 'MO', 'addr:street': 'West Kansas Avenue', 'healthcare': 'hospice', 'name': 'Good Shepherd Hospice', 'website': 'https://www.goodshepherdhospice.com/'}}"
"{'type': 'node', 'id': 10285402133, 'lat': 39.0878291, 'lon': -94.4457035, 'tags': {'addr:city': 'Independence', 'addr:housenumber': '11200', 'addr:postcode': '64052', 'addr:state': 'MO', 'addr:street': 'East Winner Road', 'amenity': 'doctors', 'healthcare': 'doctor', 'healthcare:speciality': 'paediatrics', 'name': 'Cockerell & McIntosh Pediatrics'}}"
"{'type': 'node', 'id': 10286971439, 'lat': 39.0931448, 'lon': -94.4347493, 'tags': {'amenity': 'clinic', 'healthcare': 'clinic', 'name': 'Independence School District Wellness Center'}}"
"{'type': 'node', 'id': 10621485894, 'lat': 39.2475564, 'lon': -94.6528292, 'tags': {'amenity': 'dentist', 'brand': 'Aspen Dental', 'brand:wikidata': 'Q4807808', 'healthcare': 'dentist', 'name': 'Aspen Dental'}}"
"{'type': 'node', 'id': 10782389472, 'lat': 39.1964616, 'lon': -94.5885396, 'tags': {'addr:city': 'Kansas City', 'addr:postcode': '64118', 'addr:state': 'MO', 'addr:street': 'NW Englewood Road', 'amenity': 'clinic', 'healthcare': 'clinic', 'name': 'Low Dose 3D Mammography'}}"
"{'type': 'node', 'id': 10782542442, 'lat': 38.9861185, 'lon': -94.5941229, 'tags': {'addr:city': 'Kansas City', 'addr:housenumber': '7819', 'addr:postcode': '64114', 'addr:state': 'MO', 'addr:street': 'Wornall Road', 'addr:unit': 'Ste 1', 'healthcare': 'psychotherapist', 'name': 'Alive Therapy', 'office': 'therapist', 'phone': '+1-816-974-8013', 'website': 'https://bethany-mealy.vsee.me/u/clinic'}}"
"{'type': 'node', 'id': 10782542444, 'lat': 38.9862151, 'lon': -94.5942564, 'tags': {'addr:city': 'Kansas City', 'addr:housenumber': '7817', 'addr:postcode': '64114', 'addr:state': 'MO', 'addr:street': 'Wornall Road', 'healthcare': 'clinic', 'name': 'Accent Home Health Care'}}"
"{'type': 'node', 'id': 10788804253, 'lat': 39.0986765, 'lon': -94.6476547, 'tags': {'addr:city': 'Kansas City', 'addr:housenumber': '151', 'addr:postcode': '66102', 'addr:state': 'KS', 'addr:street': 'South 18th Street', 'amenity': 'dentist', 'check_date': '2023-04-05', 'healthcare': 'dentist', 'name': 'Happy Smiles', 'opening_hours': 'Mo-Th 08:00-17:00; Fr 08:00-12:00', 'phone': '+1-913-333-5085', 'wheelchair': 'limited'}}"
"{'type': 'node', 'id': 10802767228, 'lat': 39.1175295, 'lon': -94.7582589, 'tags': {'addr:city': 'Kansas City', 'addr:country': 'US', 'addr:housenumber': '7652', 'addr:postcode': '66112', 'addr:state': 'KS', 'addr:street': 'State Avenue', 'contact:facebook': 'https://www.facebook.com/PTSolutionsPhysicalTherapy', 'contact:instagram': 'https://www.instagram.com/pt_solutions/', 'contact:linkedin': 'https://www.linkedin.com/company/pt-solutions-physical-therapy/', 'contact:twitter': 'https://twitter.com/PT_Solutions', 'contact:youtube': 'https://www.youtube.com/channel/UCTycUbx_BNQHgT3ZI_3RuIQ', 'entrance': 'main', 'fax': '+1 913 632 4779', 'healthcare': 'physiotherapist', 'name': 'PT Solutions Physical Therapy', 'phone': '+1 913 632 4775', 'website': 'https://ptsolutions.com/clinics/ks/kansas-city-piper/'}}"
"{'type': 'node', 'id': 10871862881, 'lat': 38.5729354, 'lon': -94.8785939, 'tags': {'addr:city': 'Paola', 'addr:housenumber': '28', 'addr:postcode': '66071', 'addr:state': 'KS', 'addr:street': 'West Peoria Street', 'amenity': 'dentist', 'check_date': '2024-08-04', 'healthcare': 'dentist', 'name': 'Sanders Family Dentistry', 'phone': '+1 913-294-5377', 'website': 'https://www.sandersfamilydentistry.com/'}}"
"{'type': 'node', 'id': 10887862187, 'lat': 38.885785, 'lon': -94.76781, 'tags': {'addr:city': 'Olathe', 'addr:housenumber': '13351', 'addr:postcode': '66062', 'addr:state': 'KS', 'addr:street': 'South Arapaho Drive', 'amenity': 'hospital', 'beds': '72', 'healthcare': 'hospital', 'healthcare:speciality': 'psychiatry', 'name': 'Cottonwood Springs', 'phone': '+1-913-353-3000', 'website': 'https://cottonwoodsprings.com'}}"
"{'type': 'node', 'id': 10888125609, 'lat': 38.9354506, 'lon': -94.6446554, 'tags': {'addr:city': 'Overland Park', 'addr:housenumber': '5100', 'addr:postcode': '66207-4115', 'addr:state': 'KS', 'addr:street': 'Indian Creek Parkway', 'amenity': 'hospital', 'beds': '45', 'healthcare': 'rehabilitation', 'name': 'Rehabilitation Hospital Of Overland Park', 'phone': '+1-913-544-1957', 'website': 'https://pamhealth.com/facilities/find-facility/rehabilitation-hospitals/pam-rehabilitation-hospital-overland', 'wheelchair': 'yes'}}"
"{'type': 'node', 'id': 10894596657, 'lat': 39.0114033, 'lon': -94.5600165, 'tags': {'addr:city': 'Kansas City', 'addr:housenumber': '2323', 'addr:postcode': '64130', 'addr:state': 'MO', 'addr:street': 'East 63rd Street', 'amenity': 'hospital', 'beds': '100', 'healthcare': 'hospital', 'healthcare:speciality': 'psychiatry', 'name': 'Research Psychiatric Center', 'phone': '+1 816 444 8161', 'website': 'https://hcamidwest.com/locations/research-psychiatric-center', 'wheelchair': 'yes'}}"
"{'type': 'node', 'id': 11054023399, 'lat': 39.1169445, 'lon': -94.7540813, 'tags': {'amenity': 'dentist', 'brand': 'Aspen Dental', 'brand:wikidata': 'Q4807808', 'healthcare': 'dentist', 'name': 'Aspen Dental'}}"
"{'type': 'node', 'id': 11157966480, 'lat': 38.971504, 'lon': -94.7364821, 'tags': {'addr:city': 'Lenexa', 'addr:housenumber': '12980', 'addr:postcode': '66215', 'addr:state': 'KS', 'addr:street': 'West 87th Street Parkway', 'healthcare': 'alternative', 'healthcare:speciality': 'chiropractic;acupuncture', 'name': 'Meylor Chiropractic and Acupuncture', 'opening_hours': 'Mo-We 09:30-12:30,15:00-18:00; Th 09:30-12:30', 'phone': '+1-913-227-0909', 'website': 'https://www.meylorchiro.com/us/'}}"
"{'type': 'node', 'id': 11227634431, 'lat': 39.2444289, 'lon': -94.587128, 'tags': {'addr:city': 'Kansas City', 'addr:housenumber': '501', 'addr:postcode': '64155', 'addr:state': 'MO', 'addr:street': 'Northwest Barry Road', 'amenity': 'clinic', 'branch': 'Northland', 'healthcare': 'clinic', 'healthcare:speciality': 'paediatrics;ophthalmology;orthopaedics', 'name': ""Children's Mercy Kansas City"", 'operator': ""Children's Mercy Kansas City"", 'operator:type': 'private_non_profit', 'phone': '+1-816-413-2500', 'website': 'https://www.childrensmercy.org/locations/childrens-mercy-northland/', 'wheelchair': 'yes'}}"
"{'type': 'node', 'id': 11236644900, 'lat': 39.1137914, 'lon': -94.6861901, 'tags': {'amenity': 'clinic', 'healthcare': 'clinic', 'name': 'Wyandotte/Leavenworth Area Agency on Aging'}}"
"{'type': 'node', 'id': 11406368369, 'lat': 39.049448, 'lon': -94.5849941, 'tags': {'amenity': 'clinic', 'check_date': '2023-12-09', 'healthcare': 'clinic', 'name': 'Deer Valley Home Health', 'phone': '+1 816-643-4300'}}"
"{'type': 'node', 'id': 11443231766, 'lat': 39.1976679, 'lon': -94.5868213, 'tags': {'addr:city': 'Kansas City', 'addr:country': 'US', 'addr:housenumber': '5728', 'addr:postcode': '64118', 'addr:state': 'MO', 'addr:street': 'North Broadway', 'healthcare': 'alternative', 'healthcare:speciality': 'chiropractic', 'name': 'Quantum Wellness', 'opening_hours': 'Tu,Th 09:00-17:00; We 12:00-17:30', 'operator': 'Kristine Baker', 'phone': '816-584-4670', 'website': 'https://drbakercares.com'}}"
"{'type': 'node', 'id': 11447368360, 'lat': 39.0502818, 'lon': -94.6050567, 'tags': {'amenity': 'clinic', 'check_date': '2023-12-23', 'healthcare': 'clinic', 'name': 'Injury Treatment Centers', 'phone': '+1 816-886-9005'}}"
"{'type': 'node', 'id': 11447388953, 'lat': 39.0499646, 'lon': -94.6040826, 'tags': {'check_date': '2023-12-23', 'healthcare': 'psychotherapist', 'name': 'Great Oaks Therapy Center', 'phone': '+1 816-200-7266', 'website': 'https://greatoakstherapy.com'}}"
"{'type': 'node', 'id': 11458643562, 'lat': 38.8823798, 'lon': -94.6614864, 'tags': {'amenity': 'clinic', 'healthcare': 'clinic', 'name': 'The University of Kansas Health System Corbin Park', 'opening_hours': 'Mo-Fr 07:30-18:00', 'wheelchair': 'yes'}}"
"{'type': 'node', 'id': 11458693726, 'lat': 38.9568451, 'lon': -94.7222659, 'tags': {'amenity': 'dentist', 'brand': 'Aspen Dental', 'brand:wikidata': 'Q4807808', 'healthcare': 'dentist', 'name': 'Aspen Dental'}}"
"{'type': 'node', 'id': 11460330875, 'lat': 38.9280086, 'lon': -94.668761, 'tags': {'amenity': 'clinic', 'healthcare': 'clinic', 'name': 'Mid America Pain Clinic', 'opening_hours': 'Mo-Th 08:00-17:00'}}"
"{'type': 'node', 'id': 11463474182, 'lat': 38.9507948, 'lon': -94.7389856, 'tags': {'amenity': 'clinic', 'healthcare': 'dialysis', 'healthcare:speciality': 'nephrology'}}"
"{'type': 'node', 'id': 11463474193, 'lat': 38.8558858, 'lon': -94.7804609, 'tags': {'amenity': 'dentist', 'healthcare': 'dentist'}}"
"{'type': 'node', 'id': 11469195259, 'lat': 39.0500901, 'lon': -94.6074917, 'tags': {'check_date': '2023-12-30', 'healthcare': 'physiotherapist', 'name': 'Empowered Physical Therapy', 'phone': '+1 913-912-0069', 'website': 'https://www.empoweredpt-kc.com'}}"
"{'type': 'node', 'id': 11498043411, 'lat': 39.046142, 'lon': -94.5916025, 'tags': {'amenity': 'doctors', 'check_date': '2024-01-07', 'healthcare': 'doctor', 'name': 'KC Physician Partners'}}"
"{'type': 'node', 'id': 11544191283, 'lat': 38.9925019, 'lon': -94.6871076, 'tags': {'amenity': 'clinic', 'healthcare': 'clinic', 'name': 'Kansas City Surgery Center', 'opening_hours': 'Mo-Fr 07:00-17:00', 'wheelchair': 'yes'}}"
"{'type': 'node', 'id': 11546066720, 'lat': 38.9119853, 'lon': -94.6496983, 'tags': {'amenity': 'clinic', 'healthcare': 'clinic', 'name': 'Mid America Surgery Institute', 'opening_hours': 'Mo-Fr 07:00-17:00', 'wheelchair': 'yes'}}"
"{'type': 'node', 'id': 11546533025, 'lat': 38.9326518, 'lon': -94.6523358, 'tags': {'amenity': 'clinic', 'healthcare': 'clinic', 'name': 'South Kansas City Surgicenter', 'opening_hours': 'Mo-Fr 06:00-17:00', 'wheelchair': 'yes'}}"
"{'type': 'node', 'id': 11546533172, 'lat': 38.932627, 'lon': -94.6517675, 'tags': {'amenity': 'clinic', 'healthcare': 'clinic', 'name': 'Comprehensive Spine Center', 'opening_hours': 'Mo-Fr 08:00-17:00', 'wheelchair': 'yes'}}"
"{'type': 'node', 'id': 11547031137, 'lat': 38.8812407, 'lon': -94.6432737, 'tags': {'amenity': 'doctors', 'healthcare': 'doctor', 'healthcare:speciality': 'orthopaedics', 'name': 'Mid-America Orthopedics Surgery Center', 'opening_hours': 'Mo-Fr 07:00-17:30', 'wheelchair': 'yes'}}"
"{'type': 'node', 'id': 11547328216, 'lat': 38.926101, 'lon': -94.7179883, 'tags': {'healthcare': 'rehabilitation', 'name': 'Johnson County Rehabilitation Hospital', 'wheelchair': 'yes'}}"
"{'type': 'node', 'id': 11547521379, 'lat': 38.9438963, 'lon': -94.6668582, 'tags': {'amenity': 'clinic', 'healthcare': 'clinic', 'name': 'Altasciences KC'}}"
"{'type': 'node', 'id': 11549985857, 'lat': 38.9293048, 'lon': -94.6374403, 'tags': {'healthcare': 'hospice', 'name': 'Interim Healthcare Hospice', 'wheelchair': 'yes'}}"
"{'type': 'node', 'id': 11550146110, 'lat': 38.9285628, 'lon': -94.6467088, 'tags': {'amenity': 'clinic', 'healthcare': 'clinic', 'name': 'Modern Vascular', 'opening_hours': 'Mo-Fr 07:00-17:00', 'wheelchair': 'yes'}}"
"{'type': 'node', 'id': 11550172328, 'lat': 38.92829, 'lon': -94.6477719, 'tags': {'amenity': 'doctors', 'healthcare': 'doctor', 'healthcare:speciality': 'otolaryngology', 'name': 'Head & Neck Surgery of Kansas City', 'opening_hours': 'Mo-Fr 08:30-18:00', 'wheelchair': 'yes'}}"
"{'type': 'node', 'id': 11550179342, 'lat': 38.9300991, 'lon': -94.6620657, 'tags': {'amenity': 'clinic', 'healthcare': 'clinic', 'name': 'Overland Park Surgical Suites', 'opening_hours': 'Mo-Fr 06:00-17:00', 'wheelchair': 'yes'}}"
"{'type': 'node', 'id': 11551973385, 'lat': 38.9133234, 'lon': -94.7263466, 'tags': {'healthcare': 'physiotherapist', 'name': 'Performance Rehab KCOI', 'opening_hours': 'Mo-Th 06:30-18:00; Fr 06:00-18:00', 'wheelchair': 'yes'}}"
"{'type': 'node', 'id': 11553910345, 'lat': 38.9288958, 'lon': -94.651367, 'tags': {'healthcare': 'rehabilitation', 'name': 'MidAmerica Rehabilitation Hospital', 'wheelchair': 'yes'}}"
"{'type': 'node', 'id': 11554479292, 'lat': 38.9120464, 'lon': -94.6432544, 'tags': {'amenity': 'clinic', 'healthcare': 'clinic', 'name': 'Restore Hyper Wellness', 'opening_hours': 'Mo-Fr 10:00-19:00; Sa 09:00-17:00; Su 11:00-17:00', 'wheelchair': 'yes'}}"
"{'type': 'node', 'id': 11554482829, 'lat': 38.9279695, 'lon': -94.6596144, 'tags': {'healthcare': 'hospice', 'name': 'Carter Healthcare', 'wheelchair': 'yes'}}"
"{'type': 'node', 'id': 11554765195, 'lat': 38.884173, 'lon': -94.6285663, 'tags': {'amenity': 'doctors', 'healthcare': 'doctor', 'healthcare:speciality': 'plastic_surgery', 'name': 'Kansas City Ambulatory Surgery Center', 'opening_hours': 'Mo-Fr 07:00-17:00', 'wheelchair': 'yes'}}"
"{'type': 'node', 'id': 11554787101, 'lat': 38.88414, 'lon': -94.6436283, 'tags': {'amenity': 'doctors', 'healthcare': 'doctor', 'healthcare:speciality': 'plastic_surgery', 'name': 'FACE Leawood', 'opening_hours': 'Mo-Fr 08:00-17:00', 'wheelchair': 'yes'}}"
"{'type': 'node', 'id': 11564975529, 'lat': 38.8587085, 'lon': -94.6689944, 'tags': {'amenity': 'clinic', 'healthcare': 'clinic', 'name': 'Vitality Healing Center', 'opening_hours': 'Tu-Th 08:00-17:00; Mo 10:00-16:00; Fr 10:00-14:00', 'wheelchair': 'yes'}}"
"{'type': 'node', 'id': 11565357240, 'lat': 39.0988271, 'lon': -94.5540604, 'tags': {'amenity': 'clinic', 'healthcare': 'clinic', 'name': 'Afya Clinic', 'opening_hours': 'Mo,Tu,Th,Fr 09:00-17:00', 'wheelchair': 'yes'}}"
"{'type': 'node', 'id': 11586878225, 'lat': 39.0435169, 'lon': -94.611564, 'tags': {'addr:city': 'Westwood', 'addr:housenumber': '4713', 'addr:postcode': '66205', 'addr:state': 'KS', 'addr:street': 'Rainbow Boulevard', 'healthcare': 'physiotherapist', 'name': 'Blue Valley Physical Therapy', 'opening_hours': 'Mo-Fr 07:00-18:00', 'wheelchair': 'yes'}}"
"{'type': 'node', 'id': 11611558140, 'lat': 39.0441358, 'lon': -94.5869821, 'tags': {'amenity': 'dentist', 'check_date': '2024-02-11', 'healthcare': 'dentist', 'name': 'Family Dentistry', 'phone': '+1 816-931-2342', 'website': 'https://briansuttondds.com'}}"
"{'type': 'node', 'id': 11711585812, 'lat': 39.0634128, 'lon': -94.5853653, 'tags': {'check_date': '2024-03-10', 'healthcare': 'laboratory', 'name': 'Professional Imaging'}}"
"{'type': 'node', 'id': 11711802417, 'lat': 39.0726014, 'lon': -94.5856222, 'tags': {'check_date': '2024-03-10', 'healthcare': 'rehabilitation', 'name': 'The Rehabilitation Center', 'website': 'https://abilitykc.org'}}"
"{'type': 'node', 'id': 11726414550, 'lat': 38.9423269, 'lon': -95.2240302, 'tags': {'addr:city': 'Lawrence', 'addr:housenumber': '953', 'addr:postcode': '66046', 'addr:state': 'KS', 'addr:street': 'East 23rd Street', 'facebook': 'https://www.facebook.com/p/McDonald-Family-Chiropractic-100066630940341/', 'healthcare': 'alternative', 'healthcare:speciality': 'chiropractic', 'name': 'McDonald Chiropractic', 'phone': '+1-785-838-4357'}}"
"{'type': 'node', 'id': 11769484744, 'lat': 38.8529514, 'lon': -94.6804184, 'tags': {'healthcare': 'optometrist', 'name': 'Blue Valley Vision of Overland Park', 'opening_hours': 'Mo-We 08:00-18:00; Fr 08:00-16:00'}}"
"{'type': 'node', 'id': 11769546118, 'lat': 38.8529561, 'lon': -94.6806441, 'tags': {'healthcare': 'physiotherapist', 'name': 'SERC Physical Therapy'}}"
"{'type': 'node', 'id': 11870258455, 'lat': 39.0225598, 'lon': -94.6628939, 'tags': {'healthcare': 'physiotherapist', 'name': 'SERC'}}"
"{'type': 'node', 'id': 11929821164, 'lat': 39.0196045, 'lon': -94.2523647, 'tags': {'addr:city': 'Blue Springs', 'addr:housenumber': '505', 'addr:postcode': '64014', 'addr:state': 'MO', 'addr:street': 'Northeast Adams Dairy Parkway', 'addr:unit': 'A', 'healthcare': 'physiotherapist', 'name': 'ARC Physical Therapy+', 'phone': '+1-816-988-2800', 'website': 'https://arcpt.com/clinics/blue-springs-mo/'}}"
"{'type': 'node', 'id': 11937976429, 'lat': 39.0555017, 'lon': -94.5323407, 'tags': {'addr:city': 'Kansas City', 'addr:housenumber': '4400', 'addr:postcode': '64128', 'addr:state': 'MO', 'addr:street': 'East 39th Street', 'amenity': 'clinic', 'healthcare': 'clinic', 'name': 'Dedicated Senior Medical Center'}}"
"{'type': 'node', 'id': 11954977714, 'lat': 39.0333277, 'lon': -94.3562265, 'tags': {'addr:city': 'Independence', 'addr:housenumber': '18921', 'addr:postcode': '64055', 'addr:state': 'MO', 'addr:street': 'East Valley View Parkway', 'addr:unit': 'E', 'fax': '+18162817766', 'healthcare': 'laboratory', 'name': 'Any Lab Test Now', 'opening_hours': 'Mo-Fr 08:30-17:00; Sa 09:00-12:00', 'phone': '+18168378669', 'website': 'https://www.anylabtestnow.com/independence-64055'}}"
"{'type': 'node', 'id': 11954977720, 'lat': 39.0336014, 'lon': -94.3557831, 'tags': {'addr:city': 'Independence', 'addr:housenumber': '18931', 'addr:postcode': '64055', 'addr:state': 'MO', 'addr:street': 'East Valley View Parkway', 'addr:unit': 'C', 'email': 'independence@gocuris.com', 'fax': '+1-816-350-0040', 'healthcare': 'alternative', 'healthcare:speciality': 'chiropractic', 'name': 'Curis Functional Health', 'opening_hours': 'Mo 09:30-12:30, 15:00-18:00; Tu-Fr 09:30-13:00, 15:00-18:00; Sa 09:30-13:00', 'phone': '+1-816-583-0495', 'website': 'https://gocuris.com/independence'}}"
"{'type': 'node', 'id': 11954977722, 'lat': 39.0337382, 'lon': -94.3556301, 'tags': {'addr:city': 'Independence', 'addr:housenumber': '18931', 'addr:postcode': '64055', 'addr:state': 'MO', 'addr:street': 'East Valley View Parkway', 'addr:unit': 'F', 'healthcare': 'counselling', 'healthcare:counselling': 'dietitian', 'healthcare:speciality': 'weight_loss', 'name': 'Slim4Life', 'phone': '+1-816-373-0403', 'website': 'https://www.slim4life.com'}}"
"{'type': 'node', 'id': 11954977725, 'lat': 39.0338438, 'lon': -94.3555122, 'tags': {'addr:city': 'Independence', 'addr:housenumber': '18931', 'addr:postcode': '64055', 'addr:state': 'MO', 'addr:street': 'East Valley View Parkway', 'addr:unit': 'H', 'healthcare': 'optometrist', 'name': 'Eyeconic Eyecare', 'opening_hours': 'Mo 10:00-18:00; Tu, Th-Fr 09:00-17:00; We 11:00-19:00; Sa ""by appointment""', 'phone': '+1-816-795-8884', 'shop': 'optician', 'website': 'http://www.eyeconiceyecare.com'}}"
"{'type': 'node', 'id': 11979159232, 'lat': 39.0554325, 'lon': -94.6083351, 'tags': {'addr:city': 'Kansas City', 'addr:housenumber': '4000', 'addr:postcode': '66160', 'addr:state': 'KS', 'addr:street': 'Cambridge Street', 'addr:unit': 'Level 2', 'healthcare': 'rehabilitation', 'name': 'Sutherland Institute', 'phone': '+1-913-588-1227'}}"
"{'type': 'node', 'id': 11987611852, 'lat': 39.0821341, 'lon': -94.8521111, 'tags': {'healthcare': 'yes'}}"
"{'type': 'node', 'id': 12028994816, 'lat': 38.9389421, 'lon': -94.7039983, 'tags': {'amenity': 'doctors', 'healthcare': 'doctor', 'healthcare:speciality': 'proctology', 'name': 'Endoscopic Imaging Center', 'opening_hours': 'Mo-Fr 06:30-16:00', 'wheelchair': 'yes'}}"
"{'type': 'node', 'id': 12043457403, 'lat': 39.0336382, 'lon': -94.6089307, 'tags': {'amenity': 'doctors', 'healthcare': 'doctor', 'healthcare:speciality': 'dermatology', 'name': 'Epiphany Dermatology', 'opening_hours': 'Mo-Th 08:00-16:00', 'wheelchair': 'yes'}}"
"{'type': 'node', 'id': 12046506508, 'lat': 38.808109, 'lon': -94.6631976, 'tags': {'healthcare': 'laboratory', 'name': 'Charles River Laboratories, Inc.'}}"
"{'type': 'node', 'id': 12063533124, 'lat': 38.8855466, 'lon': -94.7504289, 'tags': {'healthcare': 'rehabilitation', 'name': 'Nottingham Health & Rehabilitation', 'wheelchair': 'yes'}}"
"{'type': 'node', 'id': 12092077490, 'lat': 38.5720521, 'lon': -94.8793669, 'tags': {'addr:housenumber': '24', 'addr:street': 'South Silver Street', 'amenity': 'dentist', 'check_date': '2024-08-04', 'healthcare': 'dentist', 'name': 'Herwig DDS Family & Cosmetic Dentistry', 'phone': '+1 913-294-4321'}}"
"{'type': 'node', 'id': 12109257952, 'lat': 38.9083609, 'lon': -94.6090841, 'tags': {'addr:city': 'Leawood', 'addr:housenumber': '12122', 'addr:postcode': '66209', 'addr:street': 'State Line Road', 'amenity': 'pharmacy', 'branch': 'Only)', 'brand': 'Hy-Vee Pharmacy', 'brand:wikidata': 'Q1639719', 'healthcare': 'pharmacy', 'name': 'Hy-Vee Pharmacy', 'phone': '(913) 345-9377', 'source': 'microsoft/BuildingFootprints'}}"
"{'type': 'node', 'id': 12157003002, 'lat': 39.5620932, 'lon': -95.1231402, 'tags': {'addr:city': 'Atchison', 'addr:housenumber': '727', 'addr:postcode': '66002', 'addr:state': 'KS', 'addr:street': 'Commercial Street', 'healthcare': 'optometrist', 'name': 'Atchison Eye Center', 'website': 'https://www.atchisoneyecenter.com/'}}"
"{'type': 'node', 'id': 12157011478, 'lat': 39.5622742, 'lon': -95.1193311, 'tags': {'addr:city': 'Atchison', 'addr:housenumber': '111', 'addr:postcode': '66002', 'addr:state': 'KS', 'addr:street': 'North 5th Street', 'amenity': 'dentist', 'healthcare': 'dentist', 'name': 'Atchison Dental Associates'}}"
"{'type': 'node', 'id': 12158252897, 'lat': 39.5637638, 'lon': -95.1215745, 'tags': {'addr:city': 'Atchison', 'addr:housenumber': '222', 'addr:postcode': '66002', 'addr:state': 'KS', 'addr:street': 'North 7th Street', 'amenity': 'dentist', 'healthcare': 'dentist', 'name': 'Canary Dental', 'website': 'https://www.canarydentalcare.com/'}}"
"{'type': 'node', 'id': 12162310609, 'lat': 39.5620946, 'lon': -95.1226897, 'tags': {'addr:city': 'Atchison', 'addr:housenumber': '717', 'addr:postcode': '66002', 'addr:state': 'KS', 'addr:street': 'Commercial Street', 'healthcare': 'alternative', 'healthcare:speciality': 'chiropractic', 'name': 'Sunrice Family & Sport Chiropractic', 'website': 'https://sunricechiropractic.com/'}}"
"{'type': 'node', 'id': 12173135601, 'lat': 38.996903, 'lon': -94.4821601, 'tags': {'addr:housenumber': '7001', 'addr:postcode': '64133', 'addr:street': 'Blue Ridge Boulevard', 'amenity': 'clinic', 'name': ""ReDiscover's Behavioral Health Urgent Care Clinics - Raytown Outreach"", 'outdoor_seating': 'no', 'phone': '816-988-2739;816-416-8417', 'website': 'https://www.rediscovermh.org/behavioral-health-urgent-care/'}}"
"{'type': 'node', 'id': 12173325781, 'lat': 38.576472, 'lon': -94.8687209, 'tags': {'check_date': '2024-08-18', 'healthcare': 'alternative', 'healthcare:speciality': 'chiropractic', 'name': 'Fulk Chiropractic', 'phone': '+1 913-294-3851', 'website': 'https://www.fulkchiro.com'}}"
"{'type': 'node', 'id': 12192082541, 'lat': 38.93507, 'lon': -95.0949765, 'tags': {'addr:city': 'Eudora', 'addr:housenumber': '1402', 'addr:postcode': '66025', 'addr:state': 'KS', 'addr:street': 'Church Street', 'addr:unit': 'B', 'fax': '+1-785-542-5402', 'healthcare': 'alternative', 'healthcare:speciality': 'chiropractic', 'name': 'Mateo Chiropractic', 'phone': '+1-785-542-5400', 'website': 'https://www.mateochiro.com/'}}"
"{'type': 'node', 'id': 12192082543, 'lat': 38.9348376, 'lon': -95.0950094, 'tags': {'addr:city': 'Eudora', 'addr:housenumber': '1402', 'addr:postcode': '66025', 'addr:state': 'KS', 'addr:street': 'Church Street', 'addr:unit': 'E', 'healthcare': 'alternative', 'healthcare:speciality': 'chiropractic', 'name': 'Rock Family Chiropractic', 'phone': '+1-785-542-2118', 'website': 'https://www.rockfamilychiropractic.com/'}}"
"{'type': 'node', 'id': 12203609969, 'lat': 39.000577, 'lon': -94.2722657, 'tags': {'addr:city': 'Blue Springs', 'addr:housenumber': '1500', 'addr:postcode': '64014', 'addr:state': 'MO', 'addr:street': 'MO-7', 'amenity': 'dentist', 'healthcare': 'dentist', 'healthcare:speciality': 'dentist;orthodontics', 'name': 'Dental Depot', 'opening_hours': 'Mo-Fr 08:00-17:00, Sat 08:00-14:00', 'phone': '+1 816-339-3230', 'website': 'https://dentaldepotkcmo.com/locations/blue-springs/'}}"
"{'type': 'node', 'id': 12309323591, 'lat': 39.1180837, 'lon': -94.3793145, 'tags': {'addr:city': 'Independence', 'addr:housenumber': '16805', 'addr:postcode': '64056-1531', 'addr:state': 'MO', 'addr:street': 'E US Hwy 24', 'amenity': 'dentist', 'healthcare': 'dentist', 'healthcare:speciality': 'dentist', 'name': 'Dental Depot', 'opening_hours': 'Mo-Fr 08:00-17:00, Mo-Fr 08:00-14:00', 'phone': '+1 816-320-6119', 'website': 'https://dentaldepotkcmo.com/locations/independence/'}}"
"{'type': 'node', 'id': 12333421570, 'lat': 38.812255, 'lon': -94.4719738, 'tags': {'addr:city': 'Raymore', 'addr:housenumber': '1018', 'addr:postcode': '64083', 'addr:state': 'MO', 'addr:street': 'West Foxwood Drive', 'amenity': 'hospital', 'contact:facebook': 'https://www.facebook.com/discovervision/', 'description': 'Located in the heart of Raymore, Missouri, Discover Vision at 1018 W Foxwood Dr. is your trusted provider for comprehensive eye care. Our clinic is designed with convenience in mind, offering easy access to patients throughout Raymore and the surrounding', 'email': 'goto@discovervision.com', 'healthcare': 'hospital', 'healthcare:speciality': 'ophthalmology', 'mobile': '816-281-3097', 'name': 'Discover Vision', 'opening_hours': 'Monday: 1:00pm - 7:00pm, Tuesday - Friday: 8:00am - 5:00pm, Saturday - Sunday: Closed', 'operator': 'Discover Vision', 'operator:type': 'public', 'website': 'https://www.discovervision.com/locations/raymore-eye-clinic-optical/'}}"
"{'type': 'node', 'id': 12379437813, 'lat': 39.0951184, 'lon': -94.5825338, 'tags': {'addr:city': 'Kansas City', 'addr:housenumber': '1518', 'addr:postcode': '64108', 'addr:state': 'MO', 'addr:street': 'Walnut Street', 'brand': 'Vision Source', 'brand:wikidata': 'Q21189109', 'healthcare': 'optometrist', 'name': 'Vision Source Eyecare', 'shop': 'optician', 'website': 'https://vseyecare.com/locations/crossroads/'}}"
"{'type': 'node', 'id': 12380077127, 'lat': 39.2690032, 'lon': -94.452, 'tags': {'addr:city': 'Kansas City', 'addr:housenumber': '9760', 'addr:postcode': '64157', 'addr:state': 'MO', 'addr:street': 'North Ash Avenue', 'healthcare': 'physiotherapist', 'name': 'SERC'}}"
"{'type': 'node', 'id': 12498000620, 'lat': 38.9351655, 'lon': -94.3588177, 'tags': {'addr:city': 'Lees Summit', 'addr:housenumber': '1255', 'addr:postcode': '64086', 'addr:state': 'MO', 'addr:street': 'Northeast Rice Road', 'description': 'Visiting Angels of Kansas City, MO, strives to provide the quality, customized in home care services that fulfills your loved ones needs.', 'healthcare': 'home_health_care_service', 'name': 'Visiting Angels', 'opening_hours': '24/7', 'phone': '+1 816-361-9800', 'website': 'https://visitingangels.com/kansascity'}}"
