OSM_Data
"{'type': 'node', 'id': 461853618, 'lat': 30.1829047, 'lon': -95.5376658, 'tags': {'amenity': 'pharmacy', 'brand': 'CVS Pharmacy', 'brand:website': 'https://www.cvs.com/', 'brand:wikidata': 'Q2078880', 'brand:wikipedia': 'en:CVS Pharmacy', 'healthcare': 'pharmacy', 'name': 'CVS Pharmacy', 'short_name': 'CVS', 'website': 'https://www.cvs.com/store-locator/the-woodlands-tx-pharmacies/6700-woodlands-pkwy-ste-500-the-woodlands-tx-77382/storeid=7819'}}"
"{'type': 'node', 'id': 2176631264, 'lat': 30.7182548, 'lon': -95.5648836, 'tags': {'addr:city': 'Huntsville', 'addr:housenumber': '2601', 'addr:postcode': '77340', 'addr:street': '11th Street', 'amenity': 'pharmacy', 'brand': 'Brookshire Brothers Pharmacy', 'brand:wikidata': 'Q4975084', 'dispensing': 'yes', 'healthcare': 'pharmacy', 'name': 'Brookshire Brothers Pharmacy', 'phone': '+1-936-435-1209'}}"
"{'type': 'node', 'id': 2365798513, 'lat': 30.062334, 'lon': -95.911503, 'tags': {'amenity': 'pharmacy', 'brand': 'CVS Pharmacy', 'brand:website': 'https://www.cvs.com/', 'brand:wikidata': 'Q2078880', 'brand:wikipedia': 'en:CVS Pharmacy', 'check_date': '2023-09-09', 'healthcare': 'pharmacy', 'name': 'CVS Pharmacy', 'short_name': 'CVS', 'website': 'https://www.cvs.com/store-locator/waller-tx-pharmacies/31013-fm-2920-rd-waller-tx-77484/storeid=7485'}}"
"{'type': 'node', 'id': 2631958739, 'lat': 30.226097, 'lon': -95.5192693, 'tags': {'addr:city': 'The Woodlands', 'addr:housenumber': '3601', 'addr:postcode': '77384', 'addr:state': 'TX', 'addr:street': 'FM 1488', 'alt_name': 'HEB Pharmacy', 'amenity': 'pharmacy', 'brand': 'H-E-B', 'brand:wikidata': 'Q830621', 'healthcare': 'pharmacy', 'name': 'H-E-B Pharmacy', 'operator': 'H-E-B', 'phone': '+1-936-321-2748'}}"
"{'type': 'node', 'id': 2640570742, 'lat': 30.3358819, 'lon': -95.4655427, 'tags': {'addr:city': 'Conroe', 'addr:housenumber': '2108', 'addr:postcode': '77301', 'addr:state': 'TX', 'addr:street': 'North Frazier Street', 'alt_name': 'HEB Pharmacy', 'amenity': 'pharmacy', 'brand': 'H-E-B', 'brand:wikidata': 'Q830621', 'dispensing': 'yes', 'healthcare': 'pharmacy', 'name': 'H-E-B Pharmacy', 'phone': '+1-936-756-1435', 'short_name': 'H-E-B'}}"
"{'type': 'node', 'id': 2640583302, 'lat': 30.3251373, 'lon': -95.5004002, 'tags': {'addr:city': 'Conroe', 'addr:housenumber': '3875', 'addr:postcode': '77304', 'addr:state': 'TX', 'addr:street': 'West Davis Street', 'alt_name': 'HEB Pharmacy', 'amenity': 'pharmacy', 'brand': 'H-E-B', 'brand:wikidata': 'Q830621', 'check_date': '2024-07-15', 'dispensing': 'yes', 'healthcare': 'pharmacy', 'name': 'H-E-B Pharmacy', 'phone': '+1-936-760-6810'}}"
"{'type': 'node', 'id': 2641732606, 'lat': 30.0527844, 'lon': -95.1842088, 'tags': {'addr:city': 'Kingwood', 'addr:housenumber': '4517', 'addr:postcode': '77345', 'addr:state': 'TX', 'addr:street': 'Kingwood Drive', 'alt_name': 'HEB Pharmacy', 'amenity': 'pharmacy', 'brand': 'H-E-B', 'brand:wikidata': 'Q830621', 'dispensing': 'yes', 'healthcare': 'pharmacy', 'name': 'H-E-B Pharmacy', 'phone': '+1-281-361-0083', 'short_name': 'H-E-B'}}"
"{'type': 'node', 'id': 2648864002, 'lat': 30.0683778, 'lon': -95.4494374, 'tags': {'addr:city': 'Spring', 'addr:housenumber': '2121', 'addr:postcode': '77388', 'addr:state': 'TX', 'addr:street': 'FM 2920', 'alt_name': 'HEB Pharmacy', 'amenity': 'pharmacy', 'brand': 'H-E-B Pharmacy', 'brand:wikidata': 'Q830621', 'check_date': '2024-02-04', 'dispensing': 'yes', 'healthcare': 'pharmacy', 'name': 'H-E-B Pharmacy', 'phone': '+1-281-907-7950', 'short_name': 'H-E-B'}}"
"{'type': 'node', 'id': 2648906015, 'lat': 30.0883488, 'lon': -95.6295424, 'tags': {'addr:city': 'Tomball', 'addr:housenumber': '28520', 'addr:postcode': '77375', 'addr:state': 'TX', 'addr:street': 'Tomball Parkway', 'alt_name': 'HEB Pharmacy', 'amenity': 'pharmacy', 'brand': 'H-E-B Pharmacy', 'brand:wikidata': 'Q830621', 'check_date': '2023-12-13', 'dispensing': 'yes', 'healthcare': 'pharmacy', 'name': 'H-E-B Pharmacy', 'opening_hours': 'Mo-Fr 09:00-21:00; Sa 09:00-18:00; Su 10:00-17:00', 'phone': '+1-281-351-1972', 'short_name': 'H-E-B'}}"
"{'type': 'node', 'id': 2648955711, 'lat': 30.1636483, 'lon': -95.4673403, 'tags': {'addr:city': 'The Woodlands', 'addr:housenumber': '9595', 'addr:postcode': '77380', 'addr:state': 'TX', 'addr:street': 'Six Pines Drive', 'alt_name': 'HEB Pharmacy', 'amenity': 'pharmacy', 'brand': 'H-E-B Pharmacy', 'brand:wikidata': 'Q830621', 'dispensing': 'yes', 'healthcare': 'pharmacy', 'name': 'H-E-B Pharmacy', 'phone': '+1-281-292-3962', 'short_name': 'H-E-B'}}"
"{'type': 'node', 'id': 2648972189, 'lat': 30.1280812, 'lon': -95.4457097, 'tags': {'addr:city': 'Spring', 'addr:housenumber': '130', 'addr:postcode': '77380', 'addr:state': 'TX', 'addr:street': 'Sawdust Road', 'alt_name': 'HEB Pharmacy', 'amenity': 'pharmacy', 'brand': 'H-E-B', 'brand:wikidata': 'Q830621', 'dispensing': 'yes', 'healthcare': 'pharmacy', 'name': 'H-E-B Pharmacy', 'phone': '+1-281-292-0774'}}"
"{'type': 'node', 'id': 2684621622, 'lat': 30.1888899, 'lon': -95.4506238, 'tags': {'addr:city': 'Shenandoah', 'addr:housenumber': '19073', 'addr:postcode': '77385', 'addr:street': 'Interstate 45 South', 'addr:unit': '185', 'amenity': 'dentist', 'healthcare': 'dentist', 'name': 'Mint Dentistry', 'opening_hours': 'Mo-Fr 08:00-17:00', 'phone': '+1 832-813-8742', 'website': 'https://www.thewoodlandstxdentist.com/'}}"
"{'type': 'node', 'id': 3112263282, 'lat': 30.2113187, 'lon': -95.7551879, 'tags': {'amenity': 'pharmacy', 'brand': 'Walgreens', 'brand:wikidata': 'Q1591889', 'healthcare': 'pharmacy', 'name': 'Walgreens'}}"
"{'type': 'node', 'id': 3197768631, 'lat': 30.168408, 'lon': -95.5041273, 'tags': {'addr:city': 'The Woodlands', 'addr:housenumber': '4775', 'addr:postcode': '77381', 'addr:state': 'TX', 'addr:street': 'West Panther Creek Drive', 'amenity': 'pharmacy', 'healthcare': 'pharmacy', 'name': 'Randalls Pharmacy', 'phone': '+1 281 363 5142'}}"
"{'type': 'node', 'id': 3374923960, 'lat': 30.1113937, 'lon': -95.552387, 'tags': {'amenity': 'pharmacy', 'brand': 'CVS Pharmacy', 'brand:website': 'https://www.cvs.com/', 'brand:wikidata': 'Q2078880', 'brand:wikipedia': 'en:CVS Pharmacy', 'healthcare': 'pharmacy', 'name': 'CVS Pharmacy', 'short_name': 'CVS', 'website': 'https://www.cvs.com/store-locator/tomball-tx-pharmacies/24048-kuykendahl-rd-tomball-tx-77375/storeid=285'}}"
"{'type': 'node', 'id': 3556647501, 'lat': 30.1080093, 'lon': -95.387241, 'tags': {'alt_name': 'HEB Pharmacy', 'amenity': 'pharmacy', 'brand': 'H-E-B Pharmacy', 'brand:wikidata': 'Q830621', 'brand:wikipedia': 'en:H-E-B', 'healthcare': 'pharmacy', 'name': 'H-E-B Pharmacy', 'phone': '+1-281-353-2420'}}"
"{'type': 'node', 'id': 3722199515, 'lat': 30.7303144, 'lon': -94.941131, 'tags': {'addr:city': 'Livingston', 'addr:housenumber': '210', 'addr:postcode': '77351', 'addr:state': 'TX', 'addr:street': 'West Park Drive', 'addr:unit': 'Suite 100', 'amenity': 'doctors', 'healthcare': 'doctor', 'healthcare:speciality': 'orthopaedics', 'name': 'Dr. Timothy Shaw', 'phone': '+1 936 328 8080', 'website': 'https://ehr.wrshealth.com/live/patient_v2/index.php?id=2427086'}}"
"{'type': 'node', 'id': 3772812685, 'lat': 30.3588054, 'lon': -95.5936972, 'tags': {'amenity': 'pharmacy', 'brand': 'CVS Pharmacy', 'brand:website': 'https://www.cvs.com/', 'brand:wikidata': 'Q2078880', 'brand:wikipedia': 'en:CVS Pharmacy', 'check_date': '2022-07-04', 'healthcare': 'pharmacy', 'name': 'CVS Pharmacy', 'short_name': 'CVS', 'website': 'https://www.cvs.com/store-locator/montgomery-tx-pharmacies/15270-hwy-105-west-montgomery-tx-77356/storeid=6800'}}"
"{'type': 'node', 'id': 3802417672, 'lat': 30.0679335, 'lon': -95.2120943, 'tags': {'amenity': 'pharmacy', 'brand': 'Walgreens', 'brand:wikidata': 'Q1591889', 'healthcare': 'pharmacy', 'name': 'Walgreens'}}"
"{'type': 'node', 'id': 4113059994, 'lat': 30.0499666, 'lon': -95.1813898, 'tags': {'addr:city': 'Kingwood', 'addr:housenumber': '4582', 'addr:postcode': '77345', 'addr:state': 'TX', 'addr:street': 'Kingwood Drive', 'addr:unit': 'F', 'amenity': 'dentist', 'healthcare': 'dentist', 'name': 'Kings Crossing Dentistry', 'phone': '+1-281-361-7711', 'website': 'https://www.kingwood.com/business_directory/business_detail.php?merchant_id=8917'}}"
"{'type': 'node', 'id': 4198112095, 'lat': 30.0511264, 'lon': -95.2405767, 'tags': {'addr:city': 'Kingwood', 'addr:housenumber': '2627', 'addr:postcode': '77339', 'addr:state': 'TX', 'addr:street': 'Chestnut Ridge Road', 'amenity': 'doctors', 'healthcare': 'doctor', 'healthcare:speciality': 'cardiology', 'name': 'Texas Cardiology Associates of Houston', 'opening_hours': 'Mo-Th 08:00-18:00; Fr 09:00-12:00'}}"
"{'type': 'node', 'id': 4253422591, 'lat': 30.0667532, 'lon': -95.187566, 'tags': {'addr:city': 'Kingwood', 'addr:housenumber': '3410', 'addr:postcode': '77345', 'addr:state': 'TX', 'addr:street': 'Northpark Drive', 'amenity': 'pharmacy', 'healthcare': 'pharmacy', 'name': 'Kroger Pharmacy', 'operator': 'Kroger'}}"
"{'type': 'node', 'id': 4267207920, 'lat': 30.5881346, 'lon': -95.1362781, 'tags': {'addr:city': 'Coldspring', 'addr:housenumber': '14761', 'addr:postcode': '77331', 'addr:state': 'TX', 'addr:street': 'State Highway 150', 'amenity': 'pharmacy', 'brand': 'Brookshire Brothers Pharmacy', 'brand:wikidata': 'Q4975084', 'drive_through': 'yes', 'healthcare': 'pharmacy', 'name': 'Brookshire Brothers Pharmacy', 'operator': 'Brookshire Brothers', 'phone': '+1-936-653-8203'}}"
"{'type': 'node', 'id': 4281415131, 'lat': 30.0679257, 'lon': -95.2083096, 'tags': {'addr:city': 'Kingwood', 'addr:housenumber': '2420', 'addr:postcode': '77339', 'addr:state': 'TX', 'addr:street': 'Northpark Drive', 'amenity': 'dentist', 'healthcare': 'dentist', 'name': 'Scott Mosby, DDS - Kingwood Family Dentistry', 'website': 'https://www.mosbydds.com/'}}"
"{'type': 'node', 'id': 4283557322, 'lat': 30.0494582, 'lon': -95.2447371, 'tags': {'addr:city': 'Kingwood', 'addr:housenumber': '760', 'addr:postcode': '77339', 'addr:state': 'TX', 'addr:street': 'Kingwood Drive', 'alt_name': 'Weight Watchers', 'brand': 'WW Studio', 'brand:wikidata': 'Q1929466', 'healthcare': 'counselling', 'healthcare:counselling': 'dietitian', 'healthcare:speciality': 'weight_loss', 'name': 'WW Studio'}}"
"{'type': 'node', 'id': 4283557353, 'lat': 30.0507566, 'lon': -95.2469683, 'tags': {'addr:city': 'Kingwood', 'addr:housenumber': '536', 'addr:postcode': '77339', 'addr:state': 'TX', 'addr:street': 'Kingwood Drive', 'amenity': 'dentist', 'healthcare': 'dentist', 'name': 'Made Ya Smile Dental', 'opening_hours': 'Mo-Tu 08:00-17:00; We-Th 08:00-19:00; Fr 08:00-17:00', 'website': 'https://www.madeyasmile.com/locations/made-ya-smile-kingwood/'}}"
"{'type': 'node', 'id': 4283563092, 'lat': 30.0504865, 'lon': -95.2470667, 'tags': {'addr:city': 'Kingwood', 'addr:housenumber': '530', 'addr:postcode': '77339', 'addr:state': 'TX', 'addr:street': 'Kingwood Drive', 'amenity': 'clinic', 'healthcare': 'clinic', 'name': 'Kingwood Spine and Wellness', 'opening_hours': 'Mo-Fr 09:00-18:00', 'website': 'https://www.kingwoodspine.com/'}}"
"{'type': 'node', 'id': 4286971446, 'lat': 30.0491122, 'lon': -95.2333851, 'tags': {'addr:city': 'Kingwood', 'addr:housenumber': '1450', 'addr:postcode': '77339', 'addr:state': 'TX', 'addr:street': 'Kingwood Drive', 'amenity': 'doctors', 'healthcare': 'doctor', 'name': 'MedSpring Urgent Care of Kingwood', 'opening_hours': 'Mo-Su 09:00-21:00', 'phone': '+1-832-548-4420', 'website': 'https://medspring.com/texas/kingwood-kingwood-drive-urgent-care'}}"
"{'type': 'node', 'id': 4286971503, 'lat': 30.0487068, 'lon': -95.2354609, 'tags': {'addr:city': 'Kingwood', 'addr:housenumber': '1330', 'addr:postcode': '77339', 'addr:state': 'TX', 'addr:street': 'Kingwood Drive', 'amenity': 'clinic', 'healthcare': 'clinic', 'name': ""The Woman's Place Kingwood"", 'phone': '+1-281-359-5711', 'website': 'https://womanshealthgroup.com/'}}"
"{'type': 'node', 'id': 4286971504, 'lat': 30.048703, 'lon': -95.2356244, 'tags': {'addr:city': 'Kingwood', 'addr:housenumber': '1330', 'addr:postcode': '77339', 'addr:state': 'TX', 'addr:street': 'Kingwood Drive', 'amenity': 'clinic', 'healthcare': 'clinic', 'name': 'The Center for Wound Care', 'phone': '+1-281-348-7301'}}"
"{'type': 'node', 'id': 4309519889, 'lat': 30.0549078, 'lon': -95.1870813, 'tags': {'addr:city': 'Kingwood', 'addr:housenumber': '4003', 'addr:postcode': '77339', 'addr:state': 'TX', 'addr:street': 'Rustic Woods Drive', 'addr:unit': 'B', 'amenity': 'clinic', 'healthcare': 'clinic', 'name': 'Action Chiropractic'}}"
"{'type': 'node', 'id': 4309519890, 'lat': 30.0548944, 'lon': -95.1871719, 'tags': {'addr:city': 'Kingwood', 'addr:housenumber': '4003', 'addr:postcode': '77339', 'addr:state': 'TX', 'addr:street': 'Rustic Woods Drive', 'amenity': 'dentist', 'healthcare': 'dentist', 'name': 'Carus Dental', 'phone': '+1-281-360-3630', 'website': 'https://www.carusdental.com/'}}"
"{'type': 'node', 'id': 4309918988, 'lat': 30.0520192, 'lon': -95.1863954, 'tags': {'addr:city': 'Kingwood', 'addr:housenumber': '4445', 'addr:postcode': '77339', 'addr:state': 'TX', 'addr:street': 'Kingwood Drive', 'amenity': 'pharmacy', 'brand': 'Walgreens', 'brand:wikidata': 'Q1591889', 'dispensing': 'yes', 'healthcare': 'pharmacy', 'name': 'Walgreens'}}"
"{'type': 'node', 'id': 4309919501, 'lat': 30.0517801, 'lon': -95.1862291, 'tags': {'addr:city': 'Kingwood', 'addr:housenumber': '4431', 'addr:postcode': '77339', 'addr:state': 'TX', 'addr:street': 'Kingwood Drive', 'amenity': 'dentist', 'healthcare': 'dentist', 'name': 'Town Center Family Dentistry'}}"
"{'type': 'node', 'id': 4309919502, 'lat': 30.0518451, 'lon': -95.1862586, 'tags': {'addr:city': 'Kingwood', 'addr:housenumber': '4435', 'addr:postcode': '77339', 'addr:state': 'TX', 'addr:street': 'Kingwood Drive', 'amenity': 'clinic', 'healthcare': 'clinic', 'name': 'Town Center Family Practice'}}"
"{'type': 'node', 'id': 4312017441, 'lat': 30.0601925, 'lon': -95.2480069, 'tags': {'addr:city': 'Kingwood', 'addr:housenumber': '23802', 'addr:postcode': '77339-1510', 'addr:state': 'TX', 'addr:street': 'Highway 59 North', 'amenity': 'clinic', 'healthcare': 'clinic', 'name': 'Her Healthcare', 'phone': '+1-281-312-5400', 'website': 'https://www.herhealthcare.net/'}}"
"{'type': 'node', 'id': 4312017442, 'lat': 30.0606289, 'lon': -95.2478961, 'tags': {'addr:city': 'Kingwood', 'addr:housenumber': '23816', 'addr:postcode': '77339-1510', 'addr:state': 'TX', 'addr:street': 'Highway 59 North', 'brand': 'Quest Diagnostics', 'brand:wikidata': 'Q7271456', 'healthcare': 'laboratory', 'name': 'Quest Diagnostics', 'opening_hours': 'Mo-Fr 07:00-17:00', 'phone': '+1-281-358-7033', 'website': 'https://www.questdiagnostics.com/home.html'}}"
"{'type': 'node', 'id': 4396228392, 'lat': 30.2231868, 'lon': -95.5852033, 'tags': {'addr:city': 'Magnolia', 'addr:housenumber': '7988', 'addr:postcode': '77354', 'addr:state': 'TX', 'addr:street': 'FM 1488', 'alt_name': 'HEB Pharmacy', 'amenity': 'pharmacy', 'brand': 'H-E-B', 'brand:wikidata': 'Q830621', 'dispensing': 'yes', 'healthcare': 'pharmacy', 'name': 'H-E-B Pharmacy', 'phone': '+1-281-252-0069'}}"
"{'type': 'node', 'id': 5065125161, 'lat': 30.4209358, 'lon': -95.49624, 'tags': {'addr:city': 'Willis', 'addr:housenumber': '9610', 'addr:postcode': '77318', 'addr:state': 'TX', 'addr:street': 'FM 1097 West', 'amenity': 'pharmacy', 'brand': 'Walgreens', 'brand:wikidata': 'Q1591889', 'dispensing': 'yes', 'healthcare': 'pharmacy', 'name': 'Walgreens', 'opening_hours': '07:00-23:00', 'phone': '+1 936-856-4096', 'website': 'https://www.walgreens.com/locator/walgreens-9610+fm+1097+rd+w-willis-tx-77318/id=15012'}}"
"{'type': 'node', 'id': 5194525294, 'lat': 30.0582123, 'lon': -95.9138177, 'tags': {'addr:city': 'Waller', 'addr:housenumber': '31303', 'addr:postcode': '77484', 'addr:street': 'FM 2920', 'amenity': 'pharmacy', 'brand': 'Brookshire Brothers Pharmacy', 'brand:wikidata': 'Q4975084', 'healthcare': 'pharmacy', 'name': 'Brookshire Brothers Pharmacy', 'phone': '+1-936-372-1000'}}"
"{'type': 'node', 'id': 5195300690, 'lat': 30.2123385, 'lon': -95.7517418, 'tags': {'addr:city': 'Magnolia', 'addr:housenumber': '18535', 'addr:postcode': '77355', 'addr:state': 'TX', 'addr:street': 'Farm-to-Market Road 1488', 'amenity': 'pharmacy', 'brand': 'Brookshire Brothers', 'brand:wikidata': 'Q4975084', 'healthcare': 'pharmacy', 'name': 'Brookshire Brothers Pharmacy', 'phone': '+1-281-356-6103'}}"
"{'type': 'node', 'id': 5196811209, 'lat': 30.3901324, 'lon': -96.0903579, 'tags': {'addr:city': 'Navasota', 'addr:housenumber': '309', 'addr:postcode': '77868', 'addr:street': 'North Lasalle Street', 'amenity': 'pharmacy', 'brand': 'Brookshire Brothers Pharmacy', 'brand:wikidata': 'Q4975084', 'healthcare': 'pharmacy', 'name': 'Brookshire Brothers Pharmacy', 'phone': '+1 936 825 8793'}}"
"{'type': 'node', 'id': 5199227366, 'lat': 30.3873443, 'lon': -95.6951114, 'tags': {'addr:city': 'Montgomery', 'addr:housenumber': '21005', 'addr:postcode': '77356', 'addr:street': 'Eva Street', 'amenity': 'pharmacy', 'brand': 'Brookshire Brothers Pharmacy', 'brand:wikidata': 'Q4975084', 'healthcare': 'pharmacy', 'name': 'Brookshire Brothers Pharmacy', 'phone': '+1-936-597-8002'}}"
"{'type': 'node', 'id': 5200869885, 'lat': 30.3422904, 'lon': -95.0820424, 'tags': {'addr:city': 'Cleveland', 'addr:housenumber': '603', 'addr:postcode': '77327', 'addr:street': 'East Houston Street', 'amenity': 'pharmacy', 'brand': 'Brookshire Brothers Pharmacy', 'brand:wikidata': 'Q4975084', 'healthcare': 'pharmacy', 'name': 'Brookshire Brothers Pharmacy', 'phone': '+1-281-592-5257'}}"
"{'type': 'node', 'id': 5201270739, 'lat': 30.9509066, 'lon': -95.9116233, 'tags': {'addr:city': 'Madisonville', 'addr:housenumber': '403', 'addr:postcode': '77864', 'addr:street': 'East Main Street', 'amenity': 'pharmacy', 'check_date': '2023-03-26', 'healthcare': 'pharmacy', 'name': 'Brookshire Brothers Pharmacy', 'phone': '+1 936-348-6951'}}"
"{'type': 'node', 'id': 5202476412, 'lat': 31.0295383, 'lon': -96.1154283, 'tags': {'addr:city': 'Normangee', 'addr:housenumber': '209', 'addr:postcode': '77871', 'addr:street': 'Main Street', 'amenity': 'pharmacy', 'brand': 'Brookshire Brothers Pharmacy', 'brand:wikidata': 'Q4975084', 'healthcare': 'pharmacy', 'name': 'Brookshire Brothers Pharmacy', 'phone': '+1 936-396-1412'}}"
"{'type': 'node', 'id': 5202785578, 'lat': 30.9401472, 'lon': -95.3738396, 'tags': {'addr:city': 'Trinity', 'addr:housenumber': '501', 'addr:postcode': '75862', 'addr:street': 'South Robb Street', 'amenity': 'pharmacy', 'brand': 'Brookshire Brothers Pharmacy', 'brand:wikidata': 'Q4975084', 'healthcare': 'pharmacy', 'name': 'Brookshire Brothers Pharmacy', 'phone': '+1-936-594-5429'}}"
"{'type': 'node', 'id': 5202998781, 'lat': 30.8124945, 'lon': -95.1195619, 'tags': {'addr:city': 'Onalaska', 'addr:housenumber': '14658', 'addr:postcode': '77360', 'addr:street': 'United States Highway 190', 'amenity': 'pharmacy', 'healthcare': 'pharmacy', 'name': 'Brookshire Brothers Pharmacy', 'phone': '+1-936-646-2488'}}"
"{'type': 'node', 'id': 5203048833, 'lat': 30.7091041, 'lon': -94.9474289, 'tags': {'addr:city': 'Livingston', 'addr:housenumber': '1253', 'addr:postcode': '77351-9998', 'addr:street': 'West Church Street', 'amenity': 'pharmacy', 'brand': 'Brookshire Brothers Pharmacy', 'brand:wikidata': 'Q4975084', 'healthcare': 'pharmacy', 'name': 'Brookshire Brothers Pharmacy', 'phone': '+1-936-327-4354'}}"
"{'type': 'node', 'id': 5207395391, 'lat': 30.0969957, 'lon': -96.0647084, 'tags': {'addr:city': 'Hempstead', 'addr:housenumber': '300', 'addr:postcode': '77445', 'addr:street': 'Austin Street', 'amenity': 'pharmacy', 'brand': 'Brookshire Brothers Pharmacy', 'brand:wikidata': 'Q4975084', 'healthcare': 'pharmacy', 'name': 'Brookshire Brothers Pharmacy', 'phone': '+1-979-826-4895'}}"
"{'type': 'node', 'id': 5207415950, 'lat': 31.3670766, 'lon': -96.140444, 'tags': {'addr:city': 'Jewett', 'addr:housenumber': '1117', 'addr:postcode': '75846', 'addr:street': 'Main Street', 'amenity': 'pharmacy', 'brand': 'Brookshire Brothers Pharmacy', 'brand:wikidata': 'Q4975084', 'healthcare': 'pharmacy', 'name': 'Brookshire Brothers Pharmacy', 'phone': '+1 903-626-5414'}}"
"{'type': 'node', 'id': 5207525592, 'lat': 31.058574, 'lon': -95.1320669, 'tags': {'addr:city': 'Groveton', 'addr:housenumber': '520', 'addr:postcode': '75845', 'addr:street': '1st Street', 'amenity': 'pharmacy', 'healthcare': 'pharmacy', 'name': 'B&B Food Pharmacy', 'phone': '+1-936-642-1174'}}"
"{'type': 'node', 'id': 5208353117, 'lat': 31.3209378, 'lon': -95.4581288, 'tags': {'addr:city': 'Crockett', 'addr:housenumber': '401', 'addr:postcode': '75835', 'addr:street': '4th Street', 'amenity': 'pharmacy', 'healthcare': 'pharmacy', 'name': 'Brookshire Brothers Pharmacy', 'phone': '+1-936-544-8188'}}"
"{'type': 'node', 'id': 5294723115, 'lat': 30.1443281, 'lon': -95.549996, 'tags': {'addr:city': 'Tomball', 'addr:housenumber': '26500', 'addr:postcode': '77375', 'addr:state': 'TX', 'addr:street': 'Kuykendahl Road', 'alt_name': 'HEB Pharmacy', 'amenity': 'pharmacy', 'brand': 'H-E-B Pharmacy', 'brand:wikidata': 'Q830621', 'dispensing': 'yes', 'healthcare': 'pharmacy', 'name': 'H-E-B Pharmacy', 'phone': '+1-281-255-2248', 'short_name': 'H-E-B'}}"
"{'type': 'node', 'id': 5329784355, 'lat': 30.2269441, 'lon': -95.5219233, 'tags': {'amenity': 'pharmacy', 'brand': 'CVS Pharmacy', 'brand:website': 'https://www.cvs.com/', 'brand:wikidata': 'Q2078880', 'brand:wikipedia': 'en:CVS Pharmacy', 'drive_through': 'yes', 'healthcare': 'pharmacy', 'name': 'CVS Pharmacy', 'opening_hours': 'Mo-Su 08:00-20:00', 'short_name': 'CVS', 'website': 'https://www.cvs.com/store-locator/the-woodlands-tx-pharmacies/3705-fm-1488-the-woodlands-tx-77384/storeid=10140'}}"
"{'type': 'node', 'id': 5332193819, 'lat': 30.2287569, 'lon': -95.5194776, 'tags': {'healthcare': 'optometrist', 'name': 'InVision EyeCare'}}"
"{'type': 'node', 'id': 5332255337, 'lat': 30.2285518, 'lon': -95.5203404, 'tags': {'amenity': 'dentist', 'healthcare': 'dentist', 'healthcare:speciality': 'orthodontics', 'name': 'Woods Dental Group and Orthodontics', 'operator': 'Woods Dental Group'}}"
"{'type': 'node', 'id': 5332255338, 'lat': 30.2285373, 'lon': -95.520464, 'tags': {'amenity': 'dentist', 'branch': '1488', 'healthcare': 'dentist', 'healthcare:speciality': 'dentist', 'name': ""My Kid's Dentist""}}"
"{'type': 'node', 'id': 5449778361, 'lat': 30.1198706, 'lon': -95.3792146, 'tags': {'amenity': 'clinic', 'healthcare': 'clinic', 'healthcare:speciality': 'clinic', 'name': ""Bender's Landing Urgent Care"", 'operator': 'Memorial Hermann'}}"
"{'type': 'node', 'id': 5708621202, 'lat': 30.2846283, 'lon': -95.4801165, 'tags': {'addr:city': 'Conroe', 'addr:housenumber': '2006', 'addr:postcode': '77304', 'addr:street': 'South Loop 336 West', 'addr:unit': 'Suite 500', 'amenity': 'hospital', 'beds': '30', 'emergency': 'no', 'healthcare': 'hospital', 'healthcare:speciality': 'psychiatry', 'name': 'Aspire Hospital', 'phone': '+1 936 647 3500', 'website': 'https://www.aspirehealthcorp.com/'}}"
"{'type': 'node', 'id': 5793829253, 'lat': 30.7225557, 'lon': -95.5610159, 'tags': {'addr:city': 'Huntsville', 'addr:housenumber': '1702', 'addr:postcode': '77340', 'addr:state': 'TX', 'addr:street': '11th Street', 'amenity': 'pharmacy', 'brand': 'H-E-B Pharmacy', 'brand:wikidata': 'Q830621', 'dispensing': 'yes', 'healthcare': 'pharmacy', 'name': 'H-E-B Pharmacy', 'phone': '+1-936-291-0302', 'short_name': 'H-E-B'}}"
"{'type': 'node', 'id': 5982543778, 'lat': 30.1308233, 'lon': -95.2351293, 'tags': {'addr:city': 'New Caney', 'addr:housenumber': '11939', 'addr:postcode': '77357', 'addr:state': 'TX', 'addr:street': 'North Grand Parkway East', 'addr:unit': '500', 'amenity': 'dentist', 'healthcare': 'dentist', 'healthcare:speciality': 'dentist', 'name': 'Ideal Dental', 'opening_hours': 'Mo-Fr 08:00-17:00; Sa 09:00-15:00', 'operator': 'Ideal Dental', 'website': 'https://www.myidealdental.com/dentist-offices/valley-ranch/'}}"
"{'type': 'node', 'id': 6006751530, 'lat': 30.1391482, 'lon': -95.2269536, 'tags': {'addr:city': 'New Caney', 'addr:housenumber': '21134', 'addr:postcode': '77357', 'addr:state': 'TX', 'addr:street': 'Eastex Freeway', 'amenity': 'clinic', 'fax': '+1-281-577-8991', 'healthcare': 'clinic', 'healthcare:speciality': 'gynaecology;pregnancy;paediatrics;oncology;mammography;diagnostic_radiology;chemotherapy', 'name': 'UTMB Health Regional Maternal and Child Health Program', 'opening_hours': 'Mo,We-Fr 08:00-17:00; Tu 08:00-19:00', 'phone': '+1-281-577-8966'}}"
"{'type': 'node', 'id': 6078588223, 'lat': 30.0889818, 'lon': -95.6334712, 'tags': {'addr:city': 'Tomball', 'addr:housenumber': '14025 1/2', 'addr:postcode': '77377', 'addr:state': 'TX', 'addr:street': 'FM 2920', 'amenity': 'dentist', 'emergency': 'no', 'healthcare': 'dentist', 'healthcare:speciality': 'dentist', 'name': 'Copas Dental', 'operator': 'Dr. Mark H. Copas D.D.S.'}}"
"{'type': 'node', 'id': 6164611452, 'lat': 30.3357653, 'lon': -95.0963339, 'tags': {'addr:city': 'Cleveland', 'addr:housenumber': '429', 'addr:postcode': '77327', 'addr:state': 'TX', 'addr:street': 'West Southline Street', 'healthcare': 'optometrist', 'name': 'Mann Eye Institute', 'phone': '+1-281-592-4343', 'website': 'https://www.manneye.com/locations-directions/cleveland-location/'}}"
"{'type': 'node', 'id': 6183318294, 'lat': 30.072272, 'lon': -95.1722775, 'tags': {'addr:city': 'Porter', 'addr:housenumber': '4107', 'addr:postcode': '77365', 'addr:state': 'TX', 'addr:street': 'Acorn Ln', 'amenity': 'hospital', 'healthcare': 'hospital', 'healthcare:speciality': 'clinic', 'name': 'Westbridge Recovery Center, Inc', 'phone': '+1-832-510-8305', 'website': 'https://www.txwbrc.com/'}}"
"{'type': 'node', 'id': 6193543699, 'lat': 30.1331334, 'lon': -95.2372066, 'tags': {'addr:city': 'New Caney', 'addr:housenumber': '22030', 'addr:postcode': '77357', 'addr:state': 'TX', 'addr:street': 'Market Place Drive', 'amenity': 'pharmacy', 'brand': 'Kroger', 'brand:wikidata': 'Q153417', 'dispensing': 'yes', 'drive_through': 'yes', 'healthcare': 'pharmacy', 'name': 'Kroger Pharmacy', 'opening_hours': 'Mo-Fr 09:00-21:00', 'operator': 'Kroger', 'phone': '+1-281-747-5089', 'website': 'https://www.kroger.com/stores/grocery/tx/new-caney/valley-ranch/034/00138'}}"
"{'type': 'node', 'id': 6247705607, 'lat': 30.130864, 'lon': -95.2327676, 'tags': {'addr:city': 'New Caney', 'addr:housenumber': '12073', 'addr:postcode': '77357', 'addr:state': 'TX', 'addr:street': 'North Grand Parkway East', 'addr:unit': '200', 'amenity': 'clinic', 'fax': '+1-281-354-5368', 'healthcare': 'clinic', 'healthcare:speciality': 'general;paediatrics;cardiology;osteopathy', 'name': 'Express Family Clinic', 'opening_hours': 'Mo-Fr 09:00-17:00', 'phone': '+1-281-306-2102', 'website': 'https://www.expressfamilyclinic.com/'}}"
"{'type': 'node', 'id': 6299524981, 'lat': 30.054176, 'lon': -95.5771636, 'tags': {'addr:city': 'Spring', 'addr:housenumber': '20311', 'addr:postcode': '77379', 'addr:state': 'TX', 'addr:street': 'Champion Forest Drive', 'alt_name': 'HEB Pharmacy', 'amenity': 'pharmacy', 'brand': 'H-E-B', 'brand:wikidata': 'Q830621', 'dispensing': 'yes', 'healthcare': 'pharmacy', 'name': 'H-E-B Pharmacy', 'phone': '+1-281-376-2652'}}"
"{'type': 'node', 'id': 6355441521, 'lat': 30.1035576, 'lon': -95.2344443, 'tags': {'addr:city': 'Porter', 'addr:housenumber': '23741', 'addr:postcode': '77365', 'addr:state': 'TX', 'addr:street': 'Eastex Freeway', 'addr:unit': '1', 'amenity': 'dentist', 'email': 'info@affordable-smiles.com', 'fax': '+1-281-354-2691', 'healthcare': 'dentist', 'name': 'Affordable Smiles', 'phone': '+1-281-354-1197', 'website': 'https://www.affordable-smiles.com/'}}"
"{'type': 'node', 'id': 6355441540, 'lat': 30.1026438, 'lon': -95.2352955, 'tags': {'addr:city': 'Porter', 'addr:housenumber': '23741', 'addr:postcode': '77365', 'addr:state': 'TX', 'addr:street': 'Eastex Freeway', 'addr:unit': 'A02', 'amenity': 'clinic', 'healthcare': 'clinic', 'name': 'Clinica Hispana', 'opening_hours': 'Mo-Sa 08:00-21:00', 'phone': '+1-281-747-7296'}}"
"{'type': 'node', 'id': 6595408031, 'lat': 30.184239, 'lon': -95.4900026, 'tags': {'amenity': 'pharmacy', 'brand': 'CVS Pharmacy', 'brand:website': 'https://www.cvs.com/', 'brand:wikidata': 'Q2078880', 'brand:wikipedia': 'en:CVS Pharmacy', 'dispensing': 'yes', 'healthcare': 'pharmacy', 'name': 'CVS Pharmacy', 'short_name': 'CVS'}}"
"{'type': 'node', 'id': 6646539081, 'lat': 30.1054411, 'lon': -95.4312519, 'tags': {'addr:city': 'Spring', 'addr:housenumber': '28420', 'addr:postcode': '77373', 'addr:state': 'TX', 'addr:street': 'Hardy Toll Road', 'addr:unit': '205', 'amenity': 'doctors', 'healthcare': 'doctor', 'name': 'Crossover Health', 'office': 'yes', 'phone': '+1-346-275-1600', 'website': 'https://crossoverhealth.com/locations/crossover-health-spring/'}}"
"{'type': 'node', 'id': 6740172888, 'lat': 30.1676441, 'lon': -95.4610462, 'tags': {'alt_name': 'Weight Watchers', 'brand': 'WW Studio', 'brand:wikidata': 'Q1929466', 'healthcare': 'counselling', 'healthcare:counselling': 'dietitian', 'healthcare:speciality': 'weight_loss', 'name': 'WW Studio'}}"
"{'type': 'node', 'id': 6887604855, 'lat': 30.2239554, 'lon': -95.5494427, 'tags': {'amenity': 'dentist', 'healthcare': 'dentist', 'name': 'Favour Dental'}}"
"{'type': 'node', 'id': 6887604869, 'lat': 30.2226856, 'lon': -95.5621171, 'tags': {'amenity': 'dentist', 'brand': 'Castle Dental', 'brand:wikidata': 'Q108288471', 'healthcare': 'dentist', 'name': 'Castle Dental'}}"
"{'type': 'node', 'id': 6887604873, 'lat': 30.2201429, 'lon': -95.5649658, 'tags': {'addr:city': 'Magnolia', 'addr:housenumber': '6519', 'addr:state': 'TX', 'addr:street': 'FM 1488', 'addr:unit': '503', 'check_date': '2023-01-19', 'healthcare': 'optometrist', 'name': 'Texas State Optical', 'shop': 'optician'}}"
"{'type': 'node', 'id': 6887604879, 'lat': 30.2230532, 'lon': -95.5640239, 'tags': {'amenity': 'dentist', 'healthcare': 'dentist', 'name': 'FLOSS Dental'}}"
"{'type': 'node', 'id': 6887604880, 'lat': 30.2230792, 'lon': -95.5638805, 'tags': {'healthcare': 'yes', 'name': 'Pinewood Family Medicine and Endocrinology'}}"
"{'type': 'node', 'id': 6894634736, 'lat': 30.2111043, 'lon': -95.5288722, 'tags': {'amenity': 'dentist', 'healthcare': 'dentist', 'name': 'Alden Bridge Family Dental'}}"
"{'type': 'node', 'id': 6894634737, 'lat': 30.2113786, 'lon': -95.5286657, 'tags': {'amenity': 'clinic', 'healthcare': 'clinic', 'name': 'Village Medical Center'}}"
"{'type': 'node', 'id': 6894648085, 'lat': 30.2263186, 'lon': -95.5217593, 'tags': {'amenity': 'dentist', 'healthcare': 'dentist', 'name': 'Made Ya Smile Dental'}}"
"{'type': 'node', 'id': 6894648086, 'lat': 30.2262975, 'lon': -95.5219544, 'tags': {'amenity': 'dentist', 'healthcare': 'dentist', 'name': 'Pediatric Dentisty', 'operator': 'Kim Feuquay, DDS'}}"
"{'type': 'node', 'id': 6894648088, 'lat': 30.2262676, 'lon': -95.522178, 'tags': {'healthcare': 'alternative', 'healthcare:speciality': 'chiropractic', 'name': 'Foundation Chiropractic'}}"
"{'type': 'node', 'id': 6894648095, 'lat': 30.2268507, 'lon': -95.5225866, 'tags': {'amenity': 'clinic', 'healthcare': 'clinic', 'name': 'Methodist Emergency Care Center'}}"
"{'type': 'node', 'id': 6897082785, 'lat': 30.2275266, 'lon': -95.5087533, 'tags': {'amenity': 'dentist', 'healthcare': 'dentist', 'name': 'Partners Dentures & Implants'}}"
"{'type': 'node', 'id': 6901059632, 'lat': 30.2257502, 'lon': -95.5423863, 'tags': {'amenity': 'dentist', 'healthcare': 'dentist', 'name': 'Woodland Lakes Dental Studio'}}"
"{'type': 'node', 'id': 6901059634, 'lat': 30.2258694, 'lon': -95.5423881, 'tags': {'amenity': 'pharmacy', 'drive_through': 'no', 'healthcare': 'pharmacy', 'name': 'Woodlakes Pharmacy'}}"
"{'type': 'node', 'id': 6901360367, 'lat': 30.1928683, 'lon': -95.5881064, 'tags': {'amenity': 'dentist', 'healthcare': 'dentist', 'healthcare:speciality': 'periodontics', 'name': 'Bradshaw Periodontics'}}"
"{'type': 'node', 'id': 6901360369, 'lat': 30.192965, 'lon': -95.5883495, 'tags': {'amenity': 'dentist', 'healthcare': 'dentist', 'healthcare:speciality': 'orthodontics', 'name': 'Orthodontist', 'operator': 'Kendra Pratt'}}"
"{'type': 'node', 'id': 6901360372, 'lat': 30.1930665, 'lon': -95.588577, 'tags': {'amenity': 'doctors', 'healthcare': 'doctor', 'name': 'Family Medicine at Sterling Ridge'}}"
"{'type': 'node', 'id': 6901360378, 'lat': 30.1943759, 'lon': -95.5881402, 'tags': {'amenity': 'dentist', 'healthcare': 'dentist', 'name': 'Bear Branch Family Dentistry'}}"
"{'type': 'node', 'id': 6974712291, 'lat': 30.1259186, 'lon': -95.4524369, 'tags': {'addr:city': 'Spring', 'addr:housenumber': '525', 'addr:postcode': '77380', 'addr:state': 'TX', 'addr:street': 'Sawdust Road', 'addr:unit': '102', 'amenity': 'dentist', 'healthcare': 'dentist', 'name': 'Perfect Smile Family & Cosmetic Dentristry'}}"
"{'type': 'node', 'id': 7091781547, 'lat': 30.1315374, 'lon': -95.2381699, 'tags': {'addr:city': 'New Caney', 'addr:housenumber': '22118', 'addr:postcode': '77357', 'addr:state': 'TX', 'addr:street': 'Market Place Drive', 'addr:unit': '100', 'amenity': 'clinic', 'brand': 'DaVita Dialysis', 'brand:wikidata': 'Q5207184', 'fax': '+1-281-354-1728', 'healthcare': 'dialysis', 'healthcare:speciality': 'dialysis', 'name': 'DaVita Dialysis', 'operator': 'DaVita Dialysis', 'operator:wikidata': 'Q5207184', 'operator:wikipedia': 'de:DaVita', 'phone': '+1-800-424-6589', 'ref': '920', 'website': 'https://www.davita.com/'}}"
"{'type': 'node', 'id': 7103709704, 'lat': 30.2064635, 'lon': -95.4247958, 'tags': {'addr:city': 'CONROE', 'addr:housenumber': '10200', 'addr:postcode': '77385', 'addr:state': 'TX', 'addr:street': 'Needham Road', 'alt_name': 'HEB Pharmacy', 'amenity': 'pharmacy', 'brand': 'H-E-B', 'brand:wikidata': 'Q830621', 'dispensing': 'yes', 'healthcare': 'pharmacy', 'name': 'H-E-B Pharmacy', 'opening_hours': 'Mo-Fr 08:00-20:00; Sa 09:00-18:00; Su 10:00-17:00', 'phone': '+1-936-525-1200'}}"
"{'type': 'node', 'id': 7108509673, 'lat': 30.0683971, 'lon': -95.2512501, 'tags': {'addr:city': 'Kingwood', 'addr:housenumber': '19529', 'addr:postcode': '77339', 'addr:state': 'TX', 'addr:street': 'Northpark Drive', 'alt_name': 'HEB Pharmacy', 'amenity': 'pharmacy', 'brand': 'H-E-B', 'brand:wikidata': 'Q830621', 'dispensing': 'yes', 'drive_through': 'yes', 'healthcare': 'pharmacy', 'name': 'H-E-B Pharmacy', 'opening_hours': 'Mo-Fr 08:00-20:00; Sa 09:00-18:00; Su 10:00-17:00', 'phone': '+1-281-312-1364', 'short_name': 'H-E-B'}}"
"{'type': 'node', 'id': 7380551624, 'lat': 30.6913009, 'lon': -95.5561872, 'tags': {'addr:city': 'Huntsville', 'addr:housenumber': '3301', 'addr:postcode': '77340', 'addr:state': 'TX', 'addr:street': 'Collard Road', 'amenity': 'dentist', 'email': 'huntsvillefamilydental@gmail.com', 'facebook': 'https://www.facebook.com/Huntsville-Family-Dental-117534076282619', 'healthcare': 'dentist', 'healthcare:speciality': 'dentist;Pediatric_Dentist;Cosmetic_Dentist;Dental_Implants', 'name': 'Huntsville Family Dental', 'opening_hours': 'Mo-Th 08:00-17:00; Fr-Su off', 'phone': '+1-936-295-5437', 'website': 'https://www.huntsvilletxdental.com/'}}"
"{'type': 'node', 'id': 7631196590, 'lat': 30.0638255, 'lon': -95.2465686, 'tags': {'addr:city': 'Kingwood', 'addr:housenumber': '23972-A', 'addr:postcode': '77339', 'addr:state': 'TX', 'addr:street': 'Highway 59 North', 'healthcare': 'podiatrist', 'name': 'Foot Care Associates of Texas', 'operator': 'Michael Wynn', 'phone': '+1-281-540-1444', 'website': 'https://www.michaelwynndpm.com/'}}"
"{'type': 'node', 'id': 7631196618, 'lat': 30.0631072, 'lon': -95.2467649, 'tags': {'addr:city': 'Kingwood', 'addr:housenumber': '23966', 'addr:postcode': '77339', 'addr:state': 'TX', 'addr:street': 'Highway 59 North', 'fax': '+1-281-358-5157', 'healthcare': 'yes', 'name': 'IPR Healthcare System, Inc.', 'opening_hours': 'Mo-Fr 08:00-17:00', 'phone': '+1-281-358-5970', 'website': 'https://iprhealthcare.com/'}}"
"{'type': 'node', 'id': 7633149809, 'lat': 30.0618654, 'lon': -95.2470504, 'tags': {'addr:city': 'Kingwood', 'addr:housenumber': '23900', 'addr:postcode': '77339', 'addr:state': 'TX', 'addr:street': 'Highway 59 North', 'amenity': 'dentist', 'email': 'office@paigeorthodontics.com', 'fax': '+1-281-358-4055', 'healthcare': 'dentist', 'healthcare:speciality': 'orthodontics', 'name': 'Paige Orthodontics', 'opening_hours': 'Mo 08:30-18:00; Tu-We 08:30-17:00; Th 07:30-17:00; Sa 08:00-13:00', 'phone': '+1-281-358-6580', 'website': 'https://www.paigeortho.com/'}}"
"{'type': 'node', 'id': 7633149814, 'lat': 30.0611992, 'lon': -95.2473079, 'tags': {'addr:city': 'Kingwood', 'addr:housenumber': '23836', 'addr:postcode': '77339', 'addr:state': 'TX', 'addr:street': 'Highway 59 North', 'healthcare': 'psychotherapist', 'healthcare:speciality': 'child_psychiatry;psychiatry', 'name': 'Chase Behavior Solutions', 'website': 'https://chasebehavior.com/'}}"
"{'type': 'node', 'id': 7633149815, 'lat': 30.0611945, 'lon': -95.2477719, 'tags': {'addr:city': 'Kingwood', 'addr:housenumber': '23830', 'addr:postcode': '77339', 'addr:state': 'TX', 'addr:street': 'Highway 59 North', 'healthcare': 'alternative', 'healthcare:speciality': 'chiropractic', 'name': 'New Leaf Chiropractic', 'opening_hours': 'Mo,Th 10:00-13:00,15:00-18:00; We 10:00-13:00,15:00-19:00', 'phone': '+1-281-941-0111', 'website': 'https://www.newleafchiro.com/'}}"
"{'type': 'node', 'id': 7633149816, 'lat': 30.0605515, 'lon': -95.2479006, 'tags': {'addr:city': 'Kingwood', 'addr:housenumber': '23812', 'addr:postcode': '77339', 'addr:state': 'TX', 'addr:street': 'Highway 59 North', 'amenity': 'dentist', 'healthcare': 'dentist', 'name': 'Complete Dental Care', 'opening_hours': 'Mo-Fr 08:00-17:00', 'phone': '+1-281-502-4535', 'website': 'https://www.completedentalcarekingwood.com/'}}"
"{'type': 'node', 'id': 7633149818, 'lat': 30.0601545, 'lon': -95.2477317, 'tags': {'healthcare': 'physiotherapist', 'healthcare:speciality': 'occupational;physiotherapy', 'name': 'Kingwood Occupational and Physical Therapy'}}"
"{'type': 'node', 'id': 7635824491, 'lat': 30.0644283, 'lon': -95.246642, 'tags': {'addr:city': 'Kingwood', 'addr:housenumber': '24006', 'addr:postcode': '77339', 'addr:state': 'TX', 'addr:street': 'Highway 59 North', 'fax': '+1-281-358-3115', 'healthcare': 'dialysis', 'healthcare:speciality': 'dialysis', 'name': 'U.S. Renal Care Kingwood Dialysis', 'operator': 'U.S. Renal Care', 'phone': '+1-281-312-5562'}}"
"{'type': 'node', 'id': 7635824492, 'lat': 30.0643922, 'lon': -95.2464523, 'tags': {'addr:city': 'Kingwood', 'addr:housenumber': '24018', 'addr:postcode': '77339', 'addr:state': 'TX', 'addr:street': 'Highway 59 North', 'fax': '+1-281-446-4664', 'healthcare': 'yes', 'name': 'North Houston Pain Center', 'phone': '+1-281-446-4878', 'website': 'https://www.northhoustonpaincenter.com/'}}"
"{'type': 'node', 'id': 7635824494, 'lat': 30.0647478, 'lon': -95.2461178, 'tags': {'addr:city': 'Kingwood', 'addr:housenumber': '24044', 'addr:postcode': '77339', 'addr:state': 'TX', 'addr:street': 'Highway 59 North', 'amenity': 'clinic', 'email': 'epione@epione.org', 'healthcare': 'clinic', 'healthcare:speciality': 'surgery', 'name': 'Epione Health Clinic', 'opening_hours': 'Mo-Fr 09:00-17:00', 'phone': '+1-713-653-1616', 'website': 'https://www.epione.org/'}}"
"{'type': 'node', 'id': 7635824495, 'lat': 30.0646411, 'lon': -95.2461473, 'tags': {'addr:city': 'Kingwood', 'addr:housenumber': '24042', 'addr:postcode': '77339', 'addr:state': 'TX', 'addr:street': 'Highway 59 North', 'amenity': 'clinic', 'healthcare': 'clinic', 'name': 'Family Health Clinic'}}"
"{'type': 'node', 'id': 7635824496, 'lat': 30.0649173, 'lon': -95.2460655, 'tags': {'addr:city': 'Kingwood', 'addr:housenumber': '24046', 'addr:postcode': '77339', 'addr:state': 'TX', 'addr:street': 'Highway 59 North', 'fax': '+1-281-312-4445', 'healthcare': 'yes', 'healthcare:speciality': 'endocrinology', 'name': 'Center for Diabetes Management Diabetes Center', 'operator': 'Center for Diabetes Management', 'phone': '+1-281-358-3387'}}"
"{'type': 'node', 'id': 7659000450, 'lat': 30.1516459, 'lon': -95.2211948, 'tags': {'amenity': 'pharmacy', 'brand': 'Walmart', 'brand:wikidata': 'Q483551', 'dispensing': 'yes', 'healthcare': 'pharmacy', 'name': 'Walmart Pharmacy', 'website': 'https://www.walmart.com/store/6579-new-caney-tx/pharmacy'}}"
"{'type': 'node', 'id': 7677660069, 'lat': 30.0494075, 'lon': -95.4289296, 'tags': {'amenity': 'dentist', 'healthcare': 'dentist', 'name': 'Spring Park Dentisry'}}"
"{'type': 'node', 'id': 7677660076, 'lat': 30.051249, 'lon': -95.4283592, 'tags': {'amenity': 'dentist', 'check_date': '2024-04-07', 'healthcare': 'dentist', 'name': 'Royalty Dental Associates'}}"
"{'type': 'node', 'id': 7782561666, 'lat': 30.1888805, 'lon': -95.4512591, 'tags': {'addr:city': 'Shenandoah', 'addr:housenumber': '19073', 'addr:postcode': '77385', 'addr:street': 'Interstate 45 South', 'addr:unit': '115', 'amenity': 'clinic', 'name': 'Portofino Family Clinic'}}"
"{'type': 'node', 'id': 7782561671, 'lat': 30.1888847, 'lon': -95.4508943, 'tags': {'addr:city': 'Shenandoah', 'addr:housenumber': '19073', 'addr:postcode': '77385', 'addr:street': 'Interstate 45 South', 'addr:unit': '145', 'amenity': 'clinic', 'name': 'Synergenx Testosterone & Weight Loss'}}"
"{'type': 'node', 'id': 7782561674, 'lat': 30.1888788, 'lon': -95.4513696, 'tags': {'addr:city': 'Shenandoah', 'addr:housenumber': '19073', 'addr:postcode': '77385', 'addr:street': 'Interstate 45 South', 'addr:unit': '110', 'amenity': 'clinic', 'name': 'Any Lab Test Now'}}"
"{'type': 'node', 'id': 7945701908, 'lat': 30.0720443, 'lon': -95.5023357, 'tags': {'addr:city': 'Spring', 'addr:housenumber': '5251', 'addr:postcode': '77388', 'addr:state': 'TX', 'addr:street': 'FM 2920', 'alt_name': 'HEB Pharmacy', 'amenity': 'pharmacy', 'brand': 'H-E-B Pharmacy', 'brand:wikidata': 'Q830621', 'dispensing': 'yes', 'healthcare': 'pharmacy', 'name': 'H-E-B Pharmacy', 'phone': '+1-281-353-2982', 'short_name': 'H-E-B'}}"
"{'type': 'node', 'id': 8063083643, 'lat': 30.1818672, 'lon': -95.4832511, 'tags': {'addr:city': 'The Woodlands', 'addr:housenumber': '3608', 'addr:postcode': '77381', 'addr:state': 'TX', 'addr:street': 'Research Forest Drive', 'addr:unit': '500', 'amenity': 'clinic', 'contact:facebook': 'https://www.facebook.com/ActionBehaviorCenters/', 'contact:linkedin': 'https://www.linkedin.com/company/action-behavior-centers', 'contact:youtube': 'https://www.youtube.com/channel/UCzblXe5-aFywFfInCTEVBtA', 'email': 'hr@actionbehavior.com', 'fax': '+1 281-783-2839', 'healthcare': 'clinic', 'healthcare:speciality': 'psychiatry', 'name': 'Action Behavior Centers', 'opening_hours': 'Mo-Fr 08:00-17:00, Sa-Su closed', 'phone': '+1 713-388-6410', 'website': 'https://www.actionbehavior.com/locations/aba-therapy-woodlands/'}}"
"{'type': 'node', 'id': 8150204517, 'lat': 30.0486473, 'lon': -95.2349907, 'tags': {'amenity': 'pharmacy', 'brand': 'CVS Pharmacy', 'brand:website': 'https://www.cvs.com/', 'brand:wikidata': 'Q2078880', 'brand:wikipedia': 'en:CVS Pharmacy', 'dispensing': 'yes', 'healthcare': 'pharmacy', 'name': 'CVS Pharmacy', 'short_name': 'CVS', 'website': 'https://www.cvs.com/store-locator/kingwood-tx-pharmacies/1350-kingwood-dr-kingwood-tx-77339/storeid=7475'}}"
"{'type': 'node', 'id': 8256573734, 'lat': 30.0535054, 'lon': -95.2459013, 'tags': {'addr:city': 'Kingwood', 'addr:housenumber': '2665', 'addr:postcode': '77339', 'addr:state': 'TX', 'addr:street': 'Royal Forest Drive', 'addr:unit': 'B-90', 'amenity': 'clinic', 'healthcare': 'clinic', 'name': 'Kingwood Speech Pathology', 'phone': '+1-281-358-0577', 'website': 'https://kingwoodspeech.com/'}}"
"{'type': 'node', 'id': 8442032887, 'lat': 30.3868355, 'lon': -95.6773302, 'tags': {'amenity': 'pharmacy', 'brand': 'CVS Pharmacy', 'brand:website': 'https://www.cvs.com/', 'brand:wikidata': 'Q2078880', 'brand:wikipedia': 'en:CVS Pharmacy', 'dispensing': 'yes', 'drive_through': 'yes', 'healthcare': 'pharmacy', 'name': 'CVS Pharmacy', 'short_name': 'CVS', 'website': 'https://www.cvs.com/store-locator/montgomery-tx-pharmacies/20125-eva-street-montgomery-tx-77356/storeid=11097'}}"
"{'type': 'node', 'id': 8442032901, 'lat': 30.3839552, 'lon': -95.6541758, 'tags': {'amenity': 'pharmacy', 'brand': 'Walgreens', 'brand:wikidata': 'Q1591889', 'dispensing': 'yes', 'drive_through': 'yes', 'healthcare': 'pharmacy', 'name': 'Walgreens'}}"
"{'type': 'node', 'id': 8591239992, 'lat': 30.2168604, 'lon': -95.5649561, 'tags': {'amenity': 'pharmacy', 'brand': 'CVS Pharmacy', 'brand:website': 'https://www.cvs.com/', 'brand:wikidata': 'Q2078880', 'brand:wikipedia': 'en:CVS Pharmacy', 'check_date': '2023-01-19', 'healthcare': 'pharmacy', 'name': 'CVS Pharmacy', 'short_name': 'CVS', 'website': 'https://www.cvs.com/store-locator/magnolia-tx-pharmacies/32858-fm-2978-rd-magnolia-tx-77354/storeid=17420'}}"
"{'type': 'node', 'id': 8591302498, 'lat': 30.1696454, 'lon': -95.4529309, 'tags': {'amenity': 'pharmacy', 'brand': 'CVS Pharmacy', 'brand:website': 'https://www.cvs.com/', 'brand:wikidata': 'Q2078880', 'brand:wikipedia': 'en:CVS Pharmacy', 'check_date': '2024-04-12', 'healthcare': 'pharmacy', 'name': 'CVS Pharmacy', 'short_name': 'CVS', 'website': 'https://www.cvs.com/store-locator/the-woodlands-tx-pharmacies/1100-lake-woodlands-dr-the-woodlands-tx-77380/storeid=16205'}}"
"{'type': 'node', 'id': 8591316854, 'lat': 30.0502158, 'lon': -95.4350835, 'tags': {'amenity': 'pharmacy', 'brand': 'CVS Pharmacy', 'brand:website': 'https://www.cvs.com/', 'brand:wikidata': 'Q2078880', 'brand:wikipedia': 'en:CVS Pharmacy', 'check_date': '2024-04-07', 'healthcare': 'pharmacy', 'name': 'CVS Pharmacy', 'short_name': 'CVS', 'website': 'https://www.cvs.com/store-locator/spring-tx-pharmacies/19511-i-h-45-spring-tx-77388/storeid=16790'}}"
"{'type': 'node', 'id': 8591761632, 'lat': 30.0485632, 'lon': -95.2410709, 'tags': {'addr:city': 'Kingwood', 'addr:housenumber': '2527', 'addr:state': 'TX', 'addr:street': 'Chestnut Ridge Road', 'amenity': 'doctors', 'healthcare': 'doctor', 'name': 'Dr. Roy MD'}}"
"{'type': 'node', 'id': 8608685714, 'lat': 30.1797623, 'lon': -95.480509, 'tags': {'addr:housenumber': '3000', 'addr:street': 'Research Forest Drive', 'addr:unit': '105', 'amenity': 'doctors', 'healthcare': 'doctor', 'name': 'Abundant Life Wellness', 'operator': 'Chris Zaino'}}"
"{'type': 'node', 'id': 9177279457, 'lat': 30.1902414, 'lon': -95.5891844, 'tags': {'amenity': 'pharmacy', 'brand': 'Walmart', 'brand:wikidata': 'Q483551', 'dispensing': 'yes', 'drive_through': 'yes', 'healthcare': 'pharmacy', 'name': 'Walmart Pharmacy', 'website': 'https://www.walmart.com/store/3390-woodlands-tx/pharmacy'}}"
"{'type': 'node', 'id': 9279177687, 'lat': 30.2785827, 'lon': -95.4665073, 'tags': {'amenity': 'dentist', 'healthcare': 'dentist', 'name': 'Greater Houston Pediatric Dentistry'}}"
"{'type': 'node', 'id': 9279177694, 'lat': 30.2784303, 'lon': -95.466012, 'tags': {'amenity': 'dentist', 'healthcare': 'dentist', 'name': 'Ideal Dental'}}"
"{'type': 'node', 'id': 9279195809, 'lat': 30.2781045, 'lon': -95.4598212, 'tags': {'amenity': 'dentist', 'brand': 'Aspen Dental', 'brand:wikidata': 'Q4807808', 'healthcare': 'dentist', 'name': 'Aspen Dental'}}"
"{'type': 'node', 'id': 9281892569, 'lat': 30.2236163, 'lon': -95.5548265, 'tags': {'healthcare': 'physiotherapist', 'name': 'Select Physical Therapy'}}"
"{'type': 'node', 'id': 9294519739, 'lat': 30.2238838, 'lon': -95.5396827, 'tags': {'addr:city': 'Magnolia', 'addr:housenumber': '4849', 'addr:postcode': '77354', 'addr:state': 'TX', 'addr:street': 'FM 1488', 'addr:unit': 'Suite 800', 'amenity': 'dentist', 'healthcare': 'dentist', 'healthcare:speciality': 'dentist', 'name': 'Serenity Dental', 'phone': '+1 281 971 2120'}}"
"{'type': 'node', 'id': 9295062222, 'lat': 30.2101747, 'lon': -95.524914, 'tags': {'addr:city': 'The Woodlands', 'addr:housenumber': '8101', 'addr:postcode': '77382', 'addr:state': 'TX', 'addr:street': 'Kuykendahl Road', 'healthcare': 'occupational_therapist', 'name': 'Cryo: Sports Cryotherapy of The Woodlands', 'phone': '+1 281 755 1321', 'website': 'https://www.sportscryoofthewoodlands.com/'}}"
"{'type': 'node', 'id': 9295077434, 'lat': 30.2102377, 'lon': -95.5248756, 'tags': {'addr:city': 'The Woodlands', 'addr:housenumber': '8101', 'addr:postcode': '77382', 'addr:state': 'TX', 'addr:street': 'Kuykendahl Road', 'addr:unit': 'Suite 500', 'healthcare': 'laboratory', 'name': 'Halo Labs', 'website': 'https://npiprofile.com/npi/1063083202'}}"
"{'type': 'node', 'id': 9295077435, 'lat': 30.2103695, 'lon': -95.5251622, 'tags': {'addr:city': 'The Woodlands', 'addr:housenumber': '8105', 'addr:postcode': '77382', 'addr:state': 'TX', 'addr:street': 'Kuykendahl Road', 'addr:unit': 'Suite 200', 'healthcare': 'laboratory', 'name': 'Halo Labs'}}"
"{'type': 'node', 'id': 9295077436, 'lat': 30.20994, 'lon': -95.5250534, 'tags': {'addr:city': 'The Woodlands', 'addr:housenumber': '8101', 'addr:postcode': '77382', 'addr:state': 'TX', 'addr:street': 'Kuykendahl Road', 'addr:unit': 'Suite 100', 'healthcare': 'occupational_therapist', 'healthcare:speciality': 'autism', 'name': 'Behavioral Innovations', 'phone': '+1 855 782 7822', 'website': 'https://behavioral-innovations.com/'}}"
"{'type': 'node', 'id': 9365012831, 'lat': 30.3335013, 'lon': -95.0975672, 'tags': {'amenity': 'pharmacy', 'brand': 'Walmart', 'brand:wikidata': 'Q483551', 'dispensing': 'yes', 'healthcare': 'pharmacy', 'name': 'Walmart Pharmacy', 'website': 'https://www.walmart.com/store/249-cleveland-tx/pharmacy'}}"
"{'type': 'node', 'id': 9410201938, 'lat': 30.071201, 'lon': -95.4578553, 'tags': {'addr:city': 'Spring', 'addr:housenumber': '2616', 'addr:postcode': '77388', 'addr:state': 'TX', 'addr:street': 'FM 2920', 'addr:unit': 'N', 'amenity': 'doctors', 'email': 'AskDrMoore@mfaspecialists.com', 'healthcare': 'doctor', 'healthcare:speciality': 'podiatrist', 'name': 'Moore Foot & Ankle Specialists', 'opening_hours': 'Mo-Fr 08:30-17:00; Sa 09:00-12:00; Su closed', 'operator': 'Dr. Robert J Moore III', 'phone': '+1 281 444 6300', 'website': 'https://mfaspecialists.com/'}}"
"{'type': 'node', 'id': 9462233134, 'lat': 30.2099754, 'lon': -95.5271179, 'tags': {'addr:city': 'The Woodlands', 'addr:housenumber': '8000', 'addr:postcode': '77382', 'addr:state': 'TX', 'addr:street': 'Research Forest Drive', 'addr:unit': '150', 'amenity': 'dentist', 'healthcare': 'dentist', 'healthcare:speciality': 'orthodontics', 'name': 'Farley Orthodontics', 'opening_hours': '""see website""', 'phone': '+12812924272', 'website': 'https://getitstraightnow.com/'}}"
"{'type': 'node', 'id': 9498971358, 'lat': 30.1532653, 'lon': -95.2178694, 'tags': {'addr:housenumber': '20172', 'addr:state': 'TX', 'addr:street': 'Eastex Freeway', 'addr:unit': 'B', 'amenity': 'dentist', 'healthcare': 'dentist', 'name': 'New Caney Dental & Orthodontics'}}"
"{'type': 'node', 'id': 9501430422, 'lat': 30.1515971, 'lon': -95.2188344, 'tags': {'addr:city': 'New Caney', 'addr:housenumber': '20302', 'addr:state': 'TX', 'addr:street': 'Eastex Freeway', 'addr:unit': 'B', 'amenity': 'dentist', 'check_date': '2023-02-09', 'healthcare': 'dentist', 'name': 'Caney Crossing Dental Care'}}"
"{'type': 'node', 'id': 9544424844, 'lat': 30.0501206, 'lon': -95.4338937, 'tags': {'amenity': 'dentist', 'healthcare': 'dentist', 'name': 'Element Dental'}}"
"{'type': 'node', 'id': 9866498050, 'lat': 30.335528, 'lon': -95.4738347, 'tags': {'amenity': 'pharmacy', 'brand': 'Walgreens', 'brand:wikidata': 'Q1591889', 'healthcare': 'pharmacy', 'name': 'Walgreens'}}"
"{'type': 'node', 'id': 9966524639, 'lat': 30.0848807, 'lon': -95.5225364, 'tags': {'addr:city': 'Spring', 'addr:housenumber': '6625', 'addr:postcode': '77389', 'addr:state': 'TX', 'addr:street': 'Spring Stuebner Road', 'addr:unit': 'Suite 205', 'healthcare': 'yes', 'name': ""Men's T-Clinic"", 'phone': '+1-346-382-1100', 'website': 'https://www.menstclinic.com/contents/contact/houston/contact-spring'}}"
"{'type': 'node', 'id': 9966693005, 'lat': 30.0855419, 'lon': -95.5213771, 'tags': {'addr:city': 'Spring', 'addr:housenumber': '6600', 'addr:postcode': '77389', 'addr:state': 'TX', 'addr:street': 'Spring Stuebner Road', 'addr:unit': 'Suite 164', 'healthcare': 'physiotherapist', 'name': 'Results PT', 'phone': '+1-832-430-4895', 'website': 'https://www.resultspt.com'}}"
"{'type': 'node', 'id': 9966728320, 'lat': 30.0857867, 'lon': -95.5239395, 'tags': {'amenity': 'dentist', 'healthcare': 'dentist', 'name': ""My Kid's Dentist and Orthodontics"", 'phone': '+1-281-204-2320', 'website': 'https://www.mkdspringklein.com'}}"
"{'type': 'node', 'id': 9978733641, 'lat': 30.0835999, 'lon': -95.4493432, 'tags': {'addr:city': 'Spring', 'addr:housenumber': '2156', 'addr:postcode': '77389', 'addr:state': 'TX', 'addr:street': 'Spring Stuebner Road', 'addr:unit': 'Suite 510', 'amenity': 'dentist', 'healthcare': 'dentist', 'name': 'Splended Dental Care', 'phone': '+1-713-587-9996', 'website': 'https://www.splendiddentistrywoodlands.com'}}"
"{'type': 'node', 'id': 9978733652, 'lat': 30.0840814, 'lon': -95.4498326, 'tags': {'addr:city': 'Spring', 'addr:housenumber': '2174', 'addr:postcode': '77389', 'addr:state': 'TX', 'addr:street': 'Spring Stuebner Road', 'addr:unit': 'Suite 350', 'amenity': 'doctors', 'healthcare': 'doctor', 'name': ""Total Men's Primary Care"", 'phone': '+1-281-697-4649', 'website': 'https://totalmens.com/locations/houston/total-mens-primary-care-spring-stuebner/'}}"
"{'type': 'node', 'id': 9978733661, 'lat': 30.0851518, 'lon': -95.4494075, 'tags': {'addr:city': 'Spring', 'addr:housenumber': '2162', 'addr:postcode': '77389', 'addr:state': 'TX', 'addr:street': 'Spring Stuebner Road', 'addr:unit': 'Suite 160', 'healthcare': 'alternative', 'name': 'Hidden Beauty Retreat Medspa', 'phone': '+1-281-201-5305', 'website': 'https://www.hiddenbeautyretreat.com'}}"
"{'type': 'node', 'id': 9995717163, 'lat': 30.0857932, 'lon': -95.5240277, 'tags': {'addr:city': 'Spring', 'addr:housenumber': '6710', 'addr:postcode': '77389', 'addr:state': 'TX', 'addr:street': 'Spring Stuebner Road', 'addr:unit': 'Suite 700', 'amenity': 'dentist', 'healthcare': 'dentist', 'name': 'Spring Klein Dentistry', 'phone': '+1-281-791-0043', 'website': 'https://www.springkleindentistry.com/'}}"
"{'type': 'node', 'id': 9996179632, 'lat': 30.7085872, 'lon': -95.5659056, 'tags': {'amenity': 'dentist', 'check_date': '2022-09-02', 'healthcare': 'dentist', 'healthcare:speciality': 'orthodontics', 'name': 'Element Dental & Orthodontics'}}"
"{'type': 'node', 'id': 9997788147, 'lat': 30.0766669, 'lon': -95.6286831, 'tags': {'addr:housenumber': '27661', 'addr:street': 'TX 249 Business', 'amenity': 'dentist', 'brand': 'Aspen Dental', 'brand:wikidata': 'Q4807808', 'check_date': '2022-09-03', 'healthcare': 'dentist', 'name': 'Aspen Dental'}}"
"{'type': 'node', 'id': 10017133620, 'lat': 30.336689, 'lon': -95.4694099, 'tags': {'addr:city': 'Dallas', 'addr:housenumber': '8150', 'addr:postcode': '75206', 'addr:state': 'TX', 'addr:street': 'N Central Expressway', 'addr:unit': 'Suite 1625', 'healthcare': 'counselling', 'healthcare:speciality': 'counseling_tx;counseling_dallas_tx;best_therapists_in_dallas', 'name': 'Taylor Counseling Group', 'opening_hours': 'Mo- Fr 09:00-17:00', 'operator': 'Owner', 'phone': '+1 214-530-0021', 'website': 'https://taylorcounselinggroup.com/'}}"
"{'type': 'node', 'id': 10114908018, 'lat': 30.1312815, 'lon': -95.2307777, 'tags': {'addr:city': 'New Caney', 'addr:housenumber': '21690', 'addr:postcode': '77357', 'addr:state': 'TX', 'addr:street': 'Eastex Freeway', 'addr:unit': '300', 'amenity': 'dentist', 'brand': 'Aspen Dental', 'brand:wikidata': 'Q4807808', 'healthcare': 'dentist', 'name': 'Aspen Dental'}}"
"{'type': 'node', 'id': 10114908020, 'lat': 30.1316237, 'lon': -95.2378728, 'tags': {'addr:city': 'New Caney', 'addr:housenumber': '22118', 'addr:postcode': '77357', 'addr:state': 'TX', 'addr:street': 'Market Place Drive', 'addr:unit': '500', 'amenity': 'dentist', 'healthcare': 'dentist', 'healthcare:speciality': 'dentist;paediatrics', 'name': 'Unique Kids Pediatric Dentistry', 'website': 'https://www.uniquekidsdentistry.com/'}}"
"{'type': 'node', 'id': 10167394752, 'lat': 30.4202138, 'lon': -95.4884967, 'tags': {'addr:city': 'Willis', 'addr:housenumber': '12350', 'addr:postcode': '77378', 'addr:state': 'TX', 'addr:street': 'Interstate 45 North', 'amenity': 'pharmacy', 'brand': 'H-E-B', 'brand:wikidata': 'Q830621', 'dispensing': 'yes', 'healthcare': 'pharmacy', 'name': 'H-E-B Pharmacy', 'phone': '+1-936-272-1027', 'short_name': 'H-E-B'}}"
"{'type': 'node', 'id': 10569230433, 'lat': 30.2200654, 'lon': -95.5650387, 'tags': {'amenity': 'dentist', 'check_date': '2023-01-19', 'healthcare': 'dentist', 'name': 'Rise Dentistry'}}"
"{'type': 'node', 'id': 10569230435, 'lat': 30.2199557, 'lon': -95.565137, 'tags': {'brand': 'The Joint Chiropractic', 'brand:wikidata': 'Q108611980', 'check_date': '2023-01-19', 'healthcare': 'alternative', 'healthcare:speciality': 'chiropractic', 'name': 'The Joint Chiropractic'}}"
"{'type': 'node', 'id': 10585414728, 'lat': 30.7063075, 'lon': -95.5662671, 'tags': {'amenity': 'pharmacy', 'brand': 'CVS Pharmacy', 'brand:website': 'https://www.cvs.com/', 'brand:wikidata': 'Q2078880', 'brand:wikipedia': 'en:CVS Pharmacy', 'check_date': '2025-01-11', 'healthcare': 'pharmacy', 'name': 'CVS Pharmacy', 'short_name': 'CVS', 'website': 'https://www.cvs.com/store-locator/huntsville-tx-pharmacies/259-interstate-45-s-huntsville-tx-77340/storeid=17561'}}"
"{'type': 'node', 'id': 10593391745, 'lat': 30.0767953, 'lon': -95.5167552, 'tags': {'addr:city': 'Spring', 'addr:housenumber': '21301', 'addr:postcode': '77379', 'addr:state': 'TX', 'addr:street': 'Kuykendahl Road', 'addr:unit': 'Suite A', 'amenity': 'doctors', 'healthcare': 'doctor', 'healthcare:speciality': 'orthopaedics', 'name': 'DISC Spine Center', 'phone': '+1-713-562-7890', 'website': 'https://www.discspinecenter.com'}}"
"{'type': 'node', 'id': 10593391746, 'lat': 30.0767945, 'lon': -95.5169585, 'tags': {'addr:city': 'Spring', 'addr:housenumber': '21301', 'addr:postcode': '77379', 'addr:state': 'TX', 'addr:street': 'Kuykendahl Road', 'addr:unit': 'Suite B', 'healthcare': 'physiotherapist', 'name': 'Spring Klein Physical Therapy', 'phone': '+1-281-379-2102', 'website': 'https://springkleinpt.com'}}"
"{'type': 'node', 'id': 10593391747, 'lat': 30.0767945, 'lon': -95.5172145, 'tags': {'addr:city': 'Spring', 'addr:housenumber': '21301', 'addr:postcode': '77379', 'addr:state': 'TX', 'addr:street': 'Kuykendahl Road', 'addr:unit': 'Suite D', 'amenity': 'dentist', 'healthcare': 'dentist', 'name': 'BLVD Dentistry and Orthodontics', 'phone': '+1-281-205-0948', 'website': 'https://www.blvddentistry.com/'}}"
"{'type': 'node', 'id': 10634748122, 'lat': 30.1512074, 'lon': -95.2190916, 'tags': {'addr:housenumber': '20304', 'addr:street': 'Eastex Freeway', 'addr:unit': 'D', 'amenity': 'clinic', 'check_date': '2023-02-09', 'healthcare': 'clinic', 'name': 'Urgent Doc Urgent Care Clinic', 'opening_hours': '08:00-21:00'}}"
"{'type': 'node', 'id': 10750003407, 'lat': 30.2856268, 'lon': -95.5747343, 'tags': {'addr:city': 'Montgomery', 'addr:country': 'US', 'addr:housenumber': '750', 'addr:postcode': '77316', 'addr:state': 'TX', 'addr:street': 'Fishcreek Thoroughfare', 'addr:unit': 'Suite 260', 'amenity': 'dentist', 'contact:email': 'info@kevinscottfamilydental.com', 'contact:website': 'https://kevinscottfamilydental.com/', 'healthcare': 'dentist', 'name': 'Scott Family Dental', 'opening_hours': 'Mo-Th 08:00-17:00', 'operator': 'Dental Implants', 'phone': '+1 936-289-9353'}}"
"{'type': 'node', 'id': 10764876119, 'lat': 30.9611813, 'lon': -95.8918452, 'tags': {'amenity': 'clinic', 'check_date': '2023-03-26', 'healthcare': 'clinic', 'name': 'QuickVisit Urgent Care'}}"
"{'type': 'node', 'id': 10916982494, 'lat': 30.1309274, 'lon': -95.4430548, 'tags': {'addr:city': 'The Woodlands', 'addr:housenumber': '25440', 'addr:postcode': '77386', 'addr:state': 'TX', 'addr:street': 'I 45 North', 'amenity': 'hospital', 'beds': '6', 'healthcare': 'hospital', 'name': 'Woodlands Specialty Hospital', 'phone': '+1 281 602 8160', 'website': 'https://www.woodlandsspecialtyhospital.com'}}"
"{'type': 'node', 'id': 10916989844, 'lat': 30.1723724, 'lon': -95.4606595, 'tags': {'addr:city': 'Spring', 'addr:housenumber': '9182', 'addr:postcode': '77380', 'addr:state': 'TX', 'addr:street': 'Six Pines Drive', 'amenity': 'hospital', 'beds': '21', 'healthcare': 'hospital', 'name': 'Nexus Childrens Hospital - The Woodlands Campus', 'website': 'https://nexushealthsystems.com/services/childrens-hospital/'}}"
"{'type': 'node', 'id': 10916998162, 'lat': 30.1887498, 'lon': -95.4601801, 'tags': {'addr:city': 'Shenandoah', 'addr:housenumber': '123', 'addr:postcode': '77384', 'addr:state': 'TX', 'addr:street': 'Vision Park Boulevard', 'amenity': 'hospital', 'beds': '54', 'healthcare': 'hospital', 'name': 'Nexus Specialty Hospital Shenandoah Campus', 'phone': '+1 281 364 0317', 'website': 'https://nexushealthsystems.com/services/specialty-hospital/'}}"
"{'type': 'node', 'id': 10917001255, 'lat': 30.3099934, 'lon': -95.4640564, 'tags': {'addr:city': 'Conroe', 'addr:housenumber': '706', 'addr:postcode': '77301', 'addr:state': 'TX', 'addr:street': 'Metcalf Street', 'amenity': 'hospital', 'beds': '16', 'healthcare': 'hospital', 'healthcare:speciality': 'psychiatry', 'name': 'Psychiatric Emergency Treatment Center', 'phone': '+1 936 521 6100', 'website': 'https://mentalhealthtx.org/mt/facilities/tri-county-behavioral-healthcare-psychiatric-emergency-treatment-center/'}}"
"{'type': 'node', 'id': 10917028926, 'lat': 30.0906083, 'lon': -95.4489376, 'tags': {'addr:city': 'Spring', 'addr:housenumber': '2255', 'addr:postcode': '77389', 'addr:state': 'TX', 'addr:street': 'East Mossy Oaks Road', 'amenity': 'hospital', 'beds': '4', 'healthcare': 'hospital', 'name': ""Saint Luke's Health - Springwoods Village Hospital"", 'website': 'https://locations.stlukeshealth.org/location/springwoods-village-hospital'}}"
"{'type': 'node', 'id': 10917033715, 'lat': 30.190023, 'lon': -95.4584922, 'tags': {'addr:city': 'Shenandoah', 'addr:housenumber': '117', 'addr:postcode': '77384', 'addr:state': 'TX', 'addr:street': 'Vision Park Boulevard', 'amenity': 'hospital', 'beds': '60', 'healthcare': 'rehabilitation', 'name': 'Encompass Health Rehabilitation Hospital Vision Park', 'phone': '+1 936 444 1700', 'website': 'https://encompasshealth.com/locations/houston/visionparkrehab'}}"
"{'type': 'node', 'id': 10917044299, 'lat': 30.1856733, 'lon': -95.4544562, 'tags': {'addr:city': 'Shenandoah', 'addr:housenumber': '18550', 'addr:postcode': '77384', 'addr:state': 'TX', 'addr:street': 'Ih 45 South', 'amenity': 'hospital', 'beds': '84', 'healthcare': 'rehabilitation', 'name': 'Encompass Health Rehabilitation Hospital Of The Woodlands', 'phone': '+1 281 364 2000', 'website': 'https://encompasshealth.com/locations/houston/thewoodlandsrehab'}}"
"{'type': 'node', 'id': 11001053712, 'lat': 30.0823094, 'lon': -95.4671925, 'tags': {'addr:city': 'Spring', 'addr:housenumber': '3301', 'addr:postcode': '77389', 'addr:state': 'TX', 'addr:street': 'Spring Stuebner Road', 'addr:unit': 'Suite 100', 'fax': '+1-346-250-7100', 'healthcare': 'surgery', 'name': 'Townsen Memorial Surgery Center', 'opening_hours': 'Mo-Fr 07:00-16:00', 'operator': 'Townsen Memorial Group', 'phone': '+1-346-386-6700', 'website': 'https://townsenmemorial.com/surgery-center-spring/'}}"
"{'type': 'node', 'id': 11001053715, 'lat': 30.0821675, 'lon': -95.4672281, 'tags': {'addr:city': 'Spring', 'addr:housenumber': '3307', 'addr:postcode': '77389', 'addr:state': 'TX', 'addr:street': 'Spring Stuebner Road', 'fax': '+1-346-250-5200', 'healthcare': 'yes', 'healthcare:speciality': 'orthopaedics', 'name': 'Minivasive Pain Specialists', 'opening_hours': 'Mo,We 08:00-18:00; Tu,Th 08:00-17:00; Fr 08:00-15:00', 'phone': '+1-346-800-6001', 'website': 'https://minivasivepain.com/spring/'}}"
"{'type': 'node', 'id': 11001053716, 'lat': 30.0821359, 'lon': -95.4675485, 'tags': {'addr:city': 'Spring', 'addr:housenumber': '3301', 'addr:postcode': '77389', 'addr:state': 'TX', 'addr:street': 'Spring Stuebner Road', 'addr:unit': 'Suite 120', 'fax': '+1-346-250-7100', 'healthcare': 'yes', 'healthcare:speciality': 'radiology', 'name': 'Townsen Memorial Imaging', 'opening_hours': 'Mo-Fr 08:00-17:00', 'operator': 'Towsen Memorial Group', 'phone': '+1-281-407-5760', 'website': 'https://townsenmemorial.com/imaging-spring/'}}"
"{'type': 'node', 'id': 11040648626, 'lat': 30.0825491, 'lon': -95.4482768, 'tags': {'amenity': 'dentist', 'healthcare': 'dentist', 'healthcare:speciality': 'orthodontics', 'name': 'KSF Orthodontic'}}"
"{'type': 'node', 'id': 11040648633, 'lat': 30.0825544, 'lon': -95.4479046, 'tags': {'amenity': 'dentist', 'healthcare': 'dentist', 'name': 'Seenty Dental'}}"
"{'type': 'node', 'id': 11049644017, 'lat': 30.3870933, 'lon': -95.6943628, 'tags': {'healthcare': 'physiotherapist', 'name': 'Montgomery Physical Therapy', 'phone': '+1 936-597-5323', 'website': 'https://www.montgomerypt.com/'}}"
"{'type': 'node', 'id': 11049644018, 'lat': 30.3870457, 'lon': -95.6942128, 'tags': {'amenity': 'doctors', 'healthcare': 'doctor', 'name': 'Montgomery Medical Center', 'operator': 'Dr. Kimberly Zobal'}}"
"{'type': 'node', 'id': 11069325340, 'lat': 30.0736368, 'lon': -95.5118671, 'tags': {'addr:city': 'Spring', 'addr:housenumber': '5941', 'addr:state': 'TX', 'addr:street': 'FM 2920', 'addr:unit': 'B', 'amenity': 'dentist', 'check_date': '2023-09-29', 'healthcare': 'dentist', 'name': 'Allure Dental'}}"
"{'type': 'node', 'id': 11186053001, 'lat': 30.0732205, 'lon': -95.5195311, 'tags': {'addr:city': 'Spring', 'addr:housenumber': '6225', 'addr:postcode': '77379', 'addr:state': 'TX', 'addr:street': 'FM 2920', 'amenity': 'doctors', 'healthcare': 'doctor', 'name': 'Spring Family Clinic', 'phone': '+1-281-257-5977'}}"
"{'type': 'node', 'id': 11194945632, 'lat': 30.3143459, 'lon': -95.4744172, 'tags': {'amenity': 'dentist', 'check_date': '2023-09-15', 'healthcare': 'dentist', 'name': 'Lovett Dental'}}"
"{'type': 'node', 'id': 11194945633, 'lat': 30.3143024, 'lon': -95.4743705, 'tags': {'brand': 'The Joint Chiropractic', 'brand:wikidata': 'Q108611980', 'check_date': '2023-09-15', 'healthcare': 'alternative', 'healthcare:speciality': 'chiropractic', 'name': 'The Joint Chiropractic'}}"
"{'type': 'node', 'id': 11196551966, 'lat': 30.0822807, 'lon': -95.6181855, 'tags': {'addr:city': 'Tomball', 'addr:housenumber': '155', 'addr:postcode': '77375', 'addr:state': 'TX', 'addr:street': 'School Road', 'addr:unit': '155', 'healthcare': 'psychotherapist', 'name': 'Action Behavior Center', 'opening_hours': 'Mo-Fr 08:00-17:00', 'phone': '+1 281 346 9400', 'website': 'https://www.actionbehavior.com/locations/texas/houston/aba-therapy-tomball-tx/'}}"
"{'type': 'node', 'id': 11228092833, 'lat': 30.0514828, 'lon': -95.4921656, 'tags': {'amenity': 'pharmacy', 'brand': 'Walgreens', 'brand:wikidata': 'Q1591889', 'check_date': '2024-02-04', 'healthcare': 'pharmacy', 'name': 'Walgreens'}}"
"{'type': 'node', 'id': 11228134763, 'lat': 30.0746526, 'lon': -95.5131052, 'tags': {'amenity': 'clinic', 'check_date': '2024-03-10', 'healthcare': 'clinic', 'name': 'Village Medical'}}"
"{'type': 'node', 'id': 11228134764, 'lat': 30.074776, 'lon': -95.5129767, 'tags': {'addr:city': 'Spring', 'addr:housenumber': '21106', 'addr:postcode': '77379', 'addr:state': 'TX', 'addr:street': 'Kuykendahl Road', 'amenity': 'pharmacy', 'brand': 'Walgreens', 'brand:wikidata': 'Q1591889', 'check_date': '2024-03-10', 'dispensing': 'yes', 'drive_through': 'yes', 'healthcare': 'pharmacy', 'name': 'Walgreens', 'opening_hours': 'Mo-Fr 08:00-22:00; Sa 09:00-13:30,14:00-18:00; Su 10:00-13:30,14:00-18:00'}}"
"{'type': 'node', 'id': 11303483224, 'lat': 30.0874552, 'lon': -95.6314138, 'tags': {'amenity': 'pharmacy', 'brand': 'Walgreens', 'brand:wikidata': 'Q1591889', 'check_date': '2023-12-13', 'healthcare': 'pharmacy', 'name': 'Walgreens'}}"
"{'type': 'node', 'id': 11359397473, 'lat': 30.1332424, 'lon': -95.2342493, 'tags': {'addr:city': 'New Caney', 'addr:housenumber': '21383', 'addr:postcode': '77357', 'addr:state': 'TX', 'addr:street': 'Market Place Drive', 'amenity': 'clinic', 'healthcare': 'clinic', 'name': 'Dermani MedSpa', 'website': 'https://dermanimedspa.com/valley-ranch-new-caney-tx/'}}"
"{'type': 'node', 'id': 11393317130, 'lat': 30.0802583, 'lon': -95.519303, 'tags': {'amenity': 'dentist', 'fixme': 'These are the latest that Bing Streetside shows for here, need to get contact info and verify in person that these are still here.', 'healthcare': 'dentist', 'name': 'Carus Dental'}}"
"{'type': 'node', 'id': 11393317137, 'lat': 30.0782004, 'lon': -95.5158785, 'tags': {'amenity': 'dentist', 'fixme': 'These are the latest that Bing Streetside shows for here, need to get contact info and verify in person that these are still here.', 'healthcare': 'dentist', 'name': 'Kash Dental Arts'}}"
"{'type': 'node', 'id': 11393317140, 'lat': 30.0780336, 'lon': -95.5157011, 'tags': {'amenity': 'doctors', 'fixme': 'These are the latest that Bing Streetside shows for here, need to get contact info and verify in person that these are still here.', 'healthcare': 'doctor', 'healthcare:speciality': 'gynaecology', 'name': 'New Experience'}}"
"{'type': 'node', 'id': 11393317147, 'lat': 30.077189, 'lon': -95.5148161, 'tags': {'amenity': 'dentist', 'fixme': 'These are the latest that Bing Streetside shows for here, need to get contact info and verify in person that these are still here.', 'healthcare': 'dentist', 'name': 'Saifee Family Dentistry'}}"
"{'type': 'node', 'id': 11393317151, 'lat': 30.0769921, 'lon': -95.514606, 'tags': {'brand': 'The Joint Chiropractic', 'brand:wikidata': 'Q108611980', 'fixme': 'These are the latest that Bing Streetside shows for here, need to get contact info and verify in person that these are still here.', 'healthcare': 'alternative', 'healthcare:speciality': 'chiropractic', 'name': 'The Joint Chiropractic'}}"
"{'type': 'node', 'id': 11393333875, 'lat': 30.0757015, 'lon': -95.5175154, 'tags': {'addr:city': 'Spring', 'addr:housenumber': '6060', 'addr:postcode': '77379', 'addr:state': 'TX', 'addr:street': 'FM 2920', 'amenity': 'pharmacy', 'brand': 'Kroger Pharmacy', 'brand:wikidata': 'Q153417', 'dispensing': 'yes', 'drive_through': 'yes', 'healthcare': 'pharmacy', 'name': 'Kroger Pharmacy', 'opening_hours': 'Mo-Fr 09:00-20:00; Sa 09:00-13:00,13:30-18:00; Su 11:00-13:00,13:30-17:00', 'phone': '+1-2813704110', 'website': 'https://www.kroger.com/stores/grocery/tx/spring/klein-crossing/034/00364', 'wheelchair': 'yes'}}"
"{'type': 'node', 'id': 11393375543, 'lat': 30.0849757, 'lon': -95.6232655, 'tags': {'addr:city': 'Tomball', 'addr:housenumber': '13406', 'addr:postcode': '77375', 'addr:state': 'TX', 'addr:street': 'Medical Complex Drive', 'addr:unit': 'Suite 170', 'brand': 'Quest Diagnostics', 'brand:wikidata': 'Q7271456', 'fax': '+1-281-351-1676', 'healthcare': 'laboratory', 'name': 'Quest Diagnostics', 'opening_hours': 'Mo-Fr 07:00-16:00; Sa 08:00-12:00; Su closed', 'phone': '+1-281-351-1668', 'website': 'https://www.questdiagnostics.com/locations/detail.html/TBP/77375/75/1'}}"
"{'type': 'node', 'id': 11393418479, 'lat': 30.0857649, 'lon': -95.6186935, 'tags': {'addr:city': 'Tomball', 'addr:housenumber': '421', 'addr:postcode': '77375', 'addr:state': 'TX', 'addr:street': 'School Road', 'addr:unit': '110', 'amenity': 'clinic', 'email': 'info@gicentertexas.com', 'healthcare': 'clinic', 'healthcare:speciality': 'gastroenterology', 'name': 'Gastroenterology Diagnostic Center', 'opening_hours': 'Mo-Th 09:00-17:00', 'phone': '+1 (281) 357-1977', 'website': 'https://www.gicentertexas.com/'}}"
"{'type': 'node', 'id': 11393418528, 'lat': 30.0876249, 'lon': -95.618205, 'tags': {'addr:city': 'Tomball', 'addr:housenumber': '455', 'addr:postcode': '77375', 'addr:state': 'TX', 'addr:street': 'School Road', 'addr:unit': 'Suite 22', 'amenity': 'doctors', 'healthcare': 'doctor', 'healthcare:speciality': 'endocrinology', 'name': 'Endocrinology & Diabetes Center'}}"
"{'type': 'node', 'id': 11585203052, 'lat': 30.0695323, 'lon': -95.4471262, 'tags': {'amenity': 'pharmacy', 'brand': 'Walgreens', 'brand:wikidata': 'Q1591889', 'check_date': '2024-02-04', 'healthcare': 'pharmacy', 'name': 'Walgreens'}}"
"{'type': 'node', 'id': 11714811665, 'lat': 30.0655249, 'lon': -95.4039893, 'tags': {'amenity': 'pharmacy', 'brand': 'CVS Pharmacy', 'brand:website': 'https://www.cvs.com/', 'brand:wikidata': 'Q2078880', 'brand:wikipedia': 'en:CVS Pharmacy', 'check_date': '2024-03-10', 'healthcare': 'pharmacy', 'name': 'CVS Pharmacy', 'short_name': 'CVS'}}"
"{'type': 'node', 'id': 11714811666, 'lat': 30.0656239, 'lon': -95.4040858, 'tags': {'amenity': 'doctors', 'brand': 'MinuteClinic', 'brand:wikidata': 'Q6871141', 'check_date': '2024-03-10', 'healthcare': 'doctor', 'healthcare:speciality': 'community', 'name': 'MinuteClinic'}}"
"{'type': 'node', 'id': 11853294506, 'lat': 30.052126, 'lon': -95.2437336, 'tags': {'addr:city': 'Kingwood Area', 'addr:housenumber': '700', 'addr:postcode': '77339', 'addr:state': 'TX', 'addr:street': 'Rockmead Drive', 'addr:unit': '#205', 'country': 'USA', 'healthcare': 'counselling', 'healthcare:speciality': 'psychotherapist', 'name': 'Carol Sepulveda, Center for Counseling and Play Therapy', 'operator': 'Carol Sepulveda', 'payment:amex': 'yes', 'payment:cash': 'yes', 'payment:discover_card': 'yes', 'payment:mastercard': 'yes', 'payment:visa': 'yes', 'phone': '832-792-7256', 'website': 'https://carolsepulveda.com'}}"
"{'type': 'node', 'id': 11958470496, 'lat': 30.1096379, 'lon': -95.3863611, 'tags': {'addr:city': 'Spring', 'addr:housenumber': '3515', 'addr:postcode': '77386', 'addr:state': 'TX', 'addr:street': 'Rayford Rd Suite', 'addr:unit': '150', 'amenity': 'dentist', 'healthcare': 'dentist', 'healthcare:speciality': 'dentist', 'name': 'Spring Emergency Room', 'opening_hours': '24/7'}}"
"{'type': 'node', 'id': 11964239451, 'lat': 30.0875932, 'lon': -95.6329852, 'tags': {'amenity': 'clinic', 'check_date': '2024-06-08', 'healthcare': 'clinic', 'name': 'MediClinic'}}"
"{'type': 'node', 'id': 12046482522, 'lat': 30.2060661, 'lon': -95.46151, 'tags': {'amenity': 'pharmacy', 'brand': 'Walgreens', 'brand:wikidata': 'Q1591889', 'check_date': '2024-07-10', 'healthcare': 'pharmacy', 'name': 'Walgreens', 'opening_hours': '02:00-01:30', 'payment:cash': 'yes', 'payment:credit_cards': 'yes', 'payment:debit_cards': 'yes', 'wheelchair': 'yes'}}"
"{'type': 'node', 'id': 12050258701, 'lat': 30.2069224, 'lon': -95.4532745, 'tags': {'addr:housenumber': '8000', 'addr:street': 'Needham Road', 'addr:unit': '116', 'amenity': 'doctors', 'check_date': '2024-07-12', 'healthcare': 'doctor', 'name': 'Houston Methodist Primary Care Group'}}"
"{'type': 'node', 'id': 12050355537, 'lat': 30.2068458, 'lon': -95.4548207, 'tags': {'addr:housenumber': '8000', 'addr:street': 'Needham Road', 'addr:unit': '100', 'amenity': 'clinic', 'check_date': '2024-07-12', 'healthcare': 'clinic', 'name': 'Hanger Clinic', 'opening_hours': 'Mo-Fr 08:00-12:00,13:00-17:00; Sa-Su off'}}"
"{'type': 'node', 'id': 12050427579, 'lat': 30.3357805, 'lon': -95.4768331, 'tags': {'amenity': 'clinic', 'check_date': '2024-07-12', 'healthcare': 'clinic', 'name': 'Urgent Care Of Conroe'}}"
"{'type': 'node', 'id': 12055131343, 'lat': 30.3175375, 'lon': -95.473512, 'tags': {'addr:housenumber': '1304', 'addr:street': 'West Davis Street', 'addr:unit': 'A', 'amenity': 'dentist', 'check_date': '2024-07-15', 'healthcare': 'dentist', 'name': 'Trinity Dental Center', 'payment:cash': 'yes', 'payment:credit_cards': 'yes', 'payment:debit_cards': 'yes', 'wheelchair': 'yes'}}"
"{'type': 'node', 'id': 12055176897, 'lat': 30.3247848, 'lon': -95.4962962, 'tags': {'amenity': 'pharmacy', 'brand': 'CVS Pharmacy', 'brand:website': 'https://www.cvs.com/', 'brand:wikidata': 'Q2078880', 'brand:wikipedia': 'en:CVS Pharmacy', 'check_date': '2024-07-15', 'healthcare': 'pharmacy', 'name': 'CVS Pharmacy', 'short_name': 'CVS'}}"
"{'type': 'node', 'id': 12068092364, 'lat': 30.088953, 'lon': -95.6330547, 'tags': {'amenity': 'dentist', 'healthcare': 'dentist', 'name': 'Restoration Smiles', 'opening_hours': 'Mo-Fr 09:00-17:00'}}"
"{'type': 'node', 'id': 12087681403, 'lat': 30.0883752, 'lon': -95.6377703, 'tags': {'amenity': 'doctors', 'healthcare': 'doctor', 'name': 'Houston Methodist'}}"
"{'type': 'node', 'id': 12150355540, 'lat': 30.073455, 'lon': -95.5011303, 'tags': {'addr:city': 'Spring', 'addr:housenumber': '5211', 'addr:postcode': '77388', 'addr:state': 'TX', 'addr:street': 'FM 2920', 'amenity': 'clinic', 'healthcare': 'clinic', 'name': 'Next Level Urgent Care', 'opening_hours': 'Mo-Su 09:00-21:00', 'website': 'https://www.nextlevelurgentcare.com/locations/spring/'}}"
"{'type': 'node', 'id': 12150355541, 'lat': 30.0734591, 'lon': -95.5007788, 'tags': {'addr:city': 'Spring', 'addr:housenumber': '5211', 'addr:postcode': '77388', 'addr:state': 'TX', 'addr:street': 'FM 2920', 'addr:unit': 'Suite 102', 'amenity': 'doctors', 'healthcare': 'doctor', 'healthcare:speciality': 'ophthalmology', 'name': 'Houston Eye Associates', 'opening_hours': 'Sa-Mo closed; Tu-Fr 08:00-17:00', 'phone': '+1-281-444-1677', 'website': 'https://www.houstoneye.com/clinics/spring-klein'}}"
"{'type': 'node', 'id': 12283847247, 'lat': 30.3698898, 'lon': -95.4865862, 'tags': {'addr:city': 'Conroe', 'addr:housenumber': '4019', 'addr:postcode': '77304', 'addr:state': 'TX', 'addr:street': 'Interstate 45 North', 'amenity': 'hospital', 'contact:facebook': 'https://www.facebook.com/TECConroe/', 'description': 'The Emergency Center at Conroe is a fully equipped, freestanding emergency room offering 24/7 care with no wait times.', 'email': 'info@theemergencycenter.com', 'emergency': 'yes', 'healthcare': 'hospital', 'healthcare:speciality': 'emergency', 'image': 'https://www.theemergencycenter.com/wp-content/uploads/2024/08/TEC-2020-Logo-Color-2.png', 'name': 'The Emergency Center at Conroe', 'opening_hours': '24/7', 'payment:cash': 'yes', 'payment:credit_cards': 'yes', 'payment:debit_cards': 'yes', 'payment:mastercard': 'yes', 'payment:visa': 'yes', 'phone': '(936) 236-4911', 'website': 'https://www.theemergencycenter.com/conroe-er/'}}"
"{'type': 'node', 'id': 12357464193, 'lat': 30.0737312, 'lon': -95.4924708, 'tags': {'addr:city': 'Spring', 'addr:housenumber': '4736', 'addr:postcode': '77388', 'addr:state': 'TX', 'addr:street': 'FM 2920', 'addr:unit': 'Suite 10', 'amenity': 'clinic', 'healthcare': 'clinic', 'name': 'Accessible Family Clinic', 'website': 'https://accessiblefamilyclinic.com'}}"
"{'type': 'node', 'id': 12357464200, 'lat': 30.0735406, 'lon': -95.4917957, 'tags': {'addr:city': 'Spring', 'addr:housenumber': '4700', 'addr:postcode': '77388', 'addr:state': 'TX', 'addr:street': 'FM 2920', 'addr:unit': 'Suite 1', 'healthcare': 'alternative', 'healthcare:speciality': 'chiropractic', 'name': 'Fields Chiropractic Clinic', 'website': 'https://springtexaschiropractor.com'}}"
"{'type': 'node', 'id': 12381106960, 'lat': 30.0988645, 'lon': -96.0790622, 'tags': {'amenity': 'dentist', 'healthcare': 'dentist', 'name': 'Hempstead Dental'}}"
"{'type': 'node', 'id': 12381110670, 'lat': 30.093367, 'lon': -96.0794846, 'tags': {'healthcare': 'alternative', 'healthcare:speciality': 'chiropractic'}}"
"{'type': 'node', 'id': 12384758149, 'lat': 30.2170703, 'lon': -95.5599589, 'tags': {'addr:city': 'The Woodlands', 'addr:housenumber': '10020', 'addr:postcode': '77354', 'addr:state': 'TX', 'addr:street': 'Research Forest Drive', 'description': 'Our The Woodlands ABA Therapy area centers provide autism therapy services for children aged 18 months  13 years to achieve success on the spectrum.', 'healthcare': 'mental_health_clinic', 'healthcare:speciality': 'center-based_autism_therapy_(aba_therapy);assessment;autism_diagnostic_observation_schedule_assessment_(ados_assessment);abc_at_home_(home-based_therapy)', 'name': 'Action Behavior Centers - ABA Therapy for Autism', 'opening_hours': 'Mo-Fr 08:00-17:00', 'phone': '+1 346-547-4144', 'website': 'https://www.actionbehavior.com/locations/texas/houston/aba-therapy-egypt-tx/'}}"
"{'type': 'node', 'id': 12398500792, 'lat': 30.1270349, 'lon': -95.5546071, 'tags': {'addr:city': 'Tomball', 'addr:housenumber': '25201', 'addr:postcode': '77375', 'addr:state': 'TX', 'addr:street': 'Kuykendahl Road', 'amenity': 'doctors', 'healthcare': 'doctor', 'healthcare:speciality': 'paediatrics', 'name': 'Champions Pediatric Associates', 'website': 'https://www.championspediatric.com/'}}"
"{'type': 'node', 'id': 12398519851, 'lat': 30.1272496, 'lon': -95.5545941, 'tags': {'addr:city': 'Tomball', 'addr:housenumber': '25201', 'addr:postcode': '77375', 'addr:state': 'TX', 'addr:street': 'Kuykendahl Road', 'addr:unit': '700', 'healthcare': 'applied_behavior_analysis', 'healthcare:speciality': 'behavior', 'name': 'Spectrum of Hope', 'office': 'therapist', 'phone': '+12818941423', 'website': 'https://spectrumofhope.com/'}}"
"{'type': 'node', 'id': 12447012135, 'lat': 30.0722476, 'lon': -95.5121923, 'tags': {'addr:city': 'Spring', 'addr:housenumber': '21009', 'addr:postcode': '77379', 'addr:state': 'TX', 'addr:street': 'Kuykendahl Road', 'addr:unit': 'A', 'amenity': 'doctors', 'fax': '+1-832-663-6550', 'healthcare': 'doctor', 'healthcare:speciality': 'dermatology', 'name': 'Texas Surgical Dermatology PA', 'phone': '+1-832-663-6566', 'website': 'https://mohsdermhouston.com'}}"
"{'type': 'node', 'id': 12503996943, 'lat': 30.2146523, 'lon': -95.5849446, 'tags': {'addr:city': 'Magnolia', 'addr:housenumber': '32815', 'addr:postcode': '77354', 'addr:state': 'TX', 'addr:street': 'Tamina Road', 'addr:unit': 'C', 'description': 'Visiting Angels Magnolia is proud to be a part of the nationwide network of Visiting Angels franchised home care agencies.', 'healthcare': 'home_health_care_service', 'healthcare:speciality': 'home_health_care_service;assisted_living_facility;senior_citizen_center', 'name': 'Visiting Angels', 'opening_hours': '24/7', 'phone': '+1 281-356-2827', 'website': 'https://www.visitingangels.com/magnolia'}}"
"{'type': 'node', 'id': 12517715307, 'lat': 30.0919426, 'lon': -95.6338053, 'tags': {'amenity': 'pharmacy', 'brand': 'Kroger Pharmacy', 'brand:wikidata': 'Q153417', 'healthcare': 'pharmacy', 'name': 'Kroger Pharmacy'}}"
