OSM_Data
"{'type': 'node', 'id': 1941043673, 'lat': 31.8639568, 'lon': -102.3973712, 'tags': {'amenity': 'pharmacy', 'brand': 'Walgreens', 'brand:wikidata': 'Q1591889', 'healthcare': 'pharmacy', 'name': 'Walgreens'}}"
"{'type': 'node', 'id': 2640320915, 'lat': 32.2344952, 'lon': -101.472811, 'tags': {'addr:city': 'Big Spring', 'addr:housenumber': '2000', 'addr:postcode': '79720', 'addr:state': 'TX', 'addr:street': 'South Gregg Street', 'amenity': 'pharmacy', 'brand': 'H-E-B', 'brand:wikidata': 'Q830621', 'dispensing': 'yes', 'healthcare': 'pharmacy', 'name': 'H-E-B Pharmacy', 'phone': '+1-432-263-3020'}}"
"{'type': 'node', 'id': 4015323785, 'lat': 31.8525531, 'lon': -102.3671921, 'tags': {'addr:city': 'Odessa', 'addr:housenumber': '421', 'addr:postcode': '79761', 'addr:street': 'East 7th Street', 'amenity': 'doctors', 'healthcare': 'doctor', 'healthcare:speciality': 'gynaecology;obstetrics', 'name': 'David S. Libson', 'phone': '+1-432-333-2900', 'website': 'http://libsonobgyn.com/'}}"
"{'type': 'node', 'id': 4100899634, 'lat': 31.8810017, 'lon': -102.321858, 'tags': {'amenity': 'pharmacy', 'healthcare': 'pharmacy', 'name': 'University Health Mart Pharmacy'}}"
"{'type': 'node', 'id': 4100920956, 'lat': 31.8933114, 'lon': -102.344439, 'tags': {'addr:city': 'Odessa', 'addr:housenumber': '4222', 'addr:postcode': '79762', 'addr:state': 'TX', 'addr:street': 'Wendover Avenue', 'amenity': 'clinic', 'healthcare': 'clinic', 'name': 'First Physicians Wendover Family Medicine', 'website': 'https://firstphysicians.com/wendover-location/'}}"
"{'type': 'node', 'id': 4100921781, 'lat': 31.8748847, 'lon': -102.351839, 'tags': {'addr:city': 'Odessa', 'addr:housenumber': '3051', 'addr:postcode': '79762', 'addr:state': 'TX', 'addr:street': 'East University Boulevard', 'amenity': 'doctors', 'beds': '0', 'healthcare': 'doctor', 'name': 'First Physicians East University Family Medicine', 'opening_hours': 'Mo-Fr 08:00-19:00; Sa 09:00-15:00', 'phone': '+1-432-362-4376', 'urgent_care': 'yes', 'website': 'https://firstphysicians.com/east-university-location/'}}"
"{'type': 'node', 'id': 4100922589, 'lat': 31.865526, 'lon': -102.395295, 'tags': {'addr:city': 'Odessa', 'addr:housenumber': '1220', 'addr:postcode': '79764', 'addr:state': 'TX', 'addr:street': 'West University Boulevard', 'amenity': 'clinic', 'healthcare': 'clinic', 'name': 'First Physicians Westview Medical Clinic', 'phone': '+1-432-332-6600', 'website': 'https://firstphysicians.com/west-university-location/'}}"
"{'type': 'node', 'id': 4158733297, 'lat': 31.8565294, 'lon': -102.359574, 'tags': {'amenity': 'pharmacy', 'brand': 'CVS Pharmacy', 'brand:website': 'https://www.cvs.com/', 'brand:wikidata': 'Q2078880', 'brand:wikipedia': 'en:CVS Pharmacy', 'healthcare': 'pharmacy', 'name': 'CVS Pharmacy', 'short_name': 'CVS'}}"
"{'type': 'node', 'id': 4166096656, 'lat': 31.8440098, 'lon': -102.3753328, 'tags': {'addr:city': 'Odessa', 'addr:housenumber': '319', 'addr:postcode': '79761', 'addr:street': 'North Golder Avenue', 'amenity': 'pharmacy', 'dispensing': 'yes', 'healthcare': 'pharmacy', 'name': 'Golder Pharmacy', 'phone': '+1-432-337-7311', 'website': 'https://www.mygnp.com/store?id=001a000001L7dAHAAZ'}}"
"{'type': 'node', 'id': 4173448130, 'lat': 31.8999355, 'lon': -102.2971893, 'tags': {'amenity': 'clinic', 'healthcare': 'clinic', 'name': 'Complete Care Eastridge', 'urgent_care': 'yes'}}"
"{'type': 'node', 'id': 4173471705, 'lat': 31.8327708, 'lon': -102.3720292, 'tags': {'addr:city': 'Odessa', 'addr:housenumber': '840', 'addr:postcode': '79761', 'addr:street': 'West Clements Street', 'amenity': 'clinic', 'healthcare': 'clinic', 'name': 'MCH Family Health Clinic', 'operator': 'Medical Center Health System', 'phone': '+1-432-640-4860', 'website': 'https://mchodessa.com/mch-family-health-clinic/'}}"
"{'type': 'node', 'id': 4311924292, 'lat': 32.0180548, 'lon': -102.126695, 'tags': {'addr:city': 'Midland', 'addr:housenumber': '3325', 'addr:state': 'TX', 'addr:street': 'West Wadley Avenue', 'amenity': 'pharmacy', 'brand': 'H-E-B Pharmacy', 'brand:wikidata': 'Q830621', 'healthcare': 'pharmacy', 'name': 'H-E-B Pharmacy', 'phone': '+1-432-697-1484', 'short_name': 'H-E-B'}}"
"{'type': 'node', 'id': 4419116034, 'lat': 31.8460891, 'lon': -102.374599, 'tags': {'addr:city': 'ODESSA', 'addr:housenumber': '540', 'addr:postcode': '79761', 'addr:state': 'TX', 'addr:street': 'West 5th Street', 'amenity': 'pharmacy', 'brand': 'H-E-B Pharmacy', 'brand:wikidata': 'Q830621', 'healthcare': 'pharmacy', 'name': 'H-E-B Pharmacy', 'phone': '+1-432-332-1623', 'short_name': 'H-E-B'}}"
"{'type': 'node', 'id': 4481864685, 'lat': 31.991317, 'lon': -102.1561641, 'tags': {'amenity': 'clinic', 'healthcare': 'clinic', 'name': 'Midland Health'}}"
"{'type': 'node', 'id': 4650133562, 'lat': 31.8679014, 'lon': -102.379678, 'tags': {'amenity': 'pharmacy', 'brand': 'CVS Pharmacy', 'brand:website': 'https://www.cvs.com/', 'brand:wikidata': 'Q2078880', 'brand:wikipedia': 'en:CVS Pharmacy', 'dispensing': 'yes', 'healthcare': 'pharmacy', 'name': 'CVS Pharmacy', 'short_name': 'CVS'}}"
"{'type': 'node', 'id': 4670168299, 'lat': 31.9370747, 'lon': -102.3849781, 'tags': {'amenity': 'doctors', 'healthcare': 'doctor', 'name': 'Complete Care North'}}"
"{'type': 'node', 'id': 4737291238, 'lat': 31.8505553, 'lon': -102.3634757, 'tags': {'amenity': 'doctors', 'healthcare': 'doctor', 'healthcare:speciality': 'cardiology', 'name': 'Complete Care Cardiology Naidu Plaza'}}"
"{'type': 'node', 'id': 4936234120, 'lat': 31.8983099, 'lon': -102.3159805, 'tags': {'addr:city': 'Odessa', 'addr:housenumber': '6131', 'addr:postcode': '79762', 'addr:street': 'East Highway 191', 'amenity': 'clinic', 'emergency': 'yes', 'healthcare': 'clinic', 'name': 'Excel ER', 'opening_hours': '24/7', 'operator': 'Excel ER', 'phone': '+1-432-366-2911', 'website': 'http://www.excel24er.com/'}}"
"{'type': 'node', 'id': 5984209524, 'lat': 31.8772941, 'lon': -102.3484504, 'tags': {'amenity': 'hospital', 'name': 'Neighbors Emergency Center - Odessa'}}"
"{'type': 'node', 'id': 5984209957, 'lat': 31.893432, 'lon': -102.3446567, 'tags': {'amenity': 'hospital', 'name': ""First Physicians Women's Health""}}"
"{'type': 'node', 'id': 6082518413, 'lat': 31.8440933, 'lon': -102.3785368, 'tags': {'addr:city': 'Odessa', 'addr:housenumber': '501', 'addr:postcode': '79763', 'addr:state': 'TX', 'addr:street': 'Bernice Avenue', 'amenity': 'doctors', 'healthcare': 'doctor', 'name': 'Alfonso I. Gonzalez M.D.', 'opening_hours': 'Mo-Th 08:30-17:00; Fr 08:30-12:00', 'phone': '+1-432-333-1300', 'website': 'https://www.alfonsoigonzalezmd.com/'}}"
"{'type': 'node', 'id': 6271122461, 'lat': 32.0357514, 'lon': -102.129749, 'tags': {'amenity': 'pharmacy', 'brand': 'Market Street', 'brand:wikidata': 'Q119405196', 'dispensing': 'yes', 'healthcare': 'pharmacy', 'name': 'Market Street Pharmacy', 'website': 'https://local.pharmacy.marketstreetunited.com/tx/midland/4706-n-midkiff-rd.html'}}"
"{'type': 'node', 'id': 6550051238, 'lat': 31.8981445, 'lon': -102.3334393, 'tags': {'amenity': 'pharmacy', 'dispensing': 'yes', 'healthcare': 'pharmacy'}}"
"{'type': 'node', 'id': 6550051239, 'lat': 31.8952157, 'lon': -102.3323804, 'tags': {'amenity': 'pharmacy', 'dispensing': 'yes', 'healthcare': 'pharmacy'}}"
"{'type': 'node', 'id': 6742490254, 'lat': 31.995371, 'lon': -102.154969, 'tags': {'addr:city': 'Midland', 'addr:housenumber': '5407', 'addr:postcode': '79706', 'addr:state': 'TX', 'addr:street': 'Andrews Highway', 'amenity': 'pharmacy', 'brand': 'H-E-B Pharmacy', 'brand:wikidata': 'Q830621', 'dispensing': 'yes', 'healthcare': 'pharmacy', 'name': 'H-E-B Pharmacy', 'phone': '+1-432-699-2331', 'short_name': 'H-E-B'}}"
"{'type': 'node', 'id': 6762622541, 'lat': 31.8925458, 'lon': -102.341256, 'tags': {'addr:city': 'Odessa', 'addr:state': 'TX', 'amenity': 'pharmacy', 'brand': 'CVS Pharmacy', 'brand:website': 'https://www.cvs.com/', 'brand:wikidata': 'Q2078880', 'brand:wikipedia': 'en:CVS Pharmacy', 'dispensing': 'yes', 'healthcare': 'pharmacy', 'name': 'CVS Pharmacy', 'short_name': 'CVS', 'website': 'https://www.cvs.com/store-locator/odessa-tx-pharmacies/4101-east-42nd-st-odessa-tx-79762/storeid=5647'}}"
"{'type': 'node', 'id': 7869059462, 'lat': 32.3338834, 'lon': -102.552043, 'tags': {'addr:city': 'Andrews', 'addr:housenumber': '1329', 'addr:postcode': '79714', 'addr:state': 'TX', 'addr:street': 'North Main Street', 'healthcare': 'optometrist', 'name': ""Dr. Wright's Vision Source""}}"
"{'type': 'node', 'id': 7869059465, 'lat': 32.3336006, 'lon': -102.5519531, 'tags': {'addr:city': 'Andrews', 'addr:housenumber': '1321', 'addr:postcode': '79714', 'addr:state': 'TX', 'addr:street': 'North Main Street', 'amenity': 'dentist', 'healthcare': 'dentist', 'name': 'Basin Denstistry'}}"
"{'type': 'node', 'id': 7943265825, 'lat': 31.8612474, 'lon': -102.4111854, 'tags': {'addr:city': 'Odessa', 'addr:postcode': '79764', 'addr:state': 'TX', 'addr:street': 'West University Boulevard', 'amenity': 'pharmacy', 'brand': 'H-E-B', 'brand:wikidata': 'Q830621', 'dispensing': 'yes', 'healthcare': 'pharmacy', 'name': 'H-E-B Pharmacy', 'phone': '+1-432-332-0475'}}"
"{'type': 'node', 'id': 9234430153, 'lat': 31.9955313, 'lon': -102.1012153, 'tags': {'amenity': 'pharmacy', 'brand': 'CVS Pharmacy', 'brand:website': 'https://www.cvs.com/', 'brand:wikidata': 'Q2078880', 'brand:wikipedia': 'en:CVS Pharmacy', 'healthcare': 'pharmacy', 'name': 'CVS Pharmacy', 'short_name': 'CVS', 'website': 'https://www.cvs.com/store-locator/midland-tx-pharmacies/301-andrews-highway-midland-tx-79701/storeid=4356'}}"
"{'type': 'node', 'id': 9357228206, 'lat': 32.0363797, 'lon': -102.089624, 'tags': {'addr:city': 'Midland', 'addr:housenumber': '414', 'addr:postcode': '79705', 'addr:state': 'TX', 'addr:street': 'Veterans Airpark Lane', 'amenity': 'dentist', 'description': 'Whether you have missing teeth, need treatment for gum disease, or want to straighten your smile, turn to the doctors at The Dental Studio of Midland.', 'email': 'office@dentalstudiomidland.com', 'healthcare': 'dentist', 'healthcare:speciality': 'implantology', 'name': 'The Dental Studio of Midland', 'opening_hours': 'Mo-Th 07:00-15:00', 'phone': '+1-432-315-2739', 'website': 'https://www.midlanddentalstudio.com/'}}"
"{'type': 'node', 'id': 9384112116, 'lat': 32.0013282, 'lon': -102.1356034, 'tags': {'amenity': 'pharmacy', 'brand': 'Walgreens', 'brand:wikidata': 'Q1591889', 'healthcare': 'pharmacy', 'name': 'Walgreens'}}"
"{'type': 'node', 'id': 9620185640, 'lat': 32.0038951, 'lon': -102.12466, 'tags': {'addr:city': 'Midland', 'addr:housenumber': '3409', 'addr:postcode': '79703', 'addr:state': 'TX', 'addr:street': 'Andrews Highway', 'healthcare': 'alternative', 'healthcare:speciality': 'chiropractic', 'name': 'Gonzales Health & Rehab', 'opening_hours': 'Mo-Th 08:00-12:00; Fr 08:00-13:00', 'operator': 'Annette Gonzales', 'payment:american_express': 'yes', 'payment:cash': 'yes', 'payment:cheque': 'yes', 'payment:mastercard': 'yes', 'payment:visa': 'yes', 'phone': '+1-432-262-3219', 'website': 'https://www.gonzaleshealthandrehab.com/'}}"
"{'type': 'node', 'id': 10229404512, 'lat': 32.0193952, 'lon': -102.1240568, 'tags': {'amenity': 'pharmacy', 'brand': 'Walgreens', 'brand:wikidata': 'Q1591889', 'healthcare': 'pharmacy', 'name': 'Walgreens'}}"
"{'type': 'node', 'id': 11359346367, 'lat': 31.9156625, 'lon': -102.2878213, 'tags': {'addr:housenumber': '4060', 'addr:street': 'Faudree Road', 'healthcare': 'yes', 'name': 'Faudree Pharmacy'}}"
"{'type': 'node', 'id': 11382560168, 'lat': 31.9180653, 'lon': -102.2852831, 'tags': {'addr:housenumber': '4060', 'addr:street': 'Medical Plaza', 'amenity': 'clinic', 'healthcare': 'clinic', 'name': 'Salcido Family Medicine'}}"
"{'type': 'node', 'id': 11407533250, 'lat': 31.889508, 'lon': -102.3463381, 'tags': {'addr:housenumber': '3952', 'addr:street': 'East 42nd Street', 'addr:unit': 'J', 'healthcare': 'alternative', 'healthcare:speciality': 'chiropractic', 'name': 'Rowland Chiropractic'}}"
"{'type': 'node', 'id': 11407551073, 'lat': 31.8903868, 'lon': -102.3463923, 'tags': {'addr:housenumber': '3952', 'addr:street': 'East 42nd Street', 'healthcare': 'clinic_urgent_care', 'healthcare:speciality': 'emergency', 'name': 'Vital Care Urgent Care'}}"
"{'type': 'node', 'id': 11430057785, 'lat': 31.8930794, 'lon': -102.277071, 'tags': {'addr:housenumber': '2631', 'addr:street': 'Faudree Road', 'amenity': 'dentist', 'healthcare': 'dentist', 'name': 'Abbeville Dentistry'}}"
"{'type': 'node', 'id': 11497512945, 'lat': 31.8861368, 'lon': -102.3715476, 'tags': {'addr:housenumber': '1157', 'addr:street': 'East 42nd Street', 'amenity': 'dentist', 'healthcare': 'dentist', 'name': 'Odessa Family Dental'}}"
"{'type': 'node', 'id': 12348542703, 'lat': 31.9887307, 'lon': -102.1588547, 'tags': {'addr:city': 'Midland', 'addr:housenumber': '907', 'addr:postcode': '79706', 'addr:state': 'TX', 'addr:street': 'Tradewinds Boulevard', 'description': 'Our Midland ABA Therapy area centers provide autism therapy services for children aged 18 months – 13 years to achieve success on the spectrum.', 'healthcare': 'mental_health_clinic', 'healthcare:speciality': 'center-based_autism_therapy_(aba_therapy);assessment;autism_diagnostic_observation_schedule_assessment_(ados_assessment);abc_at_home_(home-based_therapy)', 'name': 'Action Behavior Centers - ABA Therapy for Autism', 'opening_hours': 'Mo-Fr 08:00-17:00', 'phone': '+1 432-253-3315', 'website': 'https://www.actionbehavior.com/locations/texas/greater-texas/aba-therapy-midland-tx/'}}"
