OSM_Data
"{'type': 'node', 'id': 293272685, 'lat': 44.2669834, 'lon': -76.5754182, 'tags': {'healthcare': 'alternative', 'healthcare:speciality': 'chiropractic', 'name': 'Kingston West Family Chiropratic'}}"
"{'type': 'node', 'id': 293305166, 'lat': 44.2191103, 'lon': -76.6431807, 'tags': {'alt_name': 'Amherstview Drugs', 'amenity': 'pharmacy', 'brand': 'Guardian', 'brand:wikidata': 'Q65553864', 'dispensing': 'yes', 'healthcare': 'pharmacy', 'name': 'Guardian'}}"
"{'type': 'node', 'id': 337046208, 'lat': 44.2517036, 'lon': -76.593171, 'tags': {'amenity': 'pharmacy', 'brand': 'Shoppers Drug Mart', 'brand:wikidata': 'Q1820137', 'brand:wikipedia': 'en:Shoppers Drug Mart', 'dispensing': 'yes', 'healthcare': 'pharmacy', 'name': 'Shoppers Drug Mart', 'note': 'Approximate location', 'website': 'https://www.shoppersdrugmart.ca/en/store-locator/store/1144', 'website:en': 'https://www.shoppersdrugmart.ca/en/store-locator/store/1144', 'website:fr': 'https://www.shoppersdrugmart.ca/fr/store-locator/store/1144'}}"
"{'type': 'node', 'id': 469648700, 'lat': 44.257026, 'lon': -76.576279, 'tags': {'addr:housenumber': '861', 'addr:street': 'Norwest Road', 'amenity': 'doctors', 'healthcare': 'doctor', 'name': 'Kingston Laser Cosmetic Clinic'}}"
"{'type': 'node', 'id': 1358218595, 'lat': 44.1591042, 'lon': -77.3985369, 'tags': {'amenity': 'pharmacy', 'brand': 'Shoppers Drug Mart', 'brand:wikidata': 'Q1820137', 'brand:wikipedia': 'en:Shoppers Drug Mart', 'dispensing': 'yes', 'healthcare': 'pharmacy', 'name': 'Shoppers Drug Mart', 'operator': 'Loblaw Companies Limited', 'website': 'https://www.shoppersdrugmart.ca/en/store-locator/store/987', 'website:en': 'https://www.shoppersdrugmart.ca/en/store-locator/store/987', 'website:fr': 'https://www.shoppersdrugmart.ca/fr/store-locator/store/987'}}"
"{'type': 'node', 'id': 3501104711, 'lat': 44.4332375, 'lon': -77.8917513, 'tags': {'alt_name': 'Havelock Pharmacy', 'amenity': 'pharmacy', 'brand': 'Guardian', 'brand:wikidata': 'Q65553864', 'healthcare': 'pharmacy', 'name': 'Guardian'}}"
"{'type': 'node', 'id': 3655902585, 'lat': 44.2591389, 'lon': -76.581972, 'tags': {'healthcare': 'alternative', 'healthcare:speciality': 'chiropractic', 'name': 'Frontenac Chiropractic', 'phone': '+1-613-767-0701'}}"
"{'type': 'node', 'id': 3655927594, 'lat': 44.251788, 'lon': -76.5927619, 'tags': {'amenity': 'doctors', 'healthcare': 'doctor', 'name': 'Bayridge Family Medicine Clinic'}}"
"{'type': 'node', 'id': 3655927595, 'lat': 44.2518889, 'lon': -76.5923921, 'tags': {'amenity': 'dentist', 'healthcare': 'dentist', 'name': 'Bayview dental centre'}}"
"{'type': 'node', 'id': 3655927597, 'lat': 44.2515216, 'lon': -76.5914312, 'tags': {'healthcare': 'doctor', 'healthcare:speciality': 'orthodontics', 'name': 'Kingston Orthodontics'}}"
"{'type': 'node', 'id': 4563762364, 'lat': 44.308025, 'lon': -77.7973316, 'tags': {'amenity': 'dentist', 'healthcare': 'dentist', 'name': 'Bridge Street Dental Centre'}}"
"{'type': 'node', 'id': 4664380377, 'lat': 44.1852975, 'lon': -76.7675951, 'tags': {'alt_name': 'Bath Family Pharmacy', 'amenity': 'pharmacy', 'brand': 'Pharmasave', 'brand:wikidata': 'Q17093822', 'brand:wikipedia': 'en:Pharmasave', 'dispensing': 'yes', 'healthcare': 'pharmacy', 'name': 'Pharmasave', 'phone': '+1-613-352-7700'}}"
"{'type': 'node', 'id': 4784382055, 'lat': 44.1761249, 'lon': -77.3908482, 'tags': {'addr:housenumber': '21', 'addr:street': 'College Street West', 'amenity': 'dentist', 'healthcare': 'dentist', 'name': 'Family Dental Centre'}}"
"{'type': 'node', 'id': 5045141161, 'lat': 44.2154141, 'lon': -76.6606152, 'tags': {'amenity': 'dentist', 'healthcare': 'dentist', 'name': 'Lakeview Dental'}}"
"{'type': 'node', 'id': 5876945247, 'lat': 44.0059487, 'lon': -77.1468548, 'tags': {'amenity': 'pharmacy', 'brand': 'Rexall', 'brand:wikidata': 'Q39045377', 'brand:wikipedia': 'en:Rexall', 'dispensing': 'yes', 'healthcare': 'pharmacy', 'name': 'Rexall'}}"
"{'type': 'node', 'id': 6431626809, 'lat': 44.1692844, 'lon': -77.3575379, 'tags': {'healthcare': 'physiotherapist', 'name': 'Revive Physio Care'}}"
"{'type': 'node', 'id': 6471204297, 'lat': 44.2479504, 'lon': -76.9496208, 'tags': {'alt_name': ""Wallace's Pharmacy"", 'amenity': 'pharmacy', 'brand': 'PharmaChoice', 'brand:wikidata': 'Q7180716', 'brand:wikipedia': 'en:PharmaChoice', 'healthcare': 'pharmacy', 'name': 'PharmaChoice'}}"
"{'type': 'node', 'id': 6471231463, 'lat': 44.2467313, 'lon': -76.9512945, 'tags': {'amenity': 'clinic', 'healthcare': 'clinic', 'name': 'Napanee Area Community Health Centre'}}"
"{'type': 'node', 'id': 6471231791, 'lat': 44.2468812, 'lon': -76.9509995, 'tags': {'alt_name': ""Gray's Pharmacy"", 'amenity': 'pharmacy', 'brand': 'I.D.A.', 'brand:wikidata': 'Q65553883', 'healthcare': 'pharmacy', 'name': 'I.D.A.'}}"
"{'type': 'node', 'id': 6471615130, 'lat': 44.0412618, 'lon': -77.7355322, 'tags': {'healthcare': 'physiotherapist', 'name': 'Brighton Physiotherapy'}}"
"{'type': 'node', 'id': 6472789793, 'lat': 44.2482021, 'lon': -76.9496946, 'tags': {'amenity': 'doctors', 'healthcare': 'doctor', 'name': ""Wallace's Health and Wellness Centre""}}"
"{'type': 'node', 'id': 6474201602, 'lat': 44.2608796, 'lon': -76.9658563, 'tags': {'amenity': 'dentist', 'healthcare': 'dentist', 'name': 'Got Smile'}}"
"{'type': 'node', 'id': 6489162140, 'lat': 44.0422037, 'lon': -77.7368485, 'tags': {'amenity': 'dentist', 'healthcare': 'dentist', 'name': 'Dr. J. Gordon Hall Family Dentistry'}}"
"{'type': 'node', 'id': 6489361335, 'lat': 44.0420292, 'lon': -77.7371845, 'tags': {'amenity': 'pharmacy', 'brand': 'Rexall', 'brand:wikidata': 'Q39045377', 'brand:wikipedia': 'en:Rexall (Canada)', 'healthcare': 'pharmacy', 'name': 'Rexall'}}"
"{'type': 'node', 'id': 6612200237, 'lat': 44.1888075, 'lon': -77.4004302, 'tags': {'amenity': 'pharmacy', 'brand': 'Shoppers Drug Mart', 'brand:wikidata': 'Q1820137', 'brand:wikipedia': 'en:Shoppers Drug Mart', 'dispensing': 'yes', 'healthcare': 'pharmacy', 'name': 'Shoppers Drug Mart', 'website': 'https://www.shoppersdrugmart.ca/en/store-locator/store/601', 'website:en': 'https://www.shoppersdrugmart.ca/en/store-locator/store/601', 'website:fr': 'https://www.shoppersdrugmart.ca/fr/store-locator/store/601'}}"
"{'type': 'node', 'id': 6612239327, 'lat': 44.1868755, 'lon': -77.3987215, 'tags': {'alt_name': 'Bellfront Pharmacy', 'amenity': 'pharmacy', 'brand': 'Guardian', 'brand:wikidata': 'Q65553864', 'dispensing': 'yes', 'healthcare': 'pharmacy', 'name': 'Guardian'}}"
"{'type': 'node', 'id': 6612239341, 'lat': 44.1879576, 'lon': -77.3945974, 'tags': {'healthcare': 'counselling', 'name': 'Dr. Bernstein Diet & Health Clinics'}}"
"{'type': 'node', 'id': 6612239354, 'lat': 44.1858959, 'lon': -77.4091876, 'tags': {'amenity': 'dentist', 'healthcare': 'dentist', 'name': 'Belleville Sleep Dentistry'}}"
"{'type': 'node', 'id': 6612275639, 'lat': 44.18534, 'lon': -77.3935696, 'tags': {'amenity': 'pharmacy', 'brand': 'Pharmasave', 'brand:wikidata': 'Q17093822', 'brand:wikipedia': 'en:Pharmasave', 'dispensing': 'yes', 'healthcare': 'pharmacy', 'name': 'Pharmasave'}}"
"{'type': 'node', 'id': 6612279574, 'lat': 44.1765783, 'lon': -77.3908961, 'tags': {'amenity': 'pharmacy', 'brand': 'I.D.A.', 'brand:wikidata': 'Q65553883', 'dispensing': 'yes', 'healthcare': 'pharmacy', 'name': 'I.D.A.'}}"
"{'type': 'node', 'id': 6612337101, 'lat': 44.1760182, 'lon': -77.3912899, 'tags': {'alt_name': 'Weight Watchers', 'brand': 'WW Studio', 'brand:wikidata': 'Q1929466', 'brand:wikipedia': 'en:WW International', 'healthcare': 'counselling', 'healthcare:counselling': 'dietitian', 'healthcare:speciality': 'weight_loss', 'name': 'WW Studio'}}"
"{'type': 'node', 'id': 6612342339, 'lat': 44.1618037, 'lon': -77.3715177, 'tags': {'amenity': 'pharmacy', 'brand': 'Rexall', 'brand:wikidata': 'Q39045377', 'brand:wikipedia': 'en:Rexall (Canada)', 'dispensing': 'yes', 'healthcare': 'pharmacy', 'name': 'Rexall'}}"
"{'type': 'node', 'id': 6612347919, 'lat': 44.1594107, 'lon': -77.3992841, 'tags': {'amenity': 'doctors', 'healthcare': 'doctor', 'name': 'Family Medical Centre'}}"
"{'type': 'node', 'id': 6612347923, 'lat': 44.1597749, 'lon': -77.3968004, 'tags': {'amenity': 'pharmacy', 'brand': 'PharmaChoice', 'brand:wikidata': 'Q7180716', 'brand:wikipedia': 'en:PharmaChoice', 'dispensing': 'yes', 'healthcare': 'pharmacy', 'name': 'PharmaChoice'}}"
"{'type': 'node', 'id': 6612350867, 'lat': 44.16736, 'lon': -77.3553808, 'tags': {'amenity': 'dentist', 'healthcare': 'dentist', 'name': 'Dr. Robert Zaichick'}}"
"{'type': 'node', 'id': 6612388448, 'lat': 44.1697308, 'lon': -77.3543662, 'tags': {'amenity': 'pharmacy', 'brand': 'Pharmasave', 'brand:wikidata': 'Q17093822', 'brand:wikipedia': 'en:Pharmasave', 'healthcare': 'pharmacy', 'name': 'Pharmasave'}}"
"{'type': 'node', 'id': 6929443538, 'lat': 44.2669686, 'lon': -76.5754232, 'tags': {'amenity': 'dentist', 'healthcare': 'dentist', 'name': 'Kingston West Dental Centre'}}"
"{'type': 'node', 'id': 7057061121, 'lat': 44.2010441, 'lon': -77.5960747, 'tags': {'amenity': 'pharmacy', 'brand': 'I.D.A.', 'brand:wikidata': 'Q65553883', 'dispensing': 'yes', 'healthcare': 'pharmacy', 'name': 'I.D.A.'}}"
"{'type': 'node', 'id': 7057096010, 'lat': 44.1045549, 'lon': -77.5689277, 'tags': {'addr:city': 'Trenton', 'addr:housenumber': '109', 'addr:province': 'Ontario', 'addr:street': 'Dundas Street East', 'amenity': 'pharmacy', 'brand': 'Rexall', 'brand:wikidata': 'Q39045377', 'brand:wikipedia': 'en:Rexall (Canada)', 'dispensing': 'yes', 'healthcare': 'pharmacy', 'name': 'Rexall'}}"
"{'type': 'node', 'id': 7057102911, 'lat': 44.1037929, 'lon': -77.5732856, 'tags': {'amenity': 'pharmacy', 'dispensing': 'yes', 'healthcare': 'pharmacy', 'name': 'Trenton Pharmacy'}}"
"{'type': 'node', 'id': 7057136353, 'lat': 44.1008391, 'lon': -77.5769898, 'tags': {'amenity': 'pharmacy', 'dispensing': 'yes', 'healthcare': 'pharmacy', 'name': 'Canadian Drug Mart'}}"
"{'type': 'node', 'id': 7057140628, 'lat': 44.0060439, 'lon': -77.1438884, 'tags': {'amenity': 'pharmacy', 'brand': 'Pharmasave', 'brand:wikidata': 'Q17093822', 'brand:wikipedia': 'en:Pharmasave', 'dispensing': 'yes', 'healthcare': 'pharmacy', 'name': 'Pharmasave', 'opening_hours': 'Mo-Th 09:00-17:30; Fr 09:00-17:00; Sa 09:00-14:00; Su off'}}"
"{'type': 'node', 'id': 7343566372, 'lat': 44.2159608, 'lon': -76.6607375, 'tags': {'addr:city': 'Amherstview', 'addr:housenumber': '6', 'addr:postcode': 'K7N 1Z6', 'addr:street': 'Speers Boulevard', 'amenity': 'pharmacy', 'healthcare': 'pharmacy', 'name': ""Hunt's Pharmacy""}}"
"{'type': 'node', 'id': 7343566373, 'lat': 44.2422795, 'lon': -76.6095781, 'tags': {'addr:city': 'Kingston', 'addr:housenumber': '4037', 'addr:postcode': 'K7M 4Y5', 'addr:street': 'Bath Road', 'alt_name': 'Collins Bay Pharmasave', 'amenity': 'pharmacy', 'brand': 'Pharmasave', 'brand:wikidata': 'Q17093822', 'brand:wikipedia': 'en:Pharmasave', 'healthcare': 'pharmacy', 'name': 'Pharmasave'}}"
"{'type': 'node', 'id': 7343566374, 'lat': 44.2614406, 'lon': -76.597494, 'tags': {'addr:city': 'Kingston', 'addr:housenumber': '3079', 'addr:postcode': 'K7L 4V2', 'addr:street': 'Princess Street', 'alt_name': 'West Side Pharmacy & Compounding', 'amenity': 'pharmacy', 'brand': 'Guardian', 'brand:wikidata': 'Q65553864', 'healthcare': 'pharmacy', 'name': 'Guardian'}}"
"{'type': 'node', 'id': 7343566375, 'lat': 44.2380604, 'lon': -76.5919319, 'tags': {'addr:city': 'Kingston', 'addr:housenumber': '1030', 'addr:postcode': 'K7M 8X7', 'addr:street': 'Coverdale Drive', 'amenity': 'pharmacy', 'healthcare': 'pharmacy', 'name': 'Drugstore Pharmacy'}}"
"{'type': 'node', 'id': 7343578796, 'lat': 44.2483895, 'lon': -76.5805372, 'tags': {'addr:city': 'Kingston', 'addr:housenumber': '728', 'addr:postcode': 'K7P 1C6', 'addr:street': 'Milford Drive', 'amenity': 'pharmacy', 'healthcare': 'pharmacy', 'name': 'Milford Pharmacy'}}"
"{'type': 'node', 'id': 7343726946, 'lat': 44.3214847, 'lon': -76.8728325, 'tags': {'addr:city': 'Camden East', 'addr:housenumber': '2068', 'addr:postcode': 'K0K 1J0', 'addr:street': 'County Road 1 East', 'amenity': 'pharmacy', 'healthcare': 'pharmacy', 'name': 'Newburgh Pharmacy'}}"
"{'type': 'node', 'id': 7343726947, 'lat': 44.479473, 'lon': -76.6941183, 'tags': {'addr:city': 'Verona', 'addr:housenumber': '6674', 'addr:postcode': 'K0H 2W0', 'addr:street': 'Road 38', 'amenity': 'pharmacy', 'healthcare': 'pharmacy', 'name': 'Pharma Well Drug Mart'}}"
"{'type': 'node', 'id': 7343726948, 'lat': 44.4095983, 'lon': -76.5969596, 'tags': {'addr:city': 'Sydenham', 'addr:housenumber': '4375', 'addr:postcode': 'K0H 2T0', 'addr:street': 'Mill Street', 'amenity': 'pharmacy', 'healthcare': 'pharmacy', 'name': 'Drugsmart Pharmacy'}}"
"{'type': 'node', 'id': 7347591768, 'lat': 44.1951899, 'lon': -77.047837, 'tags': {'addr:city': 'Deseronto', 'addr:housenumber': '346', 'addr:postcode': 'K0K 1X0', 'addr:street': 'Main Street', 'alt_name': ""Gray's Ida Drug Store"", 'amenity': 'pharmacy', 'brand': 'I.D.A.', 'brand:wikidata': 'Q65553883', 'healthcare': 'pharmacy', 'name': 'I.D.A.'}}"
"{'type': 'node', 'id': 7347591769, 'lat': 44.4874066, 'lon': -76.9951618, 'tags': {'addr:city': 'Tamworth', 'addr:housenumber': '5', 'addr:postcode': 'K0K 3G0', 'addr:street': 'Concession Street North', 'amenity': 'pharmacy', 'check_date': '2022-10-01', 'healthcare': 'pharmacy', 'name': 'Pharma Well Drugmart'}}"
"{'type': 'node', 'id': 7347591770, 'lat': 44.2410483, 'lon': -76.9669156, 'tags': {'addr:city': 'Napanee', 'addr:housenumber': '307', 'addr:postcode': 'K7R 2G3', 'addr:street': 'Bridge Street West', 'amenity': 'pharmacy', 'healthcare': 'pharmacy', 'name': 'Napanee Richmond Medical Pharmacy'}}"
"{'type': 'node', 'id': 7347591771, 'lat': 44.2570073, 'lon': -76.9632168, 'tags': {'addr:city': 'Napanee', 'addr:housenumber': '35', 'addr:postcode': 'K7R 4C4', 'addr:street': 'Alkenbrack Street', 'amenity': 'pharmacy', 'healthcare': 'pharmacy', 'name': 'Metro Drugs'}}"
"{'type': 'node', 'id': 7347591772, 'lat': 44.2591123, 'lon': -76.9642675, 'tags': {'addr:city': 'Napanee', 'addr:housenumber': '450', 'addr:postcode': 'K7R 1P8', 'addr:street': 'Centre Street North', 'amenity': 'pharmacy', 'healthcare': 'pharmacy', 'name': 'Drugstore Pharmacy'}}"
"{'type': 'node', 'id': 7347591773, 'lat': 44.2621254, 'lon': -76.9699351, 'tags': {'addr:city': 'Napanee', 'addr:housenumber': '89', 'addr:postcode': 'K7R 3L1', 'addr:street': 'Jim Kimmett Boulevard', 'amenity': 'pharmacy', 'brand': 'Walmart', 'brand:wikidata': 'Q483551', 'brand:wikipedia': 'en:Walmart', 'healthcare': 'pharmacy', 'name': 'Walmart Pharmacy', 'website': 'https://www.walmart.ca/en/stores-near-me/napanee-on-1041', 'website:en': 'https://www.walmart.ca/en/stores-near-me/napanee-on-1041', 'website:fr': 'https://www.walmart.ca/fr/magasins-pres-de-chez-moi/napanee-on-1041'}}"
"{'type': 'node', 'id': 7347699851, 'lat': 43.951881, 'lon': -77.3493528, 'tags': {'addr:housenumber': '274', 'addr:postcode': 'K0K 3L0', 'addr:street': 'Wellington Main Street', 'amenity': 'pharmacy', 'healthcare': 'pharmacy', 'name': 'Wellington Pharmacy'}}"
"{'type': 'node', 'id': 7347699852, 'lat': 43.9986367, 'lon': -77.1615396, 'tags': {'addr:housenumber': '13311', 'addr:postcode': 'K0K 2T0', 'addr:street': 'Loyalist Parkway', 'amenity': 'pharmacy', 'healthcare': 'pharmacy', 'name': 'Drug Store Pharmacy'}}"
"{'type': 'node', 'id': 7347699853, 'lat': 44.0075719, 'lon': -77.1415605, 'tags': {'addr:housenumber': '219', 'addr:postcode': 'K0K 2T0', 'addr:street': 'Main Street West', 'amenity': 'pharmacy', 'healthcare': 'pharmacy', 'name': 'County Drugstore'}}"
"{'type': 'node', 'id': 7347700430, 'lat': 44.1963999, 'lon': -77.3956755, 'tags': {'addr:city': 'Belleville', 'addr:country': 'CA', 'addr:housenumber': '274', 'addr:postcode': 'K8N 4Z5', 'addr:state': 'ON', 'addr:street': 'Millenium Parkway', 'amenity': 'pharmacy', 'brand': 'Walmart', 'brand:wikidata': 'Q483551', 'brand:wikipedia': 'en:Walmart', 'check_date': '2024-11-13', 'healthcare': 'pharmacy', 'name': 'Walmart Pharmacy', 'phone': '+1 613-966-9466', 'website': 'https://www.walmart.ca/en/stores-near-me/belleville-on-3122', 'website:en': 'https://www.walmart.ca/en/stores-near-me/belleville-on-3122', 'website:fr': 'https://www.walmart.ca/fr/magasins-pres-de-chez-moi/belleville-on-3122'}}"
"{'type': 'node', 'id': 7347700431, 'lat': 44.1753849, 'lon': -77.3917632, 'tags': {'addr:city': 'Belleville', 'addr:housenumber': '110', 'addr:postcode': 'K8P 3B6', 'addr:street': 'North Front Street', 'amenity': 'pharmacy', 'healthcare': 'pharmacy', 'name': 'Metro Pharmacy'}}"
"{'type': 'node', 'id': 7347700432, 'lat': 44.1641134, 'lon': -77.3845404, 'tags': {'addr:city': 'Belleville', 'addr:housenumber': '216', 'addr:postcode': 'K8N 2Z2', 'addr:street': 'Front Street', 'amenity': 'pharmacy', 'check_date': '2023-01-08', 'healthcare': 'pharmacy', 'name': 'Village Pharmacy'}}"
"{'type': 'node', 'id': 7347700433, 'lat': 44.1611836, 'lon': -77.3802021, 'tags': {'addr:city': 'Belleville', 'addr:housenumber': '59', 'addr:postcode': 'K8N 3B8', 'addr:street': 'Dundas Street East', 'amenity': 'pharmacy', 'healthcare': 'pharmacy', 'name': 'Canadian Drug Mart'}}"
"{'type': 'node', 'id': 7347700434, 'lat': 44.1631099, 'lon': -77.369259, 'tags': {'addr:city': 'Belleville', 'addr:housenumber': '210', 'addr:postcode': 'K8N 5G8', 'addr:street': 'Dundas Street East', 'amenity': 'pharmacy', 'brand': 'Rexall', 'brand:wikidata': 'Q39045377', 'brand:wikipedia': 'en:Rexall (Canada)', 'healthcare': 'pharmacy', 'name': 'Rexall'}}"
"{'type': 'node', 'id': 7347700435, 'lat': 44.1642162, 'lon': -77.364246, 'tags': {'addr:city': 'Belleville', 'addr:housenumber': '274', 'addr:postcode': 'K8N 1E6', 'addr:street': 'Dundas Street East', 'amenity': 'pharmacy', 'brand': ""Remedy'sRx"", 'brand:wikidata': 'Q65553833', 'healthcare': 'pharmacy', 'name': ""Remedy'sRx""}}"
"{'type': 'node', 'id': 7347700436, 'lat': 44.167231, 'lon': -77.3579294, 'tags': {'addr:city': 'Belleville', 'addr:housenumber': '400', 'addr:postcode': 'K8N 1E8', 'addr:street': 'Dundas Street East', 'amenity': 'pharmacy', 'healthcare': 'pharmacy', 'name': 'Drugstore Pharmacy'}}"
"{'type': 'node', 'id': 7347700437, 'lat': 44.1677762, 'lon': -77.3540665, 'tags': {'addr:city': 'Belleville', 'addr:housenumber': '450', 'addr:postcode': 'K8N 1E9', 'addr:street': 'Dundas Street East', 'amenity': 'pharmacy', 'healthcare': 'pharmacy', 'name': 'Bay View Pharmacy'}}"
"{'type': 'node', 'id': 7347700438, 'lat': 44.1685008, 'lon': -77.352684, 'tags': {'addr:city': 'Belleville', 'addr:housenumber': '470', 'addr:postcode': 'K8N 1E9', 'addr:street': 'Dundas Street East', 'amenity': 'pharmacy', 'healthcare': 'pharmacy', 'name': 'Drug Basics'}}"
"{'type': 'node', 'id': 7347710095, 'lat': 44.0944286, 'lon': -77.6052292, 'tags': {'addr:city': 'Trenton', 'addr:country': 'CA', 'addr:housenumber': '470', 'addr:postcode': 'K8V 5P7', 'addr:state': 'ON', 'addr:street': '2nd Dug Hill Road', 'amenity': 'pharmacy', 'brand': 'Walmart', 'brand:wikidata': 'Q483551', 'brand:wikipedia': 'en:Walmart', 'check_date': '2024-11-12', 'healthcare': 'pharmacy', 'name': 'Walmart Pharmacy', 'phone': '+1 613-394-2191', 'website': 'https://www.walmart.ca/en/stores-near-me/trenton-on-3178', 'website:en': 'https://www.walmart.ca/en/stores-near-me/trenton-on-3178', 'website:fr': 'https://www.walmart.ca/fr/magasins-pres-de-chez-moi/trenton-on-3178'}}"
"{'type': 'node', 'id': 7347710096, 'lat': 44.097554, 'lon': -77.5871526, 'tags': {'addr:housenumber': '290', 'addr:postcode': 'K8V 3R9', 'addr:street': 'Dundas Street West', 'amenity': 'pharmacy', 'brand': 'Pharmasave', 'brand:wikidata': 'Q17093822', 'brand:wikipedia': 'en:Pharmasave', 'healthcare': 'pharmacy', 'name': 'Pharmasave'}}"
"{'type': 'node', 'id': 7347710097, 'lat': 44.0982572, 'lon': -77.5766741, 'tags': {'addr:housenumber': '53', 'addr:postcode': 'K8V 3S8', 'addr:street': 'Quinte Street', 'amenity': 'pharmacy', 'healthcare': 'pharmacy', 'name': 'Metro Pharmacy'}}"
"{'type': 'node', 'id': 7347710098, 'lat': 44.1035829, 'lon': -77.5541481, 'tags': {'addr:housenumber': '293', 'addr:postcode': 'K8V 1M1', 'addr:street': 'Dundas Street East', 'amenity': 'pharmacy', 'healthcare': 'pharmacy', 'name': 'Loblaw Pharmacy'}}"
"{'type': 'node', 'id': 7347772703, 'lat': 44.4832836, 'lon': -77.6823523, 'tags': {'addr:city': 'Marmora', 'addr:housenumber': '26', 'addr:postcode': 'K0K 2M0', 'addr:street': 'Forsyth Street', 'amenity': 'pharmacy', 'healthcare': 'pharmacy', 'name': ""Nickle's Pharmacy""}}"
"{'type': 'node', 'id': 7347772704, 'lat': 44.300476, 'lon': -77.5502396, 'tags': {'addr:city': 'Stirling', 'addr:housenumber': '160', 'addr:postcode': 'K0K 3E0', 'addr:street': 'North Street', 'amenity': 'pharmacy', 'brand': 'Pharmasave', 'brand:wikidata': 'Q17093822', 'brand:wikipedia': 'en:Pharmasave', 'check_date': '2022-09-30', 'healthcare': 'pharmacy', 'name': 'Pharmasave'}}"
"{'type': 'node', 'id': 7347772705, 'lat': 44.2977009, 'lon': -77.5428371, 'tags': {'addr:city': 'Stirling', 'addr:housenumber': '9', 'addr:postcode': 'K0K 3E0', 'addr:street': 'Tuftsville Road', 'amenity': 'pharmacy', 'healthcare': 'pharmacy', 'name': 'Stirling Pharmacy'}}"
"{'type': 'node', 'id': 7347772707, 'lat': 44.5053283, 'lon': -77.4715794, 'tags': {'addr:city': 'Madoc', 'addr:housenumber': '57', 'addr:postcode': 'K0K 2K0', 'addr:street': 'St. Lawrence Street East', 'amenity': 'pharmacy', 'healthcare': 'pharmacy', 'name': ""Johnston's Pharmacy""}}"
"{'type': 'node', 'id': 7347772708, 'lat': 44.4776556, 'lon': -77.3128891, 'tags': {'addr:city': 'Tweed', 'addr:housenumber': '249', 'addr:postcode': 'K0K 3J0', 'addr:street': 'Victoria Street North', 'alt_name': ""Dellar's Ida Drug Store"", 'amenity': 'pharmacy', 'brand': 'I.D.A.', 'brand:wikidata': 'Q65553883', 'check_date': '2022-10-01', 'healthcare': 'pharmacy', 'name': 'I.D.A.', 'opening_hours': 'Mo-Sa 09:00-17:30; Su 09:00-12:00', 'wheelchair': 'yes'}}"
"{'type': 'node', 'id': 7357058203, 'lat': 44.4335496, 'lon': -77.8875849, 'tags': {'addr:city': 'Havelock', 'addr:housenumber': '16', 'addr:postcode': 'K0L 1Z0', 'addr:street': 'Ottawa Street West', 'amenity': 'pharmacy', 'healthcare': 'pharmacy', 'name': 'Havelock Community Pharmacy'}}"
"{'type': 'node', 'id': 7357058205, 'lat': 44.0054696, 'lon': -77.8875219, 'tags': {'addr:city': 'Colborne', 'addr:housenumber': '3', 'addr:postcode': 'K0K 1S0', 'addr:street': 'King Street East', 'amenity': 'pharmacy', 'healthcare': 'pharmacy', 'name': 'Downey Pharmacy'}}"
"{'type': 'node', 'id': 7357058206, 'lat': 44.2014823, 'lon': -77.8859626, 'tags': {'addr:city': 'Warkworth', 'addr:housenumber': '26', 'addr:postcode': 'K0K 3K0', 'addr:street': 'Main Street', 'alt_name': 'Warkworth Pharmacy', 'amenity': 'pharmacy', 'brand': ""Remedy'sRx"", 'brand:wikidata': 'Q65553833', 'check_date': '2022-10-22', 'healthcare': 'pharmacy', 'name': ""Remedy'sRx"", 'wheelchair': 'no'}}"
"{'type': 'node', 'id': 7357058207, 'lat': 44.3116753, 'lon': -77.7907812, 'tags': {'addr:city': 'Campbellford', 'addr:housenumber': '119', 'addr:postcode': 'K0L 1L0', 'addr:street': 'Isabella Street', 'amenity': 'pharmacy', 'healthcare': 'pharmacy', 'name': 'Trent Hills Pharmacy'}}"
"{'type': 'node', 'id': 7357058208, 'lat': 44.0422966, 'lon': -77.7379394, 'tags': {'addr:city': 'Brighton', 'addr:housenumber': '24', 'addr:postcode': 'K0K 2H0', 'addr:street': 'Main Street', 'amenity': 'pharmacy', 'brand': ""Remedy'sRx"", 'brand:wikidata': 'Q65553833', 'healthcare': 'pharmacy', 'name': ""Remedy'sRx""}}"
"{'type': 'node', 'id': 7357058209, 'lat': 44.0428779, 'lon': -77.7214953, 'tags': {'addr:city': 'Brighton', 'addr:housenumber': '155', 'addr:postcode': 'K0K 1H0', 'addr:street': 'Elizabeth Street', 'amenity': 'pharmacy', 'healthcare': 'pharmacy', 'name': 'Drugstore Pharmacy'}}"
"{'type': 'node', 'id': 7431051193, 'lat': 44.0107731, 'lon': -77.1378764, 'tags': {'addr:city': 'Prince Edward', 'addr:country': 'CA', 'addr:housenumber': '346', 'addr:postcode': 'K0K 2T0', 'addr:province': 'ON', 'addr:street': 'Picton Main St', 'healthcare': 'yes', 'name': 'County Homeopathy'}}"
"{'type': 'node', 'id': 7647285850, 'lat': 44.1382142, 'lon': -77.3831071, 'tags': {'amenity': 'pharmacy', 'brand': 'Pharmasave', 'brand:wikidata': 'Q17093822', 'brand:wikipedia': 'en:Pharmasave', 'dispensing': 'yes', 'healthcare': 'pharmacy', 'name': 'Pharmasave'}}"
"{'type': 'node', 'id': 7846672585, 'lat': 44.4780897, 'lon': -77.3135631, 'tags': {'addr:housenumber': '315', 'addr:street': 'Victoria Street North', 'amenity': 'dentist', 'check_date': '2023-05-06', 'healthcare': 'dentist', 'name': 'Tweed Dental Care', 'wheelchair': 'no'}}"
"{'type': 'node', 'id': 7846759285, 'lat': 44.4770229, 'lon': -77.3127161, 'tags': {'addr:housenumber': '232', 'addr:street': 'Victoria Street North', 'amenity': 'dentist', 'check_date': '2022-10-01', 'healthcare': 'dentist', 'name': 'Victoria Street Dental Centre'}}"
"{'type': 'node', 'id': 9571986315, 'lat': 44.2579422, 'lon': -76.9546968, 'tags': {'healthcare': 'optometrist'}}"
"{'type': 'node', 'id': 9571997125, 'lat': 44.2514595, 'lon': -76.9429524, 'tags': {'healthcare': 'alternative', 'healthcare:speciality': 'chiropractic'}}"
"{'type': 'node', 'id': 9813317600, 'lat': 44.22405, 'lon': -76.6632035, 'tags': {'amenity': 'pharmacy', 'brand': 'Pharmasave', 'brand:wikidata': 'Q17093822', 'dispensing': 'yes', 'healthcare': 'pharmacy', 'name': 'Pharmasave'}}"
"{'type': 'node', 'id': 9871142485, 'lat': 44.2591351, 'lon': -76.583095, 'tags': {'amenity': 'dentist', 'healthcare': 'dentist', 'name': 'King’s Town Dental'}}"
"{'type': 'node', 'id': 10066908900, 'lat': 44.4779328, 'lon': -77.3137746, 'tags': {'amenity': 'clinic', 'check_date': '2022-10-01', 'healthcare': 'clinic', 'name': 'Community Care For Central Hastings'}}"
"{'type': 'node', 'id': 10067061650, 'lat': 44.4780157, 'lon': -77.313765, 'tags': {'amenity': 'pharmacy', 'brand': 'Pharmasave', 'brand:wikidata': 'Q17093822', 'check_date': '2023-05-06', 'healthcare': 'pharmacy', 'name': 'Pharmasave', 'payment:mastercard': 'yes', 'payment:visa': 'yes', 'wheelchair': 'yes'}}"
"{'type': 'node', 'id': 10681604163, 'lat': 44.1659426, 'lon': -77.4012769, 'tags': {'healthcare': 'physiotherapist', 'name': ""Hitchon's Physiotherapy"", 'office': 'therapy'}}"
"{'type': 'node', 'id': 11473869827, 'lat': 44.2584561, 'lon': -76.5845363, 'tags': {'amenity': 'dentist', 'healthcare': 'dentist'}}"
"{'type': 'node', 'id': 11601084527, 'lat': 44.2620702, 'lon': -76.969902, 'tags': {'addr:city': 'Napanee', 'addr:housenumber': '89', 'addr:postcode': 'K7R 3L1', 'addr:street': 'Jim Kimmett Boulevard', 'amenity': 'dentist', 'description': 'Dental office inside Walton Market', 'healthcare': 'dentist', 'name': 'Smile Shapers', 'opening_hours': 'Mo 09:00-17:00; Tu-Th 09:00-18:00; Fr 09:00-16:00', 'phone': '+1-613-354-0021', 'website': 'https://www.smileshapersnapanee.ca/'}}"
"{'type': 'node', 'id': 11781543372, 'lat': 44.1021292, 'lon': -77.579013, 'tags': {'addr:city': 'Trenton', 'addr:housenumber': '69', 'addr:province': 'ON', 'addr:street': 'Division Street', 'amenity': 'dentist', 'healthcare': 'dentist', 'opening_hours': 'Mo-We 8:30-17:00; Th 9:00-19:00; Fr 8:00-15:00; Sa ""by appointment""; Su off', 'phone': '+1-613-392-9586', 'website': 'https://trinityfamilydental.ca/'}}"
