OSM_Data
"{'type': 'node', 'id': 1278933551, 'lat': 16.9505288, 'lon': 121.1256342, 'tags': {'amenity': 'hospital', 'name': 'Cambulo Baranggay Health Care Center'}}"
"{'type': 'node', 'id': 1656101617, 'lat': 17.1281643, 'lon': 121.8661957, 'tags': {'amenity': 'pharmacy', 'brand': 'Mercury Drug', 'brand:wikidata': 'Q6818610', 'brand:wikipedia': 'en:Mercury Drug', 'healthcare': 'pharmacy', 'name': 'Mercury Drug'}}"
"{'type': 'node', 'id': 1976379578, 'lat': 17.2814179, 'lon': 121.2307646, 'tags': {'amenity': 'hospital', 'emergency': 'yes', 'name': 'Tanudan Hospital'}}"
"{'type': 'node', 'id': 2411591758, 'lat': 16.719517, 'lon': 121.5535274, 'tags': {'amenity': 'clinic', 'name': 'Rizal Health Center'}}"
"{'type': 'node', 'id': 2421564380, 'lat': 16.9389287, 'lon': 121.7739048, 'tags': {'amenity': 'pharmacy', 'brand': 'Mercury Drug', 'brand:wikidata': 'Q6818610', 'dispensing': 'yes', 'healthcare': 'pharmacy', 'name': 'Mercury Drug'}}"
"{'type': 'node', 'id': 2423933537, 'lat': 16.9400579, 'lon': 121.7688781, 'tags': {'addr:street': 'Maharlika Highway', 'amenity': 'pharmacy', 'brand': 'Mercury Drug', 'brand:wikidata': 'Q6818610', 'brand:wikipedia': 'en:Mercury Drug', 'healthcare': 'pharmacy', 'mapillary': '947043542736887', 'name': 'Mercury Drug'}}"
"{'type': 'node', 'id': 2426206007, 'lat': 16.9390935, 'lon': 121.7742555, 'tags': {'amenity': 'pharmacy', 'healthcare': 'pharmacy', 'name': 'Farmacia Chua'}}"
"{'type': 'node', 'id': 2429804777, 'lat': 17.119645, 'lon': 121.6219755, 'tags': {'amenity': 'hospital', 'name': 'Soler Hospital'}}"
"{'type': 'node', 'id': 2429846615, 'lat': 17.1202499, 'lon': 121.6168339, 'tags': {'amenity': 'pharmacy', 'brand': 'Mercury Drug', 'brand:wikidata': 'Q6818610', 'brand:wikipedia': 'en:Mercury Drug', 'healthcare': 'pharmacy', 'name': 'Mercury Drug'}}"
"{'type': 'node', 'id': 2429848624, 'lat': 17.1198526, 'lon': 121.6155276, 'tags': {'amenity': 'hospital', 'name': 'Yumena Hospital'}}"
"{'type': 'node', 'id': 2777362580, 'lat': 17.0900694, 'lon': 120.9769448, 'tags': {'addr:city': 'Poblacion', 'addr:housenumber': 'Room 203', 'addr:postcode': '2616', 'addr:street': 'Bontoc - Tabuk Road', 'alt_name': 'The Generics Pharmacy', 'amenity': 'pharmacy', 'drive_through': 'no', 'healthcare': 'pharmacy', 'name': 'TGP', 'name:abbr': 'TGP', 'opening_hours': '08:00-19:00'}}"
"{'type': 'node', 'id': 2788112751, 'lat': 17.0938036, 'lon': 120.9772494, 'tags': {'addr:city': 'Bontoc', 'amenity': 'pharmacy', 'name': 'Curamed Pharmacy'}}"
"{'type': 'node', 'id': 2798720094, 'lat': 17.0864336, 'lon': 120.9768408, 'tags': {'amenity': 'clinic', 'name': 'Municipal Health Office', 'name:en': 'MHO'}}"
"{'type': 'node', 'id': 2811332716, 'lat': 17.1334973, 'lon': 120.9836292, 'tags': {'amenity': 'clinic', 'name': 'Maligcong Health Clinic'}}"
"{'type': 'node', 'id': 3828148057, 'lat': 16.6806558, 'lon': 121.5462717, 'tags': {'amenity': 'pharmacy', 'name': 'Botikang Pinoy'}}"
"{'type': 'node', 'id': 4107238789, 'lat': 16.6075132, 'lon': 121.2548279, 'tags': {'amenity': 'doctors', 'healthcare': 'doctor', 'name': 'Rural Health Unit of Bagabag'}}"
"{'type': 'node', 'id': 4127565590, 'lat': 16.5107481, 'lon': 121.1848268, 'tags': {'addr:street': 'Plaridel Street', 'amenity': 'pharmacy', 'healthcare': 'pharmacy', 'name': 'Reta Drug'}}"
"{'type': 'node', 'id': 4213419306, 'lat': 17.0894946, 'lon': 120.9769403, 'tags': {'amenity': 'pharmacy', 'name': 'Gram Circle Pharmacy'}}"
"{'type': 'node', 'id': 4213424068, 'lat': 17.0877082, 'lon': 120.9747851, 'tags': {'healthcare': 'yes', 'name': 'Chakalan Day Care Center'}}"
"{'type': 'node', 'id': 4213717048, 'lat': 17.0896058, 'lon': 120.9769381, 'tags': {'amenity': 'pharmacy', 'name': 'Curamed Pharmacy'}}"
"{'type': 'node', 'id': 4215728895, 'lat': 17.088051, 'lon': 120.9767348, 'tags': {'addr:city': 'Bontoc', 'addr:postcode': '2616', 'addr:street': 'Halsema Highway', 'amenity': 'pharmacy', 'name': 'Archog Pharmacy'}}"
"{'type': 'node', 'id': 4230698389, 'lat': 16.7035102, 'lon': 121.6732037, 'tags': {'addr:postcode': '3309', 'addr:street': 'Provincial Road', 'amenity': 'clinic', 'email': 'tupongclinic@gmail.com', 'name': 'Tupong Maternity & Pediatric Clinic'}}"
"{'type': 'node', 'id': 4244301476, 'lat': 16.4820978, 'lon': 121.1513168, 'tags': {'addr:province': 'Cagayan', 'amenity': 'doctors', 'healthcare': 'doctor', 'name': 'Bayombong Rural Health Unit'}}"
"{'type': 'node', 'id': 4308308199, 'lat': 16.5171398, 'lon': 121.1834428, 'tags': {'amenity': 'dentist', 'healthcare': 'dentist', 'internet_access': 'wlan', 'level': '1', 'name': 'Tima Tidang-Par Dental Clinic', 'opening_hours': 'Mo-Sa 08:00-17:00'}}"
"{'type': 'node', 'id': 4394405609, 'lat': 16.3619129, 'lon': 121.7539987, 'tags': {'amenity': 'clinic', 'name': 'Villa Jose Ylanan Health Center'}}"
"{'type': 'node', 'id': 4396898089, 'lat': 16.9379101, 'lon': 121.7694368, 'tags': {'amenity': 'hospital', 'name': ""God's Will Medical Hospital"", 'name:en': ""God's Will Medical Hospital""}}"
"{'type': 'node', 'id': 4412750994, 'lat': 16.3407233, 'lon': 121.6848038, 'tags': {'amenity': 'doctors', 'healthcare': 'doctor', 'name': 'Rural Health Unit'}}"
"{'type': 'node', 'id': 4467381151, 'lat': 16.6917175, 'lon': 121.5486538, 'tags': {'amenity': 'pharmacy', 'brand': 'Mercury Drug', 'brand:wikidata': 'Q6818610', 'dispensing': 'yes', 'healthcare': 'pharmacy', 'name': 'Mercury Drug'}}"
"{'type': 'node', 'id': 4580618494, 'lat': 17.1208716, 'lon': 121.6206489, 'tags': {'addr:street': 'Roxas - Gamu Road', 'amenity': 'pharmacy', 'brand': 'Mercury Drug', 'brand:wikidata': 'Q6818610', 'brand:wikipedia': 'en:Mercury Drug', 'healthcare': 'pharmacy', 'name': 'Mercury Drug'}}"
"{'type': 'node', 'id': 4795376422, 'lat': 16.4836377, 'lon': 121.1434674, 'tags': {'addr:street': 'Zamora Street Extension', 'amenity': 'dentist', 'healthcare': 'dentist', 'name': 'Love My Teeth Dental Clinic'}}"
"{'type': 'node', 'id': 4833909995, 'lat': 16.6741294, 'lon': 121.4664437, 'tags': {'amenity': 'pharmacy', 'name': 'Southstar Drug'}}"
"{'type': 'node', 'id': 4876447726, 'lat': 16.9308009, 'lon': 121.1344059, 'tags': {'amenity': 'clinic', 'name': 'Batad Health Center'}}"
"{'type': 'node', 'id': 4951866221, 'lat': 16.5156904, 'lon': 121.1793461, 'tags': {'amenity': 'pharmacy', 'brand': 'Mercury Drug', 'brand:wikidata': 'Q6818610', 'dispensing': 'yes', 'healthcare': 'pharmacy', 'name': 'Mercury Drug', 'name:en': 'Mercury Drug'}}"
"{'type': 'node', 'id': 4951866222, 'lat': 16.5167226, 'lon': 121.1798792, 'tags': {'addr:street': 'Maharlika Highway', 'amenity': 'pharmacy', 'healthcare': 'pharmacy', 'name': 'Megatrade', 'name:en': 'Megatrade'}}"
"{'type': 'node', 'id': 5127870622, 'lat': 16.9380659, 'lon': 121.7740064, 'tags': {'amenity': 'clinic', 'name': 'Mallillin Clinic', 'name:en': 'Mallillin Clinic'}}"
"{'type': 'node', 'id': 5137499427, 'lat': 16.6881682, 'lon': 121.5503826, 'tags': {'addr:city': 'Santiago', 'addr:postcode': '3311', 'addr:street': 'Maharlika Highway', 'amenity': 'pharmacy', 'brand': 'Mercury Drug', 'brand:facebook': 'https://www.facebook.com/mercurydrugph', 'brand:website': 'https://www.mercurydrug.com/', 'brand:wikidata': 'Q6818610', 'brand:wikipedia': 'en:Mercury Drug', 'healthcare': 'pharmacy', 'name': 'Mercury Drug', 'payment:cash': 'yes'}}"
"{'type': 'node', 'id': 5365838121, 'lat': 16.6962233, 'lon': 121.6423369, 'tags': {'addr:street': 'Santiago San Agustin Road', 'amenity': 'hospital', 'name': 'Isabela South Specialist Inc.'}}"
"{'type': 'node', 'id': 5460362422, 'lat': 16.9753653, 'lon': 121.221568, 'tags': {'addr:province': 'Ifugao', 'addr:town': 'Mayoyao', 'addr:village': 'Poblacion', 'amenity': 'hospital', 'name': 'Mayoyao District Hospital', 'opening_hours': '24/7'}}"
"{'type': 'node', 'id': 5460378221, 'lat': 16.973682, 'lon': 121.2214248, 'tags': {'addr:place': 'Poblacion', 'addr:postcode': '3602', 'addr:province': 'Ifugao', 'addr:town': 'Mayoyao', 'amenity': 'doctors', 'healthcare': 'doctor', 'name': 'Rural Health Unit', 'opening_hours': 'Mo-Su 07:30-17:00'}}"
"{'type': 'node', 'id': 5594883321, 'lat': 16.4832708, 'lon': 121.1492612, 'tags': {'addr:street': 'Sergeant Leonardo B. Perez Street', 'amenity': 'pharmacy', 'brand': 'Mercury Drug', 'brand:wikidata': 'Q6818610', 'brand:wikipedia': 'en:Mercury Drug', 'dispensing': 'yes', 'healthcare': 'pharmacy', 'name': 'Mercury Drug'}}"
"{'type': 'node', 'id': 5594883322, 'lat': 16.4842155, 'lon': 121.1522512, 'tags': {'addr:country': 'PH', 'addr:postcode': '3700', 'addr:street': 'National Road', 'addr:town': 'Bayombong', 'amenity': 'pharmacy', 'dispensing': 'yes', 'drive_through': 'yes', 'healthcare': 'pharmacy', 'name': 'Venturina Drug Store'}}"
"{'type': 'node', 'id': 5686881559, 'lat': 16.3861278, 'lon': 121.1068359, 'tags': {'addr:city': 'Bambang', 'addr:province': 'Nueva Vizcaya', 'addr:street': 'General Luna Street', 'amenity': 'clinic', 'name': ""Saquing's Clinic""}}"
"{'type': 'node', 'id': 5740761446, 'lat': 16.2533061, 'lon': 121.7190776, 'tags': {'healthcare': 'yes', 'name': 'Barangay Health Center'}}"
"{'type': 'node', 'id': 5740761474, 'lat': 16.1808737, 'lon': 121.5869162, 'tags': {'amenity': 'pharmacy', 'dispensing': 'yes', 'healthcare': 'pharmacy', 'name': 'Botica ng Bayan'}}"
"{'type': 'node', 'id': 5746591252, 'lat': 16.5221106, 'lon': 121.1930943, 'tags': {'addr:street': 'Maharlika Highway', 'amenity': 'hospital', 'healthcare': 'hospital', 'name': 'Salubris Medical Center', 'opening_hours': '24/7'}}"
"{'type': 'node', 'id': 5783227070, 'lat': 16.8119409, 'lon': 121.1407688, 'tags': {'healthcare': 'yes', 'name': 'Birthing Clinic'}}"
"{'type': 'node', 'id': 5783227099, 'lat': 16.8127065, 'lon': 121.1217912, 'tags': {'amenity': 'clinic', 'healthcare': 'clinic', 'name': 'Barangay Clinic'}}"
"{'type': 'node', 'id': 5783227109, 'lat': 16.8175369, 'lon': 121.1013115, 'tags': {'healthcare': 'yes', 'name': 'Barangay Health Station'}}"
"{'type': 'node', 'id': 5783227130, 'lat': 16.8101921, 'lon': 121.1049904, 'tags': {'healthcare': 'yes', 'name': 'Provincial Health Office'}}"
"{'type': 'node', 'id': 5783706792, 'lat': 16.8546843, 'lon': 121.1111765, 'tags': {'amenity': 'clinic', 'name': 'Barangay Health Station'}}"
"{'type': 'node', 'id': 5783706797, 'lat': 16.8520425, 'lon': 121.0996266, 'tags': {'healthcare': 'yes', 'name': 'Hingyon Rural Health Center'}}"
"{'type': 'node', 'id': 5783706798, 'lat': 16.8517649, 'lon': 121.0995951, 'tags': {'amenity': 'clinic', 'healthcare': 'birthing_centre', 'name': 'Birthing Clinic'}}"
"{'type': 'node', 'id': 6471733486, 'lat': 17.1320283, 'lon': 121.8689051, 'tags': {'addr:full': 'Isabela Provincial Health Office, Isabela Provincial Capitol City of Ilagan, Isabela', 'contact:phone': '+63 78 622-3267, +63 78 624-1259', 'contact:website': 'https://www.pmha.org.ph/about-pmha/pmha-chapters.html', 'fee': 'yes', 'healthcare': 'psychotherapist', 'indoor': 'yes', 'name': 'Gov. Faustino N. Dy Memorial Hospital', 'operator:type': 'Government', 'wheelchair': 'yes'}}"
"{'type': 'node', 'id': 6471776285, 'lat': 16.4862509, 'lon': 121.1600643, 'tags': {'addr:full': 'Provincial Government of Nueva Vizcaya, Provincial Capitol, Bayombong, Province of Nueva Vizcaya', 'contact:email': 'arnel_magdirila@yahoo.com', 'contact:phone': '+63 918 561-1417; +63 78 321-2755, +63 78 803-1003', 'fee': 'yes', 'healthcare': 'psychotherapist', 'indoor': 'yes', 'name': 'Provincial Health Office, Nueva Vizcaya', 'operator:type': 'Government', 'wheelchair': 'yes'}}"
"{'type': 'node', 'id': 7119725288, 'lat': 16.3618644, 'lon': 120.8887357, 'tags': {'amenity': 'hospital'}}"
"{'type': 'node', 'id': 7342298748, 'lat': 16.6605641, 'lon': 121.368942, 'tags': {'addr:city': 'Diadi', 'addr:postcode': '3712', 'amenity': 'clinic', 'healthcare': 'clinic', 'healthcare:speciality': 'general', 'name': 'Diadi Municipal Health Station', 'opening_hours': 'Mo-Fr 08:00-17:00', 'operator': 'LGUDiadi'}}"
"{'type': 'node', 'id': 7561968790, 'lat': 16.9396524, 'lon': 121.768274, 'tags': {'addr:street': 'Maharlika Highway', 'amenity': 'pharmacy', 'brand': 'Generika', 'brand:wikidata': 'Q62564876', 'healthcare': 'pharmacy', 'name': 'Generika'}}"
"{'type': 'node', 'id': 7597482585, 'lat': 16.5150732, 'lon': 121.5378976, 'tags': {'addr:full': 'Cordon-Diffun-Maddela-Aurora Rd, Cabarroguis, Quirino', 'contact:phone': '+6378 692 5077', 'contact:website': 'http://quirinoprovince.org/provincial-hospital/', 'fee': 'yes', 'healthcare': 'psychotherapist', 'indoor': 'yes', 'name': 'Quirino Province Medical Center'}}"
"{'type': 'node', 'id': 8022914233, 'lat': 16.5171856, 'lon': 121.1796311, 'tags': {'amenity': 'clinic', 'healthcare': 'clinic', 'name': 'Cariaga-Uy Medical Clinic'}}"
"{'type': 'node', 'id': 8042414636, 'lat': 17.3076503, 'lon': 121.7772497, 'tags': {'amenity': 'hospital', 'healthcare': 'hospital', 'name': 'St. Joseph Hospital'}}"
"{'type': 'node', 'id': 8043556720, 'lat': 17.3312703, 'lon': 121.7626026, 'tags': {'amenity': 'clinic', 'healthcare': 'clinic', 'name': 'San Jose Health Center'}}"
"{'type': 'node', 'id': 8120617006, 'lat': 16.8107599, 'lon': 121.7222111, 'tags': {'addr:postcode': '3306', 'addr:street': 'Maharlika Highway', 'addr:town': 'Alicia', 'addr:village': 'Paddad', 'amenity': 'pharmacy', 'facebook': 'https://www.facebook.com/bfdrugstore', 'level': '0', 'name': 'Belle Famille Drugstore'}}"
"{'type': 'node', 'id': 8345877684, 'lat': 16.4832713, 'lon': 121.1343044, 'tags': {'amenity': 'doctors', 'contact:phone': '+6378 8053561 loc. 1225', 'description': 'DOH HIV Treatment Hub, VAWC', 'healthcare': 'doctor', 'infection:hiv': 'yes', 'operator': 'Veterans Regional Hospital', 'operator:type': 'government'}}"
"{'type': 'node', 'id': 8377320064, 'lat': 16.5166138, 'lon': 121.1782843, 'tags': {'amenity': 'hospital', 'emergency': 'yes', 'healthcare': 'hospital', 'healthcare:speciality': 'general', 'name': 'MMG'}}"
"{'type': 'node', 'id': 8841102487, 'lat': 16.5544985, 'lon': 121.7323538, 'tags': {'healthcare': 'yes', 'name': 'BARANGAY HEALTH CENTER'}}"
"{'type': 'node', 'id': 8863619148, 'lat': 16.5211755, 'lon': 121.1818989, 'tags': {'amenity': 'clinic', 'healthcare': 'optometrist', 'name': 'St. Lucy’s Cataract & Laser Eye Center', 'operator': 'Don Santiago B. Urmaza Sr. Memorial Foundation Inc'}}"
"{'type': 'node', 'id': 9291587417, 'lat': 16.8651686, 'lon': 121.7490502, 'tags': {'addr:street': 'Maharlika Highway', 'amenity': 'hospital', 'name': 'renz specialist'}}"
"{'type': 'node', 'id': 9291590817, 'lat': 17.0051519, 'lon': 121.8061709, 'tags': {'addr:street': 'Maharlika Highway', 'amenity': 'hospital', 'name': 'renmar specialist'}}"
"{'type': 'node', 'id': 9760847217, 'lat': 16.5176859, 'lon': 121.1798397, 'tags': {'addr:street': 'National Highway', 'amenity': 'pharmacy', 'brand': 'Mercury Drug', 'brand:wikidata': 'Q6818610', 'dispensing': 'yes', 'healthcare': 'pharmacy', 'name': 'Mercury Drug'}}"
"{'type': 'node', 'id': 9916130474, 'lat': 16.8007252, 'lon': 121.1260052, 'tags': {'addr:city': 'Lagawe', 'addr:postcode': '3600', 'addr:street': 'Inggiling Drive', 'healthcare': 'centre', 'name': 'Poblacion East Health Center'}}"
"{'type': 'node', 'id': 9916237190, 'lat': 16.7644443, 'lon': 121.1422353, 'tags': {'addr:city': 'Kiangan', 'addr:postcode': '3604', 'addr:street': 'Nueva Vizcaya - Ifugao - Mountain Province Road', 'healthcare': 'centre', 'name': 'Balunglung Health Center'}}"
"{'type': 'node', 'id': 9944098051, 'lat': 17.0844137, 'lon': 120.900841, 'tags': {'amenity': 'pharmacy', 'healthcare': 'pharmacy', 'level': '1', 'name': 'Shanelle Pharmacy', 'wheelchair': 'no'}}"
"{'type': 'node', 'id': 9944098052, 'lat': 17.0841991, 'lon': 120.9003542, 'tags': {'amenity': 'pharmacy', 'healthcare': 'pharmacy', 'level': '0', 'name': 'The Generics Pharmacy', 'wheelchair': 'yes'}}"
"{'type': 'node', 'id': 10074455455, 'lat': 16.6871356, 'lon': 121.5425596, 'tags': {'amenity': 'pharmacy', 'brand': 'South Star Drug', 'brand:wikidata': 'Q7568544', 'dispensing': 'yes', 'healthcare': 'pharmacy', 'name': 'South Star Drug'}}"
"{'type': 'node', 'id': 10074455469, 'lat': 16.6893472, 'lon': 121.5470463, 'tags': {'amenity': 'pharmacy', 'brand': 'Mercury Drug', 'brand:wikidata': 'Q6818610', 'dispensing': 'yes', 'healthcare': 'pharmacy', 'name': 'Mercury Drug'}}"
"{'type': 'node', 'id': 10079131827, 'lat': 16.6918992, 'lon': 121.5550099, 'tags': {'amenity': 'pharmacy', 'brand': 'Mercury Drug', 'brand:wikidata': 'Q6818610', 'dispensing': 'yes', 'healthcare': 'pharmacy', 'name': 'Mercury Drug'}}"
"{'type': 'node', 'id': 10186914217, 'lat': 16.6873971, 'lon': 121.5472416, 'tags': {'addr:street': 'Maharlika Highway', 'amenity': 'pharmacy', 'name': 'Lovens pharmacy'}}"
"{'type': 'node', 'id': 10296958685, 'lat': 16.5155831, 'lon': 121.1862338, 'tags': {'amenity': 'dentist', 'healthcare': 'dentist', 'name': 'Gallevo-Marzan Dental Care Clinic'}}"
"{'type': 'node', 'id': 10296958686, 'lat': 16.5155738, 'lon': 121.1862241, 'tags': {'amenity': 'clinic', 'healthcare': 'clinic', 'healthcare:speciality': 'dermatology', 'name': 'JVP SK/N Clinic & Facial Center'}}"
"{'type': 'node', 'id': 10602670220, 'lat': 16.4893788, 'lon': 121.159734, 'tags': {'amenity': 'clinic', 'healthcare': 'clinic', 'name': 'JHR Medical Clinic'}}"
"{'type': 'node', 'id': 10691672387, 'lat': 16.9398284, 'lon': 121.7661732, 'tags': {'amenity': 'pharmacy', 'contact:facebook': 'https://www.facebook.com/people/Biomediko-Pharmacy/100077320935223/', 'name': 'Biomediko Pharmacy'}}"
"{'type': 'node', 'id': 10705570305, 'lat': 16.9113473, 'lon': 121.0623991, 'tags': {'amenity': 'clinic', 'name': 'Banaue Municipal Health Office'}}"
"{'type': 'node', 'id': 10705570407, 'lat': 16.9119802, 'lon': 121.0612352, 'tags': {'amenity': 'pharmacy', 'name': 'Mega Generics Pharmacy'}}"
"{'type': 'node', 'id': 10735220186, 'lat': 16.5179622, 'lon': 121.1815819, 'tags': {'amenity': 'pharmacy', 'brand': 'The Generics Pharmacy', 'brand:wikidata': 'Q61948677', 'healthcare': 'pharmacy', 'name': 'TGP', 'official_name': 'The Generics Pharmacy'}}"
"{'type': 'node', 'id': 10735220196, 'lat': 16.5177009, 'lon': 121.1814242, 'tags': {'amenity': 'pharmacy', 'healthcare': 'pharmacy', 'name': 'Farmacia Solonio'}}"
"{'type': 'node', 'id': 10735220199, 'lat': 16.5176516, 'lon': 121.1815432, 'tags': {'amenity': 'clinic', 'healthcare': 'clinic', 'healthcare:speciality': 'otolaryngology;ophthalmology', 'name': 'Solano EENT & Optical Clinic'}}"
"{'type': 'node', 'id': 10735220202, 'lat': 16.5176279, 'lon': 121.1816119, 'tags': {'amenity': 'pharmacy', 'healthcare': 'pharmacy', 'name': 'Megatrade Drugstore'}}"
"{'type': 'node', 'id': 10735222416, 'lat': 16.5171352, 'lon': 121.1799385, 'tags': {'amenity': 'pharmacy', 'healthcare': 'pharmacy', 'name': ""St. Jude's Pharmacy""}}"
"{'type': 'node', 'id': 10735222417, 'lat': 16.5171259, 'lon': 121.1799299, 'tags': {'amenity': 'clinic', 'healthcare': 'clinic', 'name': 'Campos-Manansala Kids Clinic'}}"
"{'type': 'node', 'id': 10735222418, 'lat': 16.5171249, 'lon': 121.1799535, 'tags': {'amenity': 'doctors', 'healthcare': 'doctor', 'healthcare:speciality': 'urology', 'name': 'Calata Urology Clinic'}}"
"{'type': 'node', 'id': 10735222429, 'lat': 16.5167885, 'lon': 121.1798365, 'tags': {'amenity': 'clinic', 'healthcare': 'clinic', 'name': 'New Era Medical Clinic'}}"
"{'type': 'node', 'id': 10743068463, 'lat': 16.1586157, 'lon': 120.9382141, 'tags': {'amenity': 'pharmacy', 'name': 'Venice Pharmacy'}}"
"{'type': 'node', 'id': 10743068481, 'lat': 16.1583213, 'lon': 120.9378165, 'tags': {'amenity': 'pharmacy', 'name': 'Lunas Pharmacy'}}"
"{'type': 'node', 'id': 10758023263, 'lat': 16.2122515, 'lon': 121.2325856, 'tags': {'healthcare': 'yes', 'name': 'RHU Macabenga'}}"
"{'type': 'node', 'id': 10758023271, 'lat': 16.0883958, 'lon': 121.3496015, 'tags': {'healthcare': 'clinic', 'healthcare:speciality': 'birthing_facility', 'name': 'BHS New Gumiad', 'operator': 'LGU Dupax del Norte- MHO'}}"
"{'type': 'node', 'id': 10758023272, 'lat': 16.0883289, 'lon': 121.3495108, 'tags': {'healthcare': 'clinic', 'name': 'RHU New Gumiad', 'operator': 'LGU Dupax del Norte -MHO'}}"
"{'type': 'node', 'id': 10758027880, 'lat': 16.1605109, 'lon': 121.3230306, 'tags': {'healthcare': 'yes', 'name': 'RHU Yabbi'}}"
"{'type': 'node', 'id': 10758027881, 'lat': 16.1601796, 'lon': 121.3233655, 'tags': {'healthcare': 'yes', 'name': 'Barangay Health Station Yabbi'}}"
"{'type': 'node', 'id': 10758281148, 'lat': 16.2697619, 'lon': 121.2564487, 'tags': {'healthcare': 'yes', 'name': 'BHS Bulala', 'operator': 'LGU Dupax del Norte - MHO'}}"
"{'type': 'node', 'id': 10792852051, 'lat': 16.5172722, 'lon': 121.1819722, 'tags': {'amenity': 'pharmacy', 'brand': 'Generika', 'brand:wikidata': 'Q62564876', 'dispensing': 'yes', 'healthcare': 'pharmacy', 'name': 'Generika'}}"
"{'type': 'node', 'id': 10792852053, 'lat': 16.5172876, 'lon': 121.1819915, 'tags': {'amenity': 'clinic', 'healthcare': 'clinic', 'healthcare:speciality': 'orthodontics;dentistry', 'name': 'Javonillo-Palitayan Dental Clinic'}}"
"{'type': 'node', 'id': 10865400368, 'lat': 17.086576, 'lon': 120.9763873, 'tags': {'amenity': 'pharmacy', 'name': 'Generika Drugstore'}}"
"{'type': 'node', 'id': 10865464274, 'lat': 17.088854, 'lon': 120.9764028, 'tags': {'amenity': 'pharmacy', 'name': 'CFB Pharmacy'}}"
"{'type': 'node', 'id': 11161457815, 'lat': 16.991543, 'lon': 121.6358198, 'tags': {'amenity': 'pharmacy', 'name': 'Generika Drugstore'}}"
"{'type': 'node', 'id': 11161457817, 'lat': 16.9916315, 'lon': 121.6357997, 'tags': {'amenity': 'pharmacy', 'name': 'TGP'}}"
"{'type': 'node', 'id': 11171429320, 'lat': 16.9533906, 'lon': 121.6707301, 'tags': {'addr:city': 'Cabatuan', 'addr:province': 'Isabela', 'addr:street': 'San Vicente Street', 'email': 'equaltherapycenter@gmail.com', 'healthcare': 'speech_therapist;occupational_therapist', 'mobile': '+63 091 711 2382', 'name': 'E-qual Therapy Center', 'source': 'PASP'}}"
"{'type': 'node', 'id': 11171873720, 'lat': 16.6827481, 'lon': 121.545829, 'tags': {'addr:city': 'Santiago City', 'addr:district': 'Victor', 'addr:housenumber': '23', 'addr:province': 'Isabela', 'addr:street': 'P. Burgos Street', 'email': 'kristeljoyce.cunanan.crs@ust.edu.ph', 'healthcare': 'speech_therapist;occupational_therapist', 'mobile': '+63 091 527 4722', 'name': 'Blausome Therapy Center', 'source': 'PASP;local knowledge'}}"
"{'type': 'node', 'id': 11171913969, 'lat': 16.6905627, 'lon': 121.5496096, 'tags': {'addr:city': 'Santiago', 'addr:housenumber': '2', 'addr:province': 'Isabela', 'addr:street': 'Carreon Street', 'addr:unit': 'Unit', 'email': 'tpltherapycenter@gmail.com', 'healthcare': 'speech_therapist;occupational_therapist', 'mobile': '+63 091 785 4694', 'name': 'Tpl Therapy Center', 'source': 'PASP'}}"
"{'type': 'node', 'id': 11806462169, 'lat': 16.9651822, 'lon': 121.7698183, 'tags': {'amenity': 'pharmacy', 'name': 'Day to Day Pharmacy'}}"
"{'type': 'node', 'id': 12188244374, 'lat': 16.5559315, 'lon': 121.7030114, 'tags': {'amenity': 'pharmacy', 'healthcare': 'pharmacy', 'name': 'Jasi Pharmacy'}}"
"{'type': 'node', 'id': 12188244380, 'lat': 16.5562627, 'lon': 121.7030476, 'tags': {'amenity': 'pharmacy', 'healthcare': 'pharmacy', 'name': ""Bingking's Pharmacy""}}"
"{'type': 'node', 'id': 12188335696, 'lat': 16.5570856, 'lon': 121.7028401, 'tags': {'amenity': 'pharmacy', 'healthcare': 'pharmacy', 'name': ""Angel's Pharmacy"", 'shop': 'chemist'}}"
"{'type': 'node', 'id': 12188367021, 'lat': 16.5571943, 'lon': 121.7023773, 'tags': {'amenity': 'dentist', 'healthcare': 'dentist', 'name': 'TE DENTAL CLINIC'}}"
"{'type': 'node', 'id': 12188367023, 'lat': 16.5573444, 'lon': 121.7023649, 'tags': {'amenity': 'clinic', 'healthcare': 'clinic', 'name': 'BUTARAN CLINIC'}}"
"{'type': 'node', 'id': 12188412862, 'lat': 16.5577905, 'lon': 121.7038293, 'tags': {'amenity': 'dentist', 'healthcare': 'dentist', 'name': 'FAMILY DENTAL CLINIC'}}"
"{'type': 'node', 'id': 12188419640, 'lat': 16.556244, 'lon': 121.7053566, 'tags': {'amenity': 'dentist', 'healthcare': 'dentist', 'name': 'DR JENELYN LAGUATAN-FAJARDO CLINIC'}}"
"{'type': 'node', 'id': 12188441054, 'lat': 16.5567425, 'lon': 121.6999518, 'tags': {'healthcare': 'birthing_centre', 'name': 'BLESSED BIRTHING CLINIQUE'}}"
"{'type': 'node', 'id': 12188441055, 'lat': 16.5580772, 'lon': 121.7007396, 'tags': {'healthcare': 'birthing_centre', 'name': 'Von Lord Birthing Home'}}"
"{'type': 'node', 'id': 12192107251, 'lat': 16.5457183, 'lon': 121.6585841, 'tags': {'healthcare': 'yes', 'name': 'BARANGAY HEALTH CENTER'}}"
"{'type': 'node', 'id': 12192107252, 'lat': 16.5714211, 'lon': 121.6554925, 'tags': {'healthcare': 'yes', 'name': 'BARANGAY HEALTH CENTER'}}"
"{'type': 'node', 'id': 12192107253, 'lat': 16.548632, 'lon': 121.6721864, 'tags': {'healthcare': 'yes', 'name': 'BARANGAY HEALTH CENTER'}}"
"{'type': 'node', 'id': 12192107254, 'lat': 16.5796688, 'lon': 121.6786176, 'tags': {'healthcare': 'yes', 'name': 'BARANGAY HEALTH CENTER'}}"
"{'type': 'node', 'id': 12192107255, 'lat': 16.5946767, 'lon': 121.6800096, 'tags': {'healthcare': 'yes', 'name': 'BARANGAY HEALTH CENTER'}}"
"{'type': 'node', 'id': 12192107256, 'lat': 16.5813097, 'lon': 121.7017355, 'tags': {'healthcare': 'yes', 'name': 'BARANGAY HEALTH CENTER'}}"
"{'type': 'node', 'id': 12192107257, 'lat': 16.5516807, 'lon': 121.6997819, 'tags': {'amenity': 'health_post', 'healthcare': 'yes', 'name': 'Barangay 2 Health Center'}}"
"{'type': 'node', 'id': 12192107258, 'lat': 16.557902, 'lon': 121.7041502, 'tags': {'amenity': 'health_post', 'healthcare': 'yes', 'name': 'Barangay 1 Health Center'}}"
"{'type': 'node', 'id': 12192107259, 'lat': 16.5650184, 'lon': 121.7084299, 'tags': {'amenity': 'health_post', 'healthcare': 'yes', 'name': 'San Vicente Health Center'}}"
"{'type': 'node', 'id': 12192107260, 'lat': 16.5291634, 'lon': 121.6596182, 'tags': {'healthcare': 'yes', 'name': 'BARANGAY HEALTH CENTER'}}"
"{'type': 'node', 'id': 12192107261, 'lat': 16.5277439, 'lon': 121.6417138, 'tags': {'healthcare': 'yes', 'name': 'BARANGAY HEALTH CENTER'}}"
"{'type': 'node', 'id': 12192242031, 'lat': 16.499236, 'lon': 121.6678457, 'tags': {'healthcare': 'yes', 'name': 'BARANGAY HEALTH CENTER'}}"
"{'type': 'node', 'id': 12192242032, 'lat': 16.5058077, 'lon': 121.6712557, 'tags': {'healthcare': 'yes', 'name': 'BARANGAY HEALTH CENTER'}}"
"{'type': 'node', 'id': 12192242033, 'lat': 16.5118586, 'lon': 121.672281, 'tags': {'healthcare': 'yes', 'name': 'BARANGAY HEALTH CENTER'}}"
"{'type': 'node', 'id': 12192242034, 'lat': 16.5186672, 'lon': 121.6806209, 'tags': {'healthcare': 'yes', 'name': 'BARANGAY HEALTH CENTER'}}"
"{'type': 'node', 'id': 12192242039, 'lat': 16.5277616, 'lon': 121.6751103, 'tags': {'healthcare': 'yes', 'name': 'BARANGAY HEALTH CENTER'}}"
"{'type': 'node', 'id': 12192242040, 'lat': 16.5394698, 'lon': 121.6827405, 'tags': {'healthcare': 'yes', 'name': 'BARANGAY HEALTH CENTER'}}"
"{'type': 'node', 'id': 12192242041, 'lat': 16.5423066, 'lon': 121.7101973, 'tags': {'healthcare': 'yes', 'name': 'BARANGAY HEALTH CENTER'}}"
"{'type': 'node', 'id': 12192242042, 'lat': 16.5488577, 'lon': 121.7154773, 'tags': {'healthcare': 'yes', 'name': 'BARANGAY HEALTH CENTER'}}"
"{'type': 'node', 'id': 12192242043, 'lat': 16.5534591, 'lon': 121.7198227, 'tags': {'healthcare': 'yes', 'name': 'BARANGAY HEALTH CENTER'}}"
"{'type': 'node', 'id': 12192242048, 'lat': 16.5230362, 'lon': 121.7227974, 'tags': {'healthcare': 'yes', 'name': 'BARANGAY HEALTH CENTER'}}"
"{'type': 'node', 'id': 12192262223, 'lat': 16.5419014, 'lon': 121.7329234, 'tags': {'healthcare': 'yes', 'name': 'BARANGAY HEALTH CENTER'}}"
"{'type': 'node', 'id': 12192262224, 'lat': 16.519059, 'lon': 121.7651031, 'tags': {'healthcare': 'yes', 'name': 'BARANGAY HEALTH CENTER'}}"
"{'type': 'node', 'id': 12192262225, 'lat': 16.5441062, 'lon': 121.8091991, 'tags': {'healthcare': 'yes', 'name': 'LINOMOT BARANGAY HALL'}}"
"{'type': 'node', 'id': 12192262226, 'lat': 16.5314153, 'lon': 121.8347083, 'tags': {'healthcare': 'yes', 'name': 'BARANGAY HEALTH CENTER'}}"
"{'type': 'node', 'id': 12192262227, 'lat': 16.5735527, 'lon': 121.7210767, 'tags': {'healthcare': 'yes', 'name': 'BARANGAY HEALTH CENTER'}}"
