OSM_Data
"{'type': 'node', 'id': 254512290, 'lat': 42.9905095, 'lon': -81.2737412, 'tags': {'amenity': 'pharmacy', 'brand': 'Shoppers Drug Mart', 'brand:wikidata': 'Q1820137', 'brand:wikipedia': 'en:Shoppers Drug Mart', 'healthcare': 'pharmacy', 'name': 'Shoppers Drug Mart', 'website': 'https://www.shoppersdrugmart.ca/en/store-locator/store/968', 'website:en': 'https://www.shoppersdrugmart.ca/en/store-locator/store/968', 'website:fr': 'https://www.shoppersdrugmart.ca/fr/store-locator/store/968'}}"
"{'type': 'node', 'id': 734548780, 'lat': 42.958909, 'lon': -81.3311763, 'tags': {'amenity': 'pharmacy', 'brand': 'Rexall', 'brand:wikidata': 'Q7319360', 'brand:wikipedia': 'en:Rexall', 'dispensing': 'yes', 'healthcare': 'pharmacy', 'name': 'Rexall', 'operator': 'Rexall'}}"
"{'type': 'node', 'id': 774053650, 'lat': 42.9889701, 'lon': -81.2773672, 'tags': {'amenity': 'dentist', 'healthcare': 'dentist', 'name': 'Dr Awde'}}"
"{'type': 'node', 'id': 803551189, 'lat': 43.1631504, 'lon': -81.6835393, 'tags': {'amenity': 'pharmacy'}}"
"{'type': 'node', 'id': 987395447, 'lat': 43.4426051, 'lon': -80.5442485, 'tags': {'amenity': 'pharmacy', 'brand': 'Rexall', 'brand:wikidata': 'Q7319360', 'brand:wikipedia': 'en:Rexall', 'healthcare': 'pharmacy', 'name': 'Rexall'}}"
"{'type': 'node', 'id': 1252398522, 'lat': 43.3798325, 'lon': -80.7108194, 'tags': {'addr:housenumber': '100', 'addr:postcode': 'N3A 1R1', 'addr:street': 'Mill Street', 'amenity': 'pharmacy', 'brand': 'Pharmasave', 'brand:wikidata': 'Q17093822', 'brand:wikipedia': 'en:Pharmasave', 'dispensing': 'yes', 'healthcare': 'pharmacy', 'name': 'Pharmasave', 'opening_hours': 'Mo-Fr 09:00-19:00; Sa 09:00-17:00'}}"
"{'type': 'node', 'id': 1252398820, 'lat': 43.3781014, 'lon': -80.7110447, 'tags': {'addr:housenumber': '75', 'addr:postcode': 'N3A 1K1', 'addr:street': 'Huron Street', 'amenity': 'pharmacy', 'dispensing': 'yes', 'healthcare': 'pharmacy', 'name': ""Cook's Pharmacy""}}"
"{'type': 'node', 'id': 1287909215, 'lat': 43.1343965, 'lon': -80.7325518, 'tags': {'amenity': 'pharmacy', 'brand': 'Shoppers Drug Mart', 'brand:wikidata': 'Q1820137', 'brand:wikipedia': 'en:Shoppers Drug Mart', 'dispensing': 'yes', 'healthcare': 'pharmacy', 'name': 'Shoppers Drug Mart', 'website': 'https://www.shoppersdrugmart.ca/en/store-locator/store/1172', 'website:en': 'https://www.shoppersdrugmart.ca/en/store-locator/store/1172', 'website:fr': 'https://www.shoppersdrugmart.ca/fr/store-locator/store/1172'}}"
"{'type': 'node', 'id': 1346361096, 'lat': 43.019861, 'lon': -81.3103417, 'tags': {'amenity': 'pharmacy', 'brand': 'Shoppers Drug Mart', 'brand:wikidata': 'Q1820137', 'brand:wikipedia': 'en:Shoppers Drug Mart', 'dispensing': 'yes', 'healthcare': 'pharmacy', 'name': 'Shoppers Drug Mart', 'website': 'https://www.shoppersdrugmart.ca/en/store-locator/store/1328', 'website:en': 'https://www.shoppersdrugmart.ca/en/store-locator/store/1328', 'website:fr': 'https://www.shoppersdrugmart.ca/fr/store-locator/store/1328'}}"
"{'type': 'node', 'id': 1377787372, 'lat': 42.9924531, 'lon': -81.2641321, 'tags': {'amenity': 'doctors', 'healthcare': 'doctor', 'name': 'Health Network'}}"
"{'type': 'node', 'id': 1420220256, 'lat': 43.188216, 'lon': -81.4033757, 'tags': {'amenity': 'pharmacy', 'name': 'Lucan Drug Mart'}}"
"{'type': 'node', 'id': 1525369278, 'lat': 42.9845041, 'lon': -81.2502942, 'tags': {'amenity': 'pharmacy', 'brand': 'Shoppers Drug Mart', 'brand:wikidata': 'Q1820137', 'brand:wikipedia': 'en:Shoppers Drug Mart', 'dispensing': 'no', 'healthcare': 'pharmacy', 'name': 'Shoppers Drug Mart', 'website': 'https://www.shoppersdrugmart.ca/en/store-locator/store/736', 'website:en': 'https://www.shoppersdrugmart.ca/en/store-locator/store/736', 'website:fr': 'https://www.shoppersdrugmart.ca/fr/store-locator/store/736', 'wheelchair': 'yes'}}"
"{'type': 'node', 'id': 1550688974, 'lat': 43.0048156, 'lon': -81.3047623, 'tags': {'amenity': 'pharmacy', 'brand': 'Shoppers Drug Mart', 'brand:wikidata': 'Q1820137', 'brand:wikipedia': 'en:Shoppers Drug Mart', 'dispensing': 'yes', 'healthcare': 'pharmacy', 'name': 'Shoppers Drug Mart', 'website': 'https://www.shoppersdrugmart.ca/en/store-locator/store/768', 'website:en': 'https://www.shoppersdrugmart.ca/en/store-locator/store/768', 'website:fr': 'https://www.shoppersdrugmart.ca/fr/store-locator/store/768'}}"
"{'type': 'node', 'id': 1616131240, 'lat': 43.4398743, 'lon': -80.5090814, 'tags': {'amenity': 'pharmacy', 'healthcare': 'pharmacy', 'note': 'inside Sobeys grocery store'}}"
"{'type': 'node', 'id': 1616144207, 'lat': 43.4380272, 'lon': -80.5123673, 'tags': {'addr:housenumber': '370', 'addr:street': 'Highland Road West', 'addr:unit': '2', 'healthcare': 'physiotherapist', 'healthcare:speciality': 'chiropractic;general', 'name': 'Activaclinics', 'website': 'https://activaclinics.com/locations/kitchener-clinic/'}}"
"{'type': 'node', 'id': 1616144221, 'lat': 43.4375763, 'lon': -80.5119084, 'tags': {'amenity': 'pharmacy', 'drive_through': 'no', 'healthcare': 'pharmacy', 'operator': 'Food Basics'}}"
"{'type': 'node', 'id': 1616159705, 'lat': 43.437033, 'lon': -80.5114618, 'tags': {'amenity': 'dentist', 'healthcare': 'dentist', 'name': 'Denture Clinic'}}"
"{'type': 'node', 'id': 1616159706, 'lat': 43.4346733, 'lon': -80.5151241, 'tags': {'amenity': 'dentist', 'healthcare': 'dentist', 'name': 'Dr. Michael C. Bensky', 'phone': '+1-519-744-5335'}}"
"{'type': 'node', 'id': 1726014293, 'lat': 43.4463869, 'lon': -80.5749056, 'tags': {'addr:housenumber': '668', 'addr:street': 'Erb Street West', 'addr:unit': 'B4', 'amenity': 'dentist', 'check_date': '2024-08-17', 'contact:facebook': 'https://www.facebook.com/erbsvilledental.ca/', 'email': 'info@erbsvilledental.ca', 'healthcare': 'dentist', 'name': 'Erbsville Dentist', 'opening_hours': 'Mo-Tu,Fr 09:00-17:00; We-Th 09:00-20:00', 'operator': 'Dr. Stephen Mathews', 'phone': '+1 5193421166', 'website': 'https://erbsvilledental.ca/', 'wheelchair': 'yes'}}"
"{'type': 'node', 'id': 1838304910, 'lat': 43.4456368, 'lon': -80.5717932, 'tags': {'amenity': 'dentist', 'healthcare': 'dentist', 'name': 'Dentistry on Erb', 'note': 'unit 400', 'opening_hours': 'Mo,We 09:30-18:00; Tu,Th 09:30-17:00; Fr 09:30-15:00', 'website': 'http://www.dentistryonerb.com/'}}"
"{'type': 'node', 'id': 1838329313, 'lat': 43.4244267, 'lon': -80.5535901, 'tags': {'addr:housenumber': '235', 'addr:street': 'Ira Needles Boulevard', 'amenity': 'dentist', 'healthcare': 'dentist', 'name': 'Dawson Dental', 'phone': '+1-519-742-2010', 'website': 'https://dawsondental.ca/locations/kitchener-dentist/'}}"
"{'type': 'node', 'id': 1917479348, 'lat': 42.9378842, 'lon': -81.2781415, 'tags': {'amenity': 'pharmacy', 'dispensing': 'yes'}}"
"{'type': 'node', 'id': 1999241596, 'lat': 42.7851704, 'lon': -81.1759544, 'tags': {'amenity': 'pharmacy', 'brand': 'Shoppers Drug Mart', 'brand:wikidata': 'Q1820137', 'brand:wikipedia': 'en:Shoppers Drug Mart', 'dispensing': 'yes', 'healthcare': 'pharmacy', 'name': 'Shoppers Drug Mart', 'website': 'https://www.shoppersdrugmart.ca/en/store-locator/store/738', 'website:en': 'https://www.shoppersdrugmart.ca/en/store-locator/store/738', 'website:fr': 'https://www.shoppersdrugmart.ca/fr/store-locator/store/738'}}"
"{'type': 'node', 'id': 2059258629, 'lat': 42.9576553, 'lon': -81.2323093, 'tags': {'amenity': 'pharmacy', 'brand': 'Shoppers Drug Mart', 'brand:wikidata': 'Q1820137', 'brand:wikipedia': 'en:Shoppers Drug Mart', 'dispensing': 'yes', 'healthcare': 'pharmacy', 'name': 'Shoppers Drug Mart', 'operator': 'Loblaw Companies Limited', 'website': 'https://www.shoppersdrugmart.ca/en/store-locator/store/1146', 'website:en': 'https://www.shoppersdrugmart.ca/en/store-locator/store/1146', 'website:fr': 'https://www.shoppersdrugmart.ca/fr/store-locator/store/1146'}}"
"{'type': 'node', 'id': 2451245640, 'lat': 43.4154692, 'lon': -80.5113976, 'tags': {'amenity': 'dentist', 'healthcare': 'dentist', 'name': 'Dentist'}}"
"{'type': 'node', 'id': 2474807088, 'lat': 43.4417709, 'lon': -80.5156936, 'tags': {'healthcare': 'alternative', 'healthcare:speciality': 'chiropractic'}}"
"{'type': 'node', 'id': 2481371490, 'lat': 43.3681637, 'lon': -80.9852564, 'tags': {'amenity': 'dentist', 'healthcare': 'dentist', 'name': 'Dr. S. Y. Chung'}}"
"{'type': 'node', 'id': 2584021491, 'lat': 43.1337582, 'lon': -80.7292125, 'tags': {'addr:city': 'Woodstock', 'addr:housenumber': '986', 'addr:postcode': 'N4S 1H3', 'addr:street': 'Dundas Street', 'amenity': 'dentist', 'healthcare': 'dentist', 'name': 'SunnyView Dental', 'name:fr': 'SunnyView Dental', 'phone': '+1-519-539-8383', 'website': 'https://www.sunnyviewdental.ca/woodstock-dentist', 'wheelchair': 'yes'}}"
"{'type': 'node', 'id': 2590995274, 'lat': 43.3791728, 'lon': -81.002165, 'tags': {'amenity': 'pharmacy', 'brand': 'Shoppers Drug Mart', 'brand:wikidata': 'Q1820137', 'brand:wikipedia': 'en:Shoppers Drug Mart', 'dispensing': 'yes', 'healthcare': 'pharmacy', 'name': 'Shoppers Drug Mart', 'website': 'https://www.shoppersdrugmart.ca/en/store-locator/store/1444', 'website:en': 'https://www.shoppersdrugmart.ca/en/store-locator/store/1444', 'website:fr': 'https://www.shoppersdrugmart.ca/fr/store-locator/store/1444'}}"
"{'type': 'node', 'id': 2590995451, 'lat': 43.3704015, 'lon': -80.9824883, 'tags': {'addr:housenumber': '12', 'addr:street': 'Wellington Street', 'amenity': 'pharmacy', 'brand': 'Guardian', 'brand:wikidata': 'Q65553864', 'healthcare': 'pharmacy', 'name': 'Guardian'}}"
"{'type': 'node', 'id': 2623038620, 'lat': 42.9838675, 'lon': -81.2495935, 'tags': {'addr:city': 'London', 'addr:housenumber': '166', 'addr:postcode': 'N6A 1G4', 'addr:street': 'Dundas Street', 'amenity': 'pharmacy', 'brand': 'Rexall', 'brand:wikidata': 'Q39045377', 'brand:wikipedia': 'en:Rexall (Canada)', 'healthcare': 'pharmacy', 'name': 'Rexall', 'opening_hours': 'Mo-Sa 08:00-22:00; Su 09:00-18:00'}}"
"{'type': 'node', 'id': 2627790476, 'lat': 43.3683806, 'lon': -80.9801308, 'tags': {'addr:housenumber': '156', 'addr:street': 'Waterloo Street South', 'amenity': 'doctors', 'healthcare': 'doctor', 'name': 'Hasegawa Clinic', 'website': 'https://www.hclinic.com/'}}"
"{'type': 'node', 'id': 2627790510, 'lat': 43.4288456, 'lon': -80.526517, 'tags': {'amenity': 'dentist', 'healthcare': 'dentist', 'name': 'Highland Hills Dental Centre', 'website': 'http://www.kwdentists.ca/'}}"
"{'type': 'node', 'id': 2629351288, 'lat': 42.983799, 'lon': -81.2455547, 'tags': {'amenity': 'doctors', 'healthcare': 'doctor', 'name': 'Galleria Dental Centre'}}"
"{'type': 'node', 'id': 2629351289, 'lat': 42.9838877, 'lon': -81.2456831, 'tags': {'amenity': 'doctors', 'healthcare': 'doctor', 'name': 'Medpoint Walk-in Clinic'}}"
"{'type': 'node', 'id': 2872718022, 'lat': 43.370265, 'lon': -80.9775213, 'tags': {'addr:city': 'Stratford', 'addr:housenumber': '143', 'addr:postcode': 'N5A 3K5', 'addr:province': 'ON', 'addr:street': 'Albert Street', 'healthcare': 'alternative', 'healthcare:speciality': 'chiropractic', 'name': 'Connection Chiropractic', 'operator': 'Dr.Pip Penrose', 'phone': '+1 519-305-8700', 'website': 'https://www.connectionchiropractic.ca/'}}"
"{'type': 'node', 'id': 2989697508, 'lat': 42.9592361, 'lon': -81.6214589, 'tags': {'amenity': 'pharmacy', 'brand': 'Shoppers Drug Mart', 'brand:wikidata': 'Q1820137', 'brand:wikipedia': 'en:Shoppers Drug Mart', 'healthcare': 'pharmacy', 'name': 'Shoppers Drug Mart', 'website': 'https://www.shoppersdrugmart.ca/en/store-locator/store/1071', 'website:en': 'https://www.shoppersdrugmart.ca/en/store-locator/store/1071', 'website:fr': 'https://www.shoppersdrugmart.ca/fr/store-locator/store/1071'}}"
"{'type': 'node', 'id': 3011789296, 'lat': 43.3713717, 'lon': -80.9603397, 'tags': {'amenity': 'dentist', 'healthcare': 'dentist', 'name': 'Arden Park Dental'}}"
"{'type': 'node', 'id': 3124991243, 'lat': 43.3719206, 'lon': -80.9476455, 'tags': {'amenity': 'dentist', 'healthcare': 'dentist'}}"
"{'type': 'node', 'id': 3228468318, 'lat': 43.3715094, 'lon': -80.9752605, 'tags': {'addr:housenumber': '268', 'addr:street': 'Ontario Street', 'amenity': 'dentist', 'healthcare': 'dentist', 'name': 'Dr Drake'}}"
"{'type': 'node', 'id': 3243386558, 'lat': 42.9856564, 'lon': -81.243534, 'tags': {'addr:city': 'London', 'addr:housenumber': '320', 'addr:postcode': 'N6B 6R2', 'addr:street': 'Dundas Street', 'amenity': 'clinic', 'brand': 'LASIK MD', 'brand:wikidata': 'Q3205934', 'email': 'info@lasikmd.com', 'fax': '+1-519-963-0912', 'healthcare': 'clinic', 'healthcare:speciality': 'ophthalmology', 'name': 'LASIK MD', 'opening_hours': 'Tu,Th-Sa 08:30-16:00; We 11:30-19:30', 'phone': '+1-519-963-2222', 'website': 'http://www.lasikmd.com/london'}}"
"{'type': 'node', 'id': 3326328262, 'lat': 43.1349177, 'lon': -80.7485555, 'tags': {'addr:city': 'Woodstock', 'addr:housenumber': '95', 'addr:postcode': 'N4S 6Z5', 'addr:street': 'Huron Street', 'healthcare': 'optometrist', 'name': 'Drs. Brant, Khanna & Thornton - Optometrists', 'note': 'Optometrists (eye doctors) in Woodstock providing full eye exams and vision care at an eye care center. Our optometrists also provide optical services such as selling eyeglasses, contact lenses and sunglasses.', 'phone': '+1-519-290-3937', 'source': 'Owner', 'website': 'https://bktoptometry.ca/', 'wheelchair': 'yes'}}"
"{'type': 'node', 'id': 3385412110, 'lat': 43.4410242, 'lon': -80.5066268, 'tags': {'amenity': 'pharmacy', 'drive_through': 'no', 'email': 'savantcontactus@gmail.com', 'fax': '+1-519-744-2047', 'healthcare': 'pharmacy', 'name': 'Savant Pharmacy', 'opening_hours': 'Mo-Fr 09:00-18:00; Sa,Su off', 'phone': '+1-519-744-2080'}}"
"{'type': 'node', 'id': 3456718383, 'lat': 43.3694245, 'lon': -80.9956649, 'tags': {'amenity': 'doctors', 'healthcare': 'doctor'}}"
"{'type': 'node', 'id': 3521958319, 'lat': 43.4044255, 'lon': -80.6698394, 'tags': {'addr:city': 'Baden', 'addr:housenumber': '18', 'addr:street': ""Snyder's Road West"", 'alt_name': 'Baden Village Pharmacy', 'amenity': 'pharmacy', 'brand': 'Pharmasave', 'brand:wikidata': 'Q17093822', 'brand:wikipedia': 'en:Pharmasave', 'dispensing': 'yes', 'drive_through': 'no', 'healthcare': 'pharmacy', 'name': 'Pharmasave', 'opening_hours': 'Mo-Fr 09:00-19:00; Sa 10:00-14:00; PH,Su off', 'phone': '+1-519-214-4000', 'website': 'https://badenvillagepharmacy.com'}}"
"{'type': 'node', 'id': 3626094903, 'lat': 43.369423, 'lon': -80.9796231, 'tags': {'addr:housenumber': '117', 'addr:street': 'Waterloo Street South', 'amenity': 'doctors', 'healthcare': 'doctor', 'name': 'Stratford Health & Wellness Centre'}}"
"{'type': 'node', 'id': 3913734189, 'lat': 42.9585889, 'lon': -81.3310707, 'tags': {'amenity': 'doctors', 'healthcare': 'doctor', 'name': 'Medpoint Clinic'}}"
"{'type': 'node', 'id': 4364803201, 'lat': 42.9082925, 'lon': -81.4926903, 'tags': {'amenity': 'pharmacy', 'name': 'CDS Pharmacy', 'name:en': 'CDS Pharmacy'}}"
"{'type': 'node', 'id': 4524816733, 'lat': 43.4152843, 'lon': -80.5137852, 'tags': {'amenity': 'pharmacy', 'brand': 'Shoppers Drug Mart', 'brand:wikidata': 'Q1820137', 'brand:wikipedia': 'en:Shoppers Drug Mart', 'dispensing': 'yes', 'healthcare': 'pharmacy', 'name': 'Shoppers Drug Mart', 'website': 'https://www.shoppersdrugmart.ca/en/store-locator/store/992', 'website:en': 'https://www.shoppersdrugmart.ca/en/store-locator/store/992', 'website:fr': 'https://www.shoppersdrugmart.ca/fr/store-locator/store/992'}}"
"{'type': 'node', 'id': 4538413092, 'lat': 42.7627825, 'lon': -81.1758974, 'tags': {'amenity': 'doctors', 'healthcare': 'doctor', 'name': 'Dr. Floyd', 'name:en': 'Dr. Floyd'}}"
"{'type': 'node', 'id': 4580273899, 'lat': 42.7635782, 'lon': -81.1757322, 'tags': {'addr:street': 'Elm Street', 'amenity': 'pharmacy', 'brand': 'Shoppers Drug Mart', 'brand:wikidata': 'Q1820137', 'brand:wikipedia': 'en:Shoppers Drug Mart', 'healthcare': 'pharmacy', 'name': 'Shoppers Drug Mart', 'opening_hours': 'Mo-Su 08:00-00:00', 'phone': '+1-519-633-3070', 'website': 'https://www.shoppersdrugmart.ca/en/store-locator/store/969', 'website:en': 'https://www.shoppersdrugmart.ca/en/store-locator/store/969', 'website:fr': 'https://www.shoppersdrugmart.ca/fr/store-locator/store/969'}}"
"{'type': 'node', 'id': 4637998842, 'lat': 42.7728651, 'lon': -80.9827735, 'tags': {'amenity': 'pharmacy', 'brand': 'I.D.A.', 'brand:wikidata': 'Q65553883', 'drive_through': 'no', 'healthcare': 'pharmacy', 'name': 'I.D.A.'}}"
"{'type': 'node', 'id': 4879169836, 'lat': 43.320572, 'lon': -80.8363619, 'tags': {'alt_name': 'IDA', 'amenity': 'pharmacy', 'branch': 'Tavistock Pharmacy', 'brand': 'I.D.A.', 'brand:wikidata': 'Q65553883', 'dispensing': 'yes', 'healthcare': 'pharmacy', 'name': 'I.D.A.'}}"
"{'type': 'node', 'id': 4886426561, 'lat': 43.3032126, 'lon': -80.6230724, 'tags': {'addr:housenumber': '47', 'addr:street': 'County Road 8', 'alt_name': 'Plattsville Guardian Pharmacy', 'amenity': 'pharmacy', 'brand': 'Guardian', 'brand:wikidata': 'Q17093822', 'brand:wikipedia': 'en:Guardian', 'dispensing': 'yes', 'healthcare': 'pharmacy', 'name': 'Plattsville Guardian Pharmacy', 'opening_hours': 'Mo-Fr 10:00-19:00; Sa 11:00-16:00', 'phone': '+1 226-656-0111', 'website': 'https://www.guardian-ida-remedysrx.ca/', 'wheelchair': 'yes'}}"
"{'type': 'node', 'id': 5067390818, 'lat': 43.310303, 'lon': -81.7510601, 'tags': {'amenity': 'pharmacy', 'brand': 'Shoppers Drug Mart', 'brand:wikidata': 'Q1820137', 'brand:wikipedia': 'en:Shoppers Drug Mart', 'healthcare': 'pharmacy', 'name': 'Shoppers Drug Mart', 'website': 'https://www.shoppersdrugmart.ca/en/store-locator/store/1023', 'website:en': 'https://www.shoppersdrugmart.ca/en/store-locator/store/1023', 'website:fr': 'https://www.shoppersdrugmart.ca/fr/store-locator/store/1023'}}"
"{'type': 'node', 'id': 5149942350, 'lat': 43.0426865, 'lon': -80.886451, 'tags': {'amenity': 'pharmacy', 'brand': 'Shoppers Drug Mart', 'brand:wikidata': 'Q1820137', 'brand:wikipedia': 'en:Shoppers Drug Mart', 'healthcare': 'pharmacy', 'name': 'Shoppers Drug Mart', 'website': 'https://www.shoppersdrugmart.ca/en/store-locator/store/1174', 'website:en': 'https://www.shoppersdrugmart.ca/en/store-locator/store/1174', 'website:fr': 'https://www.shoppersdrugmart.ca/fr/store-locator/store/1174'}}"
"{'type': 'node', 'id': 5196358836, 'lat': 43.382253, 'lon': -81.0041016, 'tags': {'amenity': 'doctors', 'healthcare': 'doctor', 'name': 'Star Family Health Team'}}"
"{'type': 'node', 'id': 5372894221, 'lat': 42.9892469, 'lon': -81.2296784, 'tags': {'addr:city': 'London', 'addr:housenumber': '659', 'addr:street': 'Dundas St', 'amenity': 'doctors', 'healthcare': 'doctor', 'name': 'London InterCommunity Health Centre', 'phone': '+1-519-660-0874', 'wheelchair': 'yes', 'wheelchair:description': 'StopGap ramp'}}"
"{'type': 'node', 'id': 5396338621, 'lat': 43.3782319, 'lon': -80.7092241, 'tags': {'addr:city': 'New Hamburg', 'addr:housenumber': '91', 'addr:street': 'Peel Street', 'amenity': 'dentist', 'healthcare': 'dentist', 'name': 'New Hamburg Denture Clinic', 'phone': '+1-519-662-4445', 'wheelchair': 'yes', 'wheelchair:description': 'StopGap ramp'}}"
"{'type': 'node', 'id': 5561908621, 'lat': 42.9861055, 'lon': -81.2383198, 'tags': {'addr:housenumber': '387', 'addr:street': 'Burwell Street', 'amenity': 'doctors', 'healthcare': 'doctor', 'name': 'London Audiology Consultants'}}"
"{'type': 'node', 'id': 6362208786, 'lat': 42.9914974, 'lon': -81.2941742, 'tags': {'addr:housenumber': '1261', 'amenity': 'clinic', 'healthcare': 'clinic', 'name': 'London Family Health Team'}}"
"{'type': 'node', 'id': 6408246307, 'lat': 43.371523, 'lon': -80.9764759, 'tags': {'addr:city': 'Stratford', 'addr:housenumber': '236', 'addr:street': 'Ontario Street', 'amenity': 'doctors', 'healthcare': 'doctor', 'source': 'survey'}}"
"{'type': 'node', 'id': 6408273859, 'lat': 43.3710368, 'lon': -80.9737137, 'tags': {'addr:city': 'Stratford', 'addr:housenumber': '311', 'addr:street': 'Ontario Street', 'amenity': 'dentist', 'healthcare': 'dentist', 'name': 'Ali Farahani', 'source': 'survey'}}"
"{'type': 'node', 'id': 6470466287, 'lat': 42.9884342, 'lon': -81.293781, 'tags': {'amenity': 'dentist', 'healthcare': 'dentist', 'name': 'Soni Dentistry', 'phone': '+1-519-453-5111'}}"
"{'type': 'node', 'id': 6473271805, 'lat': 42.9896107, 'lon': -81.29405, 'tags': {'amenity': 'dentist', 'healthcare': 'dentist', 'name': 'John Lott Dentist', 'phone': '+1-519-657-6767', 'website': 'http://www.thetoothteam.com'}}"
"{'type': 'node', 'id': 6573500224, 'lat': 42.7859134, 'lon': -81.4659002, 'tags': {'addr:city': 'Muncey', 'addr:housenumber': '275', 'addr:postcode': 'N0L 1Y0', 'addr:street': 'Jubilee Road', 'healthcare': 'yes', 'name': 'Wulaawsuwiikaan Healing Lodge'}}"
"{'type': 'node', 'id': 6647694119, 'lat': 43.0127947, 'lon': -81.3307695, 'tags': {'amenity': 'dentist', 'healthcare': 'dentist', 'name': 'Southwood'}}"
"{'type': 'node', 'id': 6650904573, 'lat': 43.3696624, 'lon': -80.9463234, 'tags': {'amenity': 'pharmacy', 'brand': 'Pharmasave', 'brand:wikidata': 'Q17093822', 'brand:wikipedia': 'en:Pharmasave', 'dispensing': 'yes', 'healthcare': 'pharmacy', 'name': 'Pharmasave'}}"
"{'type': 'node', 'id': 6651474744, 'lat': 42.647129, 'lon': -80.8069056, 'tags': {'amenity': 'pharmacy', 'brand': 'I.D.A.', 'name': 'Port Burwell Pharmacy'}}"
"{'type': 'node', 'id': 6655015956, 'lat': 43.0248636, 'lon': -81.2798911, 'tags': {'amenity': 'dentist', 'healthcare': 'dentist', 'level': '0', 'name': 'Toothworks'}}"
"{'type': 'node', 'id': 6655022910, 'lat': 43.0259163, 'lon': -81.2776603, 'tags': {'amenity': 'pharmacy', 'brand': 'Shoppers Drug Mart', 'brand:wikidata': 'Q1820137', 'brand:wikipedia': 'en:Shoppers Drug Mart', 'dispensing': 'yes', 'healthcare': 'pharmacy', 'level': '0', 'name': 'Shoppers Drug Mart', 'website': 'https://www.shoppersdrugmart.ca/en/store-locator/store/764', 'website:en': 'https://www.shoppersdrugmart.ca/en/store-locator/store/764', 'website:fr': 'https://www.shoppersdrugmart.ca/fr/store-locator/store/764'}}"
"{'type': 'node', 'id': 6668921338, 'lat': 42.9903764, 'lon': -81.274525, 'tags': {'addr:city': 'London', 'addr:housenumber': '301', 'addr:postcode': 'N6H 1S6', 'addr:province': 'Ontario', 'addr:street': 'Oxford Street West', 'amenity': 'dentist', 'email': 'cherryhilldentistry@execulink.com', 'healthcare': 'dentist', 'healthcare:speciality': 'dentist', 'name': 'Cherryhill Family Dentistry', 'opening_hours': 'Mo 09:00-19:00; Tu 09:00-18:00; We 08:00-17:00; Th 09:00-17:00; Fr 08:00-13:00; Sa,Su off', 'operator': 'Dr. Darryl Saari', 'phone': '+1 519-672-0733', 'website': 'https://www.drsaari.com/'}}"
"{'type': 'node', 'id': 6670500301, 'lat': 42.9314103, 'lon': -81.2259162, 'tags': {'amenity': 'pharmacy', 'brand': 'Shoppers Drug Mart', 'brand:wikidata': 'Q1820137', 'brand:wikipedia': 'en:Shoppers Drug Mart', 'dispensing': 'yes', 'healthcare': 'pharmacy', 'name': 'Shoppers Drug Mart', 'website': 'https://www.shoppersdrugmart.ca/en/store-locator/store/1390', 'website:en': 'https://www.shoppersdrugmart.ca/en/store-locator/store/1390', 'website:fr': 'https://www.shoppersdrugmart.ca/fr/store-locator/store/1390'}}"
"{'type': 'node', 'id': 6670517152, 'lat': 42.9301662, 'lon': -81.2255839, 'tags': {'amenity': 'dentist', 'healthcare': 'dentist', 'name': 'White Oaks Dental Clinic'}}"
"{'type': 'node', 'id': 6670615238, 'lat': 42.9477096, 'lon': -81.2931, 'tags': {'alt_name': 'Dina Pharmacy', 'amenity': 'pharmacy', 'brand': 'I.D.A.', 'brand:wikidata': 'Q65553883', 'dispensing': 'yes', 'healthcare': 'pharmacy', 'name': 'I.D.A.'}}"
"{'type': 'node', 'id': 6670615240, 'lat': 42.9478814, 'lon': -81.2931791, 'tags': {'amenity': 'doctors', 'healthcare': 'doctor', 'name': 'ParaMed'}}"
"{'type': 'node', 'id': 6670615262, 'lat': 42.9479904, 'lon': -81.2922863, 'tags': {'amenity': 'doctors', 'healthcare': 'doctor', 'name': 'Medical Esthetics'}}"
"{'type': 'node', 'id': 6672791856, 'lat': 43.0058778, 'lon': -81.1748269, 'tags': {'amenity': 'pharmacy', 'dispensing': 'yes', 'healthcare': 'pharmacy', 'name': 'Progressive Drug Mart'}}"
"{'type': 'node', 'id': 6672914773, 'lat': 43.0068868, 'lon': -81.1705834, 'tags': {'amenity': 'dentist', 'healthcare': 'dentist', 'name': 'Argyle Dental Centre'}}"
"{'type': 'node', 'id': 6672914779, 'lat': 43.0069699, 'lon': -81.1702977, 'tags': {'healthcare': 'counselling', 'name': 'eWyn Weight Loss Studios'}}"
"{'type': 'node', 'id': 6677955336, 'lat': 42.8626926, 'lon': -80.7281863, 'tags': {'amenity': 'pharmacy', 'brand': 'Shoppers Drug Mart', 'brand:wikidata': 'Q1820137', 'brand:wikipedia': 'en:Shoppers Drug Mart', 'dispensing': 'yes', 'healthcare': 'pharmacy', 'name': 'Shoppers Drug Mart', 'website': 'https://www.shoppersdrugmart.ca/en/store-locator/store/1176', 'website:en': 'https://www.shoppersdrugmart.ca/en/store-locator/store/1176', 'website:fr': 'https://www.shoppersdrugmart.ca/fr/store-locator/store/1176'}}"
"{'type': 'node', 'id': 6677955338, 'lat': 42.8624633, 'lon': -80.7284595, 'tags': {'amenity': 'doctors', 'healthcare': 'doctor', 'name': 'Tillsonburg Medical'}}"
"{'type': 'node', 'id': 6682397667, 'lat': 42.7758551, 'lon': -81.1604964, 'tags': {'healthcare': 'laboratory', 'name': 'Life Labs'}}"
"{'type': 'node', 'id': 6682397671, 'lat': 42.7758585, 'lon': -81.160156, 'tags': {'amenity': 'dentist', 'healthcare': 'dentist', 'name': 'Elgin Mall Dental Office'}}"
"{'type': 'node', 'id': 6682418003, 'lat': 42.7763444, 'lon': -81.1606305, 'tags': {'amenity': 'pharmacy', 'brand': 'Pharmasave', 'brand:wikidata': 'Q17093822', 'brand:wikipedia': 'en:Pharmasave', 'dispensing': 'yes', 'healthcare': 'pharmacy', 'name': 'Pharmasave'}}"
"{'type': 'node', 'id': 6728328644, 'lat': 43.4409481, 'lon': -80.5065341, 'tags': {'amenity': 'dentist', 'healthcare': 'dentist', 'name': 'Highland Dental Clinic', 'opening_hours': 'Mo-Fr 09:00-18:00; Sa ""by appointment""', 'phone': '+1-519-570-1001;+1-519-570-0077', 'website': 'http://www.highlanddental.ca/'}}"
"{'type': 'node', 'id': 6856657769, 'lat': 42.9730948, 'lon': -81.2535169, 'tags': {'healthcare': 'alternative', 'healthcare:speciality': 'chiropractic', 'name': 'Southern London Chiropractic'}}"
"{'type': 'node', 'id': 6925008279, 'lat': 43.1844977, 'lon': -81.3966375, 'tags': {'addr:full': '33385 Richmond St, Lucan, ON N0M 2J0', 'addr:housenumber': '33385', 'addr:street': 'Richmond Street', 'healthcare': 'alternative', 'healthcare:speciality': 'chiropractic', 'name': 'Cameron Family Chiropractic', 'operator': 'Dr Cameron', 'phone': '+1 519-227-1363', 'website': 'https://cameronchiro.com/'}}"
"{'type': 'node', 'id': 6983852177, 'lat': 43.0213461, 'lon': -81.2168442, 'tags': {'amenity': 'pharmacy', 'brand': 'Pharmasave', 'brand:wikidata': 'Q17093822', 'brand:wikipedia': 'en:Pharmasave', 'dispensing': 'yes', 'healthcare': 'pharmacy', 'name': 'Pharmasave'}}"
"{'type': 'node', 'id': 6983852178, 'lat': 43.0212943, 'lon': -81.2169967, 'tags': {'amenity': 'dentist', 'healthcare': 'dentist'}}"
"{'type': 'node', 'id': 6983853122, 'lat': 43.037145, 'lon': -81.256701, 'tags': {'amenity': 'pharmacy', 'brand': 'Rexall', 'brand:wikidata': 'Q7319360', 'brand:wikipedia': 'en:Rexall', 'dispensing': 'yes', 'healthcare': 'pharmacy', 'name': 'Rexall'}}"
"{'type': 'node', 'id': 6983908734, 'lat': 43.0205395, 'lon': -81.2150888, 'tags': {'amenity': 'pharmacy', 'dispensing': 'yes', 'healthcare': 'pharmacy', 'name': 'Progressive Drug Mart'}}"
"{'type': 'node', 'id': 6983908762, 'lat': 43.018647, 'lon': -81.2134732, 'tags': {'addr:housenumber': '1365', 'addr:postcode': 'N5V 2E3', 'addr:street': 'Huron Street', 'amenity': 'pharmacy', 'brand': 'Shoppers Drug Mart', 'brand:wikidata': 'Q1820137', 'brand:wikipedia': 'en:Shoppers Drug Mart', 'dispensing': 'yes', 'healthcare': 'pharmacy', 'name': 'Shoppers Drug Mart', 'opening_hours': 'Mo-Su 08:00-00:00', 'website': 'https://www.shoppersdrugmart.ca/en/store-locator/store/766', 'website:en': 'https://www.shoppersdrugmart.ca/en/store-locator/store/766', 'website:fr': 'https://www.shoppersdrugmart.ca/fr/store-locator/store/766'}}"
"{'type': 'node', 'id': 6983940291, 'lat': 43.011573, 'lon': -81.2419755, 'tags': {'amenity': 'pharmacy', 'brand': 'PharmaChoice', 'brand:wikidata': 'Q7180716', 'brand:wikipedia': 'en:PharmaChoice', 'dispensing': 'yes', 'healthcare': 'pharmacy', 'name': 'PharmaChoice'}}"
"{'type': 'node', 'id': 6983940294, 'lat': 43.0115658, 'lon': -81.2414292, 'tags': {'amenity': 'dentist', 'healthcare': 'dentist', 'name': 'Dental Studio'}}"
"{'type': 'node', 'id': 6983940304, 'lat': 43.0106049, 'lon': -81.2408606, 'tags': {'amenity': 'doctors', 'healthcare': 'doctor', 'name': 'Adelaide Huron Medical Clinic'}}"
"{'type': 'node', 'id': 6983971240, 'lat': 43.0073616, 'lon': -81.2388824, 'tags': {'alt_name': 'Weight Watchers', 'brand': 'WW Studio', 'brand:wikidata': 'Q1929466', 'brand:wikipedia': 'en:WW International', 'healthcare': 'counselling', 'healthcare:counselling': 'dietitian', 'healthcare:speciality': 'weight_loss', 'name': 'WW Studio'}}"
"{'type': 'node', 'id': 6984016080, 'lat': 43.0004923, 'lon': -81.1887064, 'tags': {'amenity': 'pharmacy', 'brand': 'Shoppers Drug Mart', 'brand:wikidata': 'Q1820137', 'brand:wikipedia': 'en:Shoppers Drug Mart', 'dispensing': 'yes', 'healthcare': 'pharmacy', 'name': 'Shoppers Drug Mart', 'opening_hours': 'Mo-Sa 09:00-21:00; Su 10:00-18:00', 'website': 'https://www.shoppersdrugmart.ca/en/store-locator/store/737', 'website:en': 'https://www.shoppersdrugmart.ca/en/store-locator/store/737', 'website:fr': 'https://www.shoppersdrugmart.ca/fr/store-locator/store/737'}}"
"{'type': 'node', 'id': 6984059586, 'lat': 42.9913507, 'lon': -81.170808, 'tags': {'amenity': 'pharmacy', 'dispensing': 'yes', 'healthcare': 'pharmacy', 'name': 'London Medical Pharmacy'}}"
"{'type': 'node', 'id': 6984059587, 'lat': 42.991384, 'lon': -81.1707041, 'tags': {'amenity': 'doctors', 'healthcare': 'doctor'}}"
"{'type': 'node', 'id': 6984089943, 'lat': 42.7802437, 'lon': -81.1702061, 'tags': {'amenity': 'doctors', 'healthcare': 'doctor', 'name': 'South West LHIN St. Thomas'}}"
"{'type': 'node', 'id': 6985447720, 'lat': 43.0033163, 'lon': -81.2254294, 'tags': {'amenity': 'pharmacy', 'dispensing': 'yes', 'healthcare': 'pharmacy', 'name': 'Oxford Pharmacy'}}"
"{'type': 'node', 'id': 6985466748, 'lat': 43.0282349, 'lon': -81.2740964, 'tags': {'amenity': 'dentist', 'healthcare': 'dentist'}}"
"{'type': 'node', 'id': 6985617160, 'lat': 43.0255585, 'lon': -81.2835497, 'tags': {'amenity': 'dentist', 'healthcare': 'dentist', 'name': 'Masonville Dental Centre'}}"
"{'type': 'node', 'id': 6985617170, 'lat': 43.0253299, 'lon': -81.2832779, 'tags': {'amenity': 'pharmacy', 'dispensing': 'yes', 'healthcare': 'pharmacy', 'name': 'Masonville Pharmacy'}}"
"{'type': 'node', 'id': 6985635273, 'lat': 43.0196879, 'lon': -81.3106061, 'tags': {'amenity': 'dentist', 'healthcare': 'dentist'}}"
"{'type': 'node', 'id': 6985650495, 'lat': 43.018502, 'lon': -81.3118156, 'tags': {'amenity': 'dentist', 'healthcare': 'dentist'}}"
"{'type': 'node', 'id': 6985672983, 'lat': 43.0105722, 'lon': -81.3341361, 'tags': {'brand': 'LifeLabs', 'brand:wikidata': 'Q109319451', 'healthcare': 'laboratory', 'healthcare:speciality': 'blood_check', 'name': 'LifeLabs'}}"
"{'type': 'node', 'id': 6985702693, 'lat': 43.0098083, 'lon': -81.3364446, 'tags': {'amenity': 'dentist', 'healthcare': 'dentist'}}"
"{'type': 'node', 'id': 6985722530, 'lat': 42.9560107, 'lon': -81.2897935, 'tags': {'amenity': 'dentist', 'healthcare': 'dentist'}}"
"{'type': 'node', 'id': 6985722568, 'lat': 42.9392802, 'lon': -81.2823451, 'tags': {'amenity': 'pharmacy', 'brand': 'Guardian', 'brand:wikidata': 'Q65553864', 'dispensing': 'yes', 'healthcare': 'pharmacy', 'name': 'Guardian'}}"
"{'type': 'node', 'id': 6985722569, 'lat': 42.9393563, 'lon': -81.2823591, 'tags': {'amenity': 'dentist', 'healthcare': 'dentist'}}"
"{'type': 'node', 'id': 6985782969, 'lat': 42.9361881, 'lon': -81.316569, 'tags': {'amenity': 'dentist', 'healthcare': 'dentist', 'name': 'Southwood Dental Studio'}}"
"{'type': 'node', 'id': 6985782970, 'lat': 42.9362032, 'lon': -81.3163103, 'tags': {'alt_name': 'Weight Watchers', 'brand': 'WW Studio', 'brand:wikidata': 'Q1929466', 'brand:wikipedia': 'en:WW International', 'healthcare': 'counselling', 'healthcare:counselling': 'dietitian', 'healthcare:speciality': 'weight_loss', 'name': 'WW Studio'}}"
"{'type': 'node', 'id': 6985782971, 'lat': 42.9362021, 'lon': -81.3164336, 'tags': {'healthcare': 'physiotherapist'}}"
"{'type': 'node', 'id': 6985806206, 'lat': 42.9586855, 'lon': -81.2322382, 'tags': {'brand': 'Jenny Craig', 'brand:wikidata': 'Q6179221', 'brand:wikipedia': 'en:Jenny Craig, Inc.', 'healthcare': 'counselling', 'healthcare:counselling': 'dietitian', 'healthcare:speciality': 'weight_loss', 'name': 'Jenny Craig'}}"
"{'type': 'node', 'id': 6985806223, 'lat': 42.962411, 'lon': -81.2320076, 'tags': {'amenity': 'pharmacy', 'brand': 'Pharmasave', 'brand:wikidata': 'Q17093822', 'brand:wikipedia': 'en:Pharmasave', 'dispensing': 'yes', 'healthcare': 'pharmacy', 'name': 'Pharmasave'}}"
"{'type': 'node', 'id': 6985879122, 'lat': 42.9434171, 'lon': -81.2157776, 'tags': {'amenity': 'pharmacy', 'brand': 'I.D.A.', 'brand:wikidata': 'Q65553883', 'dispensing': 'yes', 'healthcare': 'pharmacy', 'name': 'I.D.A.'}}"
"{'type': 'node', 'id': 6985879126, 'lat': 42.9437656, 'lon': -81.215956, 'tags': {'amenity': 'dentist', 'healthcare': 'dentist'}}"
"{'type': 'node', 'id': 6985879140, 'lat': 42.9439275, 'lon': -81.2159855, 'tags': {'healthcare': 'counselling', 'name': 'eWyn Weight Loss Centres'}}"
"{'type': 'node', 'id': 6985899400, 'lat': 42.9977367, 'lon': -81.199681, 'tags': {'healthcare': 'alternative', 'healthcare:speciality': 'chiropractic'}}"
"{'type': 'node', 'id': 6988566689, 'lat': 42.9815117, 'lon': -81.2898729, 'tags': {'amenity': 'dentist', 'brand': 'Altima Dental', 'brand:wikidata': 'Q113001373', 'healthcare': 'dentist', 'name': 'Altima Dental'}}"
"{'type': 'node', 'id': 6988566701, 'lat': 42.981876, 'lon': -81.2895447, 'tags': {'healthcare': 'physiotherapist', 'name': 'Active Rehab'}}"
"{'type': 'node', 'id': 6988590044, 'lat': 42.9601156, 'lon': -81.3345311, 'tags': {'amenity': 'pharmacy', 'brand': ""Remedy'sRx"", 'brand:wikidata': 'Q65553833', 'dispensing': 'yes', 'healthcare': 'pharmacy', 'name': ""Remedy'sRx""}}"
"{'type': 'node', 'id': 6988592048, 'lat': 43.0056797, 'lon': -81.305223, 'tags': {'amenity': 'dentist', 'healthcare': 'dentist', 'name': 'London Sherwood Dental Care'}}"
"{'type': 'node', 'id': 6988599528, 'lat': 42.9584527, 'lon': -81.3310406, 'tags': {'healthcare': 'alternative', 'healthcare:speciality': 'chiropractic'}}"
"{'type': 'node', 'id': 6988599532, 'lat': 42.9582254, 'lon': -81.3309869, 'tags': {'amenity': 'dentist', 'healthcare': 'dentist'}}"
"{'type': 'node', 'id': 6988599533, 'lat': 42.9590163, 'lon': -81.3328221, 'tags': {'amenity': 'dentist', 'healthcare': 'dentist'}}"
"{'type': 'node', 'id': 6988599535, 'lat': 42.9599948, 'lon': -81.3331638, 'tags': {'amenity': 'dentist', 'healthcare': 'dentist'}}"
"{'type': 'node', 'id': 6988599540, 'lat': 42.9599135, 'lon': -81.3340711, 'tags': {'healthcare': 'alternative', 'name': 'Byron Natural Health Centre'}}"
"{'type': 'node', 'id': 6988629130, 'lat': 42.9522558, 'lon': -81.3318159, 'tags': {'amenity': 'dentist', 'healthcare': 'dentist'}}"
"{'type': 'node', 'id': 6988687967, 'lat': 42.9423489, 'lon': -81.2565177, 'tags': {'healthcare': 'blood_donation', 'name': 'Canadian Blood Services'}}"
"{'type': 'node', 'id': 6988690280, 'lat': 42.9463355, 'lon': -81.2585068, 'tags': {'amenity': 'pharmacy', 'dispensing': 'yes', 'healthcare': 'pharmacy', 'name': 'Care Plus Pharmacy'}}"
"{'type': 'node', 'id': 6988704787, 'lat': 42.9467605, 'lon': -81.2589744, 'tags': {'amenity': 'dentist', 'healthcare': 'dentist'}}"
"{'type': 'node', 'id': 6988714393, 'lat': 42.9480376, 'lon': -81.259245, 'tags': {'amenity': 'dentist', 'healthcare': 'dentist'}}"
"{'type': 'node', 'id': 6988770636, 'lat': 42.9680451, 'lon': -81.2820619, 'tags': {'healthcare': 'alternative', 'healthcare:speciality': 'chiropractic'}}"
"{'type': 'node', 'id': 6988770637, 'lat': 42.9680095, 'lon': -81.2821212, 'tags': {'amenity': 'pharmacy', 'dispensing': 'yes', 'healthcare': 'pharmacy', 'name': 'Springbank Pharmacy'}}"
"{'type': 'node', 'id': 6988770647, 'lat': 42.9669108, 'lon': -81.2856162, 'tags': {'amenity': 'pharmacy', 'brand': 'Shoppers Drug Mart', 'brand:wikidata': 'Q1820137', 'brand:wikipedia': 'en:Shoppers Drug Mart', 'dispensing': 'yes', 'healthcare': 'pharmacy', 'name': 'Shoppers Drug Mart'}}"
"{'type': 'node', 'id': 7003391563, 'lat': 42.9625423, 'lon': -81.1970685, 'tags': {'amenity': 'doctors', 'healthcare': 'doctor'}}"
"{'type': 'node', 'id': 7003391564, 'lat': 42.9625355, 'lon': -81.1971747, 'tags': {'amenity': 'pharmacy', 'dispensing': 'yes', 'healthcare': 'pharmacy', 'name': 'Pond Mills Medical Pharmacy'}}"
"{'type': 'node', 'id': 7007027022, 'lat': 42.9428062, 'lon': -81.2362767, 'tags': {'amenity': 'pharmacy', 'brand': 'Pharmasave', 'brand:wikidata': 'Q17093822', 'brand:wikipedia': 'en:Pharmasave', 'dispensing': 'yes', 'healthcare': 'pharmacy', 'name': 'Pharmasave'}}"
"{'type': 'node', 'id': 7007029173, 'lat': 42.9477749, 'lon': -81.2282834, 'tags': {'amenity': 'dentist', 'healthcare': 'dentist', 'name': 'M.E.K. Dental'}}"
"{'type': 'node', 'id': 7007051014, 'lat': 42.9414315, 'lon': -81.2371404, 'tags': {'amenity': 'dentist', 'healthcare': 'dentist'}}"
"{'type': 'node', 'id': 7007051048, 'lat': 42.9415796, 'lon': -81.2441307, 'tags': {'amenity': 'pharmacy', 'brand': 'Shoppers Drug Mart', 'brand:wikidata': 'Q1820137', 'brand:wikipedia': 'en:Shoppers Drug Mart', 'dispensing': 'yes', 'healthcare': 'pharmacy', 'name': 'Shoppers Drug Mart', 'website': 'https://www.shoppersdrugmart.ca/en/store-locator/store/1072', 'website:en': 'https://www.shoppersdrugmart.ca/en/store-locator/store/1072', 'website:fr': 'https://www.shoppersdrugmart.ca/fr/store-locator/store/1072'}}"
"{'type': 'node', 'id': 7007051062, 'lat': 42.9410799, 'lon': -81.2441971, 'tags': {'healthcare': 'physiotherapist', 'name': 'Peak Mobility'}}"
"{'type': 'node', 'id': 7007051063, 'lat': 42.9411576, 'lon': -81.2441794, 'tags': {'amenity': 'dentist', 'healthcare': 'dentist'}}"
"{'type': 'node', 'id': 7007051064, 'lat': 42.9412418, 'lon': -81.2441546, 'tags': {'amenity': 'doctors', 'healthcare': 'doctor'}}"
"{'type': 'node', 'id': 7007128862, 'lat': 42.9554179, 'lon': -81.2761189, 'tags': {'healthcare': 'alternative', 'healthcare:speciality': 'chiropractic'}}"
"{'type': 'node', 'id': 7007128865, 'lat': 42.9556242, 'lon': -81.2765379, 'tags': {'amenity': 'pharmacy', 'brand': 'The Medicine Shoppe', 'brand:wikidata': 'Q121815130', 'dispensing': 'yes', 'healthcare': 'pharmacy', 'name': 'The Medicine Shoppe'}}"
"{'type': 'node', 'id': 7009848755, 'lat': 42.9096907, 'lon': -81.2990866, 'tags': {'amenity': 'pharmacy', 'brand': 'Guardian', 'brand:wikidata': 'Q65553864', 'dispensing': 'yes', 'healthcare': 'pharmacy', 'name': 'Guardian'}}"
"{'type': 'node', 'id': 7009986799, 'lat': 42.9392313, 'lon': -81.283763, 'tags': {'amenity': 'dentist', 'healthcare': 'dentist'}}"
"{'type': 'node', 'id': 7009986803, 'lat': 42.9391982, 'lon': -81.2841166, 'tags': {'healthcare': 'physiotherapist'}}"
"{'type': 'node', 'id': 7010007616, 'lat': 42.9433773, 'lon': -81.2878541, 'tags': {'amenity': 'dentist', 'healthcare': 'dentist'}}"
"{'type': 'node', 'id': 7010007618, 'lat': 42.9432722, 'lon': -81.2877078, 'tags': {'amenity': 'doctors', 'healthcare': 'doctor'}}"
"{'type': 'node', 'id': 7010007620, 'lat': 42.9431658, 'lon': -81.2877616, 'tags': {'amenity': 'pharmacy', 'brand': 'PharmaChoice', 'brand:wikidata': 'Q7180716', 'brand:wikipedia': 'en:PharmaChoice', 'dispensing': 'yes', 'healthcare': 'pharmacy', 'name': 'PharmaChoice'}}"
"{'type': 'node', 'id': 7099923761, 'lat': 42.7874489, 'lon': -81.4692996, 'tags': {'amenity': 'clinic', 'healthcare': 'clinic', 'name': 'Munsee-Delaware Nation Health and Executive Services'}}"
"{'type': 'node', 'id': 7119016385, 'lat': 43.0175057, 'lon': -81.3115427, 'tags': {'amenity': 'pharmacy', 'healthcare': 'pharmacy', 'name': 'CDS Pharmacy'}}"
"{'type': 'node', 'id': 7129489435, 'lat': 43.4156934, 'lon': -80.5118927, 'tags': {'amenity': 'pharmacy', 'brand': 'Pharmasave', 'brand:wikidata': 'Q17093822', 'brand:wikipedia': 'en:Pharmasave', 'dispensing': 'yes', 'drive_through': 'no', 'healthcare': 'pharmacy', 'name': 'Pharmasave'}}"
"{'type': 'node', 'id': 7129489436, 'lat': 43.4160508, 'lon': -80.5184777, 'tags': {'amenity': 'pharmacy', 'brand': 'Walmart', 'brand:wikidata': 'Q483551', 'brand:wikipedia': 'en:Walmart', 'dispensing': 'yes', 'drive_through': 'no', 'healthcare': 'pharmacy', 'name': 'Walmart Pharmacy', 'website': 'https://www.walmart.ca/en/stores-near-me/kitchener-w-on-1007', 'website:en': 'https://www.walmart.ca/en/stores-near-me/kitchener-w-on-1007', 'website:fr': 'https://www.walmart.ca/fr/magasins-pres-de-chez-moi/kitchener-w-on-1007'}}"
"{'type': 'node', 'id': 7161429648, 'lat': 43.3789356, 'lon': -80.9981537, 'tags': {'addr:city': 'Stratford', 'addr:housenumber': '426', 'addr:street': 'Huron Street', 'amenity': 'pharmacy', 'dispensing': 'yes', 'healthcare': 'pharmacy', 'name': 'West End Pharmacy'}}"
"{'type': 'node', 'id': 7161429650, 'lat': 43.3787512, 'lon': -81.0047936, 'tags': {'addr:city': 'Stratford', 'addr:housenumber': '581', 'addr:street': 'Huron Street', 'amenity': 'pharmacy', 'dispensing': 'yes', 'healthcare': 'pharmacy', 'name': 'Sobeys Pharmacy Stratford'}}"
"{'type': 'node', 'id': 7188728029, 'lat': 43.1344633, 'lon': -80.732199, 'tags': {'brand': 'LifeLabs', 'brand:wikidata': 'Q109319451', 'healthcare': 'laboratory', 'healthcare:speciality': 'blood_check', 'name': 'LifeLabs'}}"
"{'type': 'node', 'id': 7289280251, 'lat': 43.1339161, 'lon': -80.7339489, 'tags': {'amenity': 'clinic', 'healthcare': 'clinic', 'name': 'Trusty Care Pharmacy'}}"
"{'type': 'node', 'id': 7529094622, 'lat': 43.0382147, 'lon': -80.8829389, 'tags': {'alt_name': ""Young's Pharmacy"", 'amenity': 'pharmacy', 'brand': 'PharmaChoice', 'brand:wikidata': 'Q7180716', 'brand:wikipedia': 'en:PharmaChoice', 'dispensing': 'yes', 'healthcare': 'pharmacy', 'name': 'PharmaChoice'}}"
"{'type': 'node', 'id': 7551754841, 'lat': 43.2596818, 'lon': -81.1412264, 'tags': {'alt_name': 'Hubbard Pharmacy', 'amenity': 'pharmacy', 'brand': 'PharmaChoice', 'brand:wikidata': 'Q7180716', 'brand:wikipedia': 'en:PharmaChoice', 'dispensing': 'yes', 'healthcare': 'pharmacy', 'name': 'PharmaChoice'}}"
"{'type': 'node', 'id': 7551766069, 'lat': 43.258676, 'lon': -81.1422131, 'tags': {'alt_name': ""Jackson's Pharmacy"", 'amenity': 'pharmacy', 'brand': 'Guardian', 'brand:wikidata': 'Q65553864', 'dispensing': 'yes', 'healthcare': 'pharmacy', 'name': 'Guardian'}}"
"{'type': 'node', 'id': 7596004524, 'lat': 43.0577939, 'lon': -80.9985675, 'tags': {'amenity': 'pharmacy', 'brand': 'Pharmasave', 'brand:wikidata': 'Q17093822', 'brand:wikipedia': 'en:Pharmasave', 'healthcare': 'pharmacy', 'name': 'Pharmasave'}}"
"{'type': 'node', 'id': 7682166185, 'lat': 42.9887337, 'lon': -81.2545005, 'tags': {'addr:housenumber': '590', 'addr:postcode': 'N6A 2T3', 'addr:street': 'Talbot Street', 'amenity': 'dentist', 'email': 'info@londonbridgedental.com', 'healthcare': 'dentist', 'internet_access': 'wlan', 'name': 'London Bridge Dental', 'opening_hours': 'Mo-Fr 08:00-17:00', 'phone': '+1 (519) 672-0230', 'website': 'https://londonbridgedental.ca'}}"
"{'type': 'node', 'id': 7737211938, 'lat': 42.8550982, 'lon': -80.6892715, 'tags': {'amenity': 'pharmacy', 'brand': ""Remedy'sRx"", 'brand:wikidata': 'Q65553833', 'dispensing': 'yes', 'healthcare': 'pharmacy', 'name': ""Remedy'sRx""}}"
"{'type': 'node', 'id': 7737439677, 'lat': 43.132029, 'lon': -80.7477028, 'tags': {'healthcare': 'counselling', 'name': 'eWyn'}}"
"{'type': 'node', 'id': 7737439684, 'lat': 43.1314574, 'lon': -80.7461749, 'tags': {'healthcare': 'optometrist', 'name': 'Oxford Optometry'}}"
"{'type': 'node', 'id': 7737452613, 'lat': 43.1307262, 'lon': -80.7504244, 'tags': {'amenity': 'dentist', 'healthcare': 'dentist'}}"
"{'type': 'node', 'id': 7741454313, 'lat': 43.3711074, 'lon': -80.9752849, 'tags': {'addr:city': 'Stratford', 'addr:housenumber': '269', 'addr:street': 'Ontario Street', 'healthcare': 'alternative', 'healthcare:speciality': 'osteopathy', 'name': 'Dianne Mummery'}}"
"{'type': 'node', 'id': 7752585527, 'lat': 42.8781687, 'lon': -80.7450998, 'tags': {'amenity': 'pharmacy', 'brand': 'I.D.A.', 'brand:wikidata': 'Q65553883', 'dispensing': 'yes', 'healthcare': 'pharmacy', 'name': 'I.D.A.'}}"
"{'type': 'node', 'id': 7752585528, 'lat': 42.8780765, 'lon': -80.7450809, 'tags': {'amenity': 'dentist', 'healthcare': 'dentist'}}"
"{'type': 'node', 'id': 7752585552, 'lat': 42.8749035, 'lon': -80.7432241, 'tags': {'healthcare': 'optometrist'}}"
"{'type': 'node', 'id': 7795323407, 'lat': 42.7788957, 'lon': -81.1777413, 'tags': {'amenity': 'dentist', 'healthcare': 'dentist'}}"
"{'type': 'node', 'id': 7795323408, 'lat': 42.7788951, 'lon': -81.1776404, 'tags': {'amenity': 'dentist', 'healthcare': 'dentist'}}"
"{'type': 'node', 'id': 7795477356, 'lat': 42.7790841, 'lon': -81.193675, 'tags': {'amenity': 'pharmacy', 'brand': 'PharmaChoice', 'brand:wikidata': 'Q7180716', 'brand:wikipedia': 'en:PharmaChoice', 'dispensing': 'yes', 'healthcare': 'pharmacy', 'name': 'PharmaChoice'}}"
"{'type': 'node', 'id': 7795477363, 'lat': 42.7791094, 'lon': -81.1949329, 'tags': {'amenity': 'pharmacy', 'dispensing': 'yes', 'healthcare': 'pharmacy', 'name': 'St. Thomas Medical Pharmacy'}}"
"{'type': 'node', 'id': 7795477378, 'lat': 42.7788498, 'lon': -81.196892, 'tags': {'amenity': 'pharmacy', 'brand': 'Shoppers Drug Mart', 'brand:wikidata': 'Q1820137', 'brand:wikipedia': 'en:Shoppers Drug Mart', 'dispensing': 'yes', 'healthcare': 'pharmacy', 'name': 'Shoppers Drug Mart', 'website': 'https://www.shoppersdrugmart.ca/en/store-locator/store/1067', 'website:en': 'https://www.shoppersdrugmart.ca/en/store-locator/store/1067', 'website:fr': 'https://www.shoppersdrugmart.ca/fr/store-locator/store/1067'}}"
"{'type': 'node', 'id': 7795495828, 'lat': 42.778752, 'lon': -81.1893322, 'tags': {'amenity': 'dentist', 'healthcare': 'dentist'}}"
"{'type': 'node', 'id': 7795521101, 'lat': 42.7791548, 'lon': -81.1982218, 'tags': {'amenity': 'clinic', 'healthcare': 'clinic', 'name': 'Central Community Health Centre'}}"
"{'type': 'node', 'id': 7798811045, 'lat': 42.9853709, 'lon': -81.049409, 'tags': {'amenity': 'pharmacy', 'brand': 'I.D.A.', 'brand:wikidata': 'Q65553883', 'dispensing': 'yes', 'healthcare': 'pharmacy', 'name': 'I.D.A.'}}"
"{'type': 'node', 'id': 7798811046, 'lat': 42.9853197, 'lon': -81.0492456, 'tags': {'healthcare': 'physiotherapist'}}"
"{'type': 'node', 'id': 7798815043, 'lat': 42.9846325, 'lon': -81.0579557, 'tags': {'amenity': 'pharmacy', 'brand': 'I.D.A.', 'brand:wikidata': 'Q65553883', 'dispensing': 'yes', 'healthcare': 'pharmacy', 'name': 'I.D.A.'}}"
"{'type': 'node', 'id': 7798891653, 'lat': 43.1470666, 'lon': -81.5349547, 'tags': {'amenity': 'pharmacy', 'dispensing': 'yes', 'healthcare': 'pharmacy'}}"
"{'type': 'node', 'id': 7802194667, 'lat': 43.3446804, 'lon': -81.479847, 'tags': {'amenity': 'pharmacy', 'brand': 'I.D.A.', 'brand:wikidata': 'Q65553883', 'dispensing': 'yes', 'healthcare': 'pharmacy', 'name': 'I.D.A.'}}"
"{'type': 'node', 'id': 7802226487, 'lat': 43.3625126, 'lon': -81.4825138, 'tags': {'amenity': 'pharmacy', 'brand': 'Guardian', 'brand:wikidata': 'Q65553864', 'dispensing': 'yes', 'healthcare': 'pharmacy', 'name': 'Guardian'}}"
"{'type': 'node', 'id': 7862526552, 'lat': 43.429371, 'lon': -80.530849, 'tags': {'addr:housenumber': '10', 'addr:street': 'Westheights Drive', 'addr:unit': '101', 'healthcare': 'alternative', 'healthcare:speciality': 'chiropractic', 'level': '0', 'name': 'Westheights Chiropractic', 'website': 'https://www.westheightschiropractic.com/'}}"
"{'type': 'node', 'id': 7862526553, 'lat': 43.4293977, 'lon': -80.5308612, 'tags': {'addr:housenumber': '10', 'addr:street': 'Westheights Drive', 'addr:unit': '101', 'healthcare': 'alternative', 'healthcare:speciality': 'massage_therapy'}}"
"{'type': 'node', 'id': 7862526554, 'lat': 43.4293644, 'lon': -80.5309178, 'tags': {'amenity': 'dentist', 'healthcare': 'dentist', 'name': 'Westheights Dental Centre', 'phone': '+1-519-743-8383', 'website': 'https://www.westheightsdental.com/'}}"
"{'type': 'node', 'id': 7873462073, 'lat': 43.429454, 'lon': -80.5269375, 'tags': {'amenity': 'clinic', 'brand': 'Primacy', 'brand:website': 'http://www.primacyclinics.ca/', 'healthcare': 'clinic', 'name': 'Primacy Medical Clinic: Highland Medical Group', 'website': 'http://www.primacyclinics.ca/locations/kitchener-highland/'}}"
"{'type': 'node', 'id': 7879828559, 'lat': 43.435998, 'lon': -80.5134458, 'tags': {'amenity': 'dentist', 'check_date': '2024-08-27', 'healthcare': 'dentist', 'name': 'Nordic Dentistry', 'phone': '+1-519-208-4060', 'website': 'https://nordicdentistry.com/home/'}}"
"{'type': 'node', 'id': 7926265324, 'lat': 43.4365354, 'lon': -80.5621336, 'tags': {'addr:housenumber': '245', 'addr:street': 'The Boardwalk', 'addr:unit': '201', 'healthcare': 'physiotherapist', 'level': '1', 'name': 'The Armoury Sports Medicine', 'website': 'https://thearmouryclinic.ca/'}}"
"{'type': 'node', 'id': 7926265331, 'lat': 43.4357608, 'lon': -80.5614814, 'tags': {'addr:housenumber': '235', 'addr:street': 'The Boardwalk', 'addr:unit': '301', 'amenity': 'doctors', 'healthcare': 'doctor', 'healthcare:speciality': 'general_practice', 'level': '2', 'name': 'eHealth Centre of Excellence', 'website': 'https://ehealthce.ca/'}}"
"{'type': 'node', 'id': 7926265332, 'lat': 43.4358003, 'lon': -80.5613921, 'tags': {'addr:housenumber': '235', 'addr:street': 'The Boardwalk', 'addr:unit': '201', 'amenity': 'dentist', 'healthcare': 'dentist', 'healthcare:speciality': 'orthodontics', 'level': '1', 'name': 'Orthodontic Smile Studio', 'website': 'https://orthodonticsmilestudio.com/'}}"
"{'type': 'node', 'id': 7926436842, 'lat': 43.4361723, 'lon': -80.5596483, 'tags': {'addr:housenumber': '210', 'addr:street': 'The Boardwalk', 'addr:unit': '7', 'brand': 'FYidoctors', 'healthcare': 'optometrist', 'name': 'FYidoctors', 'website': 'https://fyidoctors.com/en/locations/kitchener/fyidoctors-kitchener-waterloo'}}"
"{'type': 'node', 'id': 8294949659, 'lat': 43.4044371, 'lon': -80.6697201, 'tags': {'addr:street': ""Snyder's Road West"", 'healthcare': 'physiotherapist', 'name': 'LiveWell', 'phone': '+1-519-634-9819', 'website': 'https://livewellhealthandwellness.com/'}}"
"{'type': 'node', 'id': 8357890228, 'lat': 42.9711456, 'lon': -81.2520197, 'tags': {'addr:city': 'London', 'addr:housenumber': '190', 'addr:postcode': 'N6C 4Y7', 'addr:province': 'Ontario', 'addr:street': 'Wortley Road', 'amenity': 'pharmacy', 'branch': 'Wortley Village', 'brand': 'Pharmasave', 'brand:wikidata': 'Q17093822', 'brand:wikipedia': 'en:Pharmasave', 'dispensing': 'yes', 'healthcare': 'pharmacy', 'name': 'Pharmasave'}}"
"{'type': 'node', 'id': 8623774668, 'lat': 42.9839312, 'lon': -81.2904231, 'tags': {'amenity': 'pharmacy', 'dispensing': 'yes', 'healthcare': 'pharmacy', 'name': 'Proudfoot Pharmacy & Clinic'}}"
"{'type': 'node', 'id': 8672339332, 'lat': 43.3877612, 'lon': -80.7108552, 'tags': {'addr:housenumber': '417', 'addr:postcode': 'N3A 1S9', 'addr:street': 'Waterloo Street', 'addr:unit': '1', 'amenity': 'dentist', 'healthcare': 'dentist', 'name': 'Zimmer Dentistry', 'opening_hours': 'Mo 08:30-17:30; Tu 08:30-18:00; We 08:00-17:00; Th 08:30-17:00; Fr-Su off', 'phone': '+1-519-662-3510', 'website': 'https://zimmerdentistry.ca'}}"
"{'type': 'node', 'id': 8672339333, 'lat': 43.3876137, 'lon': -80.7109364, 'tags': {'addr:housenumber': '417', 'addr:postcode': 'N3A 1S9', 'addr:street': 'Waterloo Street', 'addr:unit': '2', 'email': 'info.nhwc@bellnet.ca', 'fax': '+1-519-662-4443', 'healthcare': 'alternative', 'name': 'New Hamburg Wellness Centre', 'phone': '+1-519-662-4441', 'website': 'https://nhwc.ca'}}"
"{'type': 'node', 'id': 8729945734, 'lat': 43.4040603, 'lon': -80.6676416, 'tags': {'addr:housenumber': '36', 'addr:postcode': 'N3A 2V5', 'addr:street': ""Snyder's Road East"", 'addr:unit': '1', 'email': 'badenhealth@gmail.com', 'healthcare': 'alternative', 'name': 'Baden Integrative Health', 'phone': '+1-519-279-1083', 'website': 'https://www.badenintegrativehealth.com'}}"
"{'type': 'node', 'id': 8878169261, 'lat': 42.9890632, 'lon': -81.3267375, 'tags': {'addr:housenumber': '1195', 'addr:street': 'Hyde Park Rd', 'amenity': 'clinic', 'healthcare': 'clinic', 'name': 'Hyde Park Care Pharmacy & Clinic', 'phone': '+1 519-474-0996'}}"
"{'type': 'node', 'id': 9095795492, 'lat': 43.4390338, 'lon': -80.5213252, 'tags': {'addr:housenumber': '751', 'addr:street': 'Victoria Street South', 'addr:unit': '7A', 'amenity': 'dentist', 'check_date': '2023-10-07', 'contact:facebook': 'https://www.facebook.com/VictoriaWestmountDental', 'healthcare': 'dentist', 'name': 'Victoria Westmount Dental', 'website': 'https://www.victoriawestmount.ca/'}}"
"{'type': 'node', 'id': 9097956309, 'lat': 43.4384999, 'lon': -80.5218147, 'tags': {'addr:housenumber': '751', 'addr:street': 'Victoria Street South', 'amenity': 'clinic', 'healthcare': 'clinic', 'level': '0', 'name': 'K-W Urgent Care Clinic', 'website': 'http://www.kwurgentcare.ca/'}}"
"{'type': 'node', 'id': 9097956310, 'lat': 43.4385382, 'lon': -80.5218993, 'tags': {'brand': 'LifeLabs', 'brand:website': 'https://www.lifelabs.com/', 'brand:wikidata': 'Q109319451', 'healthcare': 'laboratory', 'healthcare:speciality': 'blood_check', 'level': '-1', 'name': 'LifeLabs'}}"
"{'type': 'node', 'id': 9097956312, 'lat': 43.4386187, 'lon': -80.5219575, 'tags': {'addr:housenumber': '751', 'addr:street': 'Victoria Street South', 'addr:unit': 'B2', 'brand': 'True North Imaging', 'brand:website': 'https://truenorthimaging.com/', 'ct': 'yes', 'healthcare': 'medical_imaging', 'level': '-1', 'name': 'True North Imaging', 'ultrasound': 'yes', 'xray': 'yes'}}"
"{'type': 'node', 'id': 9097956313, 'lat': 43.4385316, 'lon': -80.5220088, 'tags': {'addr:housenumber': '751', 'addr:street': 'Victoria Street South', 'addr:unit': 'B200', 'brand': 'CBI Health Group', 'brand:website': 'https://www.cbihealth.ca', 'healthcare': 'rehabilitation', 'level': '2', 'name': 'CBI Health Group', 'website': 'https://www.cbihealth.ca/locations/kitchener-victoria'}}"
"{'type': 'node', 'id': 9097956314, 'lat': 43.4386585, 'lon': -80.5220823, 'tags': {'healthcare': 'podiatrist', 'name': 'Complete Foot Clinic'}}"
"{'type': 'node', 'id': 9097956315, 'lat': 43.4386388, 'lon': -80.5221474, 'tags': {'addr:housenumber': '751', 'addr:street': 'Victoria Street South', 'addr:unit': 'B108', 'brand': 'KMH Cardiology Centres Inc', 'brand:website': 'https://kmhlabs.com/', 'healthcare': 'medical_imaging', 'mri': 'yes', 'name': 'KMH Cardiology, Diagnostics & MRI Centre'}}"
"{'type': 'node', 'id': 9261840568, 'lat': 43.3865211, 'lon': -80.7125345, 'tags': {'addr:city': 'New Hamburg', 'addr:street': 'Waterloo Street', 'addr:unit': '5', 'amenity': 'dentist', 'healthcare': 'dentist', 'name': 'Wilmot Dental Care', 'phone': '+1-519-662-9220', 'website': 'https://www.wilmotdentalcare.com/'}}"
"{'type': 'node', 'id': 9261857338, 'lat': 43.386429, 'lon': -80.7125745, 'tags': {'addr:city': 'New Hamburg', 'addr:street': 'Waterloo Street', 'brand': 'LifeLabs', 'brand:wikidata': 'Q109319451', 'healthcare': 'laboratory', 'healthcare:speciality': 'blood_check', 'name': 'LifeLabs', 'opening_hours': 'Mo-Fr 08:00-16:00; Sa,Su off; We[3] 08:00-12:00', 'phone': '+1-877-849-3637', 'website': 'https://www.lifelabs.com'}}"
"{'type': 'node', 'id': 9261864660, 'lat': 43.386348, 'lon': -80.7126153, 'tags': {'addr:city': 'New Hamburg', 'addr:street': 'Waterloo Street', 'healthcare': 'physiotherapist', 'healthcare:speciality': 'physiotherapy;osteopathy;audiology', 'name': 'Lemonade Health Clinic', 'phone': '+1-519-390-2200', 'website': 'https://www.lemonadephysio.ca'}}"
"{'type': 'node', 'id': 9261864662, 'lat': 43.3862389, 'lon': -80.7126668, 'tags': {'addr:city': 'New Hamburg', 'addr:street': 'Waterloo Street', 'healthcare': 'yes', 'name': 'UltraScan', 'opening_hours': 'Mo-Fr 08:00-17:00; Sa,Su off', 'phone': '+1-519-390-0241', 'website': 'https://ultrascan.ca'}}"
"{'type': 'node', 'id': 9281776376, 'lat': 43.446732, 'lon': -80.5709295, 'tags': {'amenity': 'optometrist', 'healthcare': 'optometrist', 'name': 'Waterloo West Optometry', 'phone': '+1 5198886060', 'website': 'https://www.waterloowestoptometry.ca'}}"
"{'type': 'node', 'id': 9347731563, 'lat': 43.3778768, 'lon': -80.7137367, 'tags': {'healthcare': 'alternative', 'name': 'Affinity Health Clinic', 'phone': '+1-519-662-2123', 'website': 'https://affinityhealthclinic.ca'}}"
"{'type': 'node', 'id': 9347731566, 'lat': 43.3776034, 'lon': -80.7141149, 'tags': {'healthcare': 'physiotherapist', 'name': 'Physiotherapy Alliance', 'payment:american_express': 'yes', 'payment:debit_cards': 'yes', 'payment:mastercard': 'yes', 'payment:visa': 'yes'}}"
"{'type': 'node', 'id': 9347731569, 'lat': 43.3770797, 'lon': -80.7132485, 'tags': {'addr:street': 'Huron Street', 'healthcare': 'optometrist', 'name': 'Dolman Eyecare Centre'}}"
"{'type': 'node', 'id': 9697218486, 'lat': 43.0007287, 'lon': -81.188927, 'tags': {'addr:city': 'London', 'addr:housenumber': '1657', 'addr:postcode': 'N5W 3C6', 'addr:province': 'Ontario', 'addr:street': 'Dundas Street', 'addr:unit': '1', 'amenity': 'dentist', 'email': 'info@mapleridgefamilydental.com', 'emergency': 'yes', 'healthcare': 'dentist', 'healthcare:speciality': 'dentist', 'name': 'Maple Ridge Family Dental', 'opening_hours': 'Mo 09:00-17:30; Tu,Th 09:00-18:00; We,Fr 09:00-17:30; Sa 09:00-16:00; Su 10:00-15:00', 'phone': '+1 226 490 3683', 'website': 'https://mapleridgefamilydental.com/', 'wheelchair': 'yes'}}"
"{'type': 'node', 'id': 9726096119, 'lat': 42.9927912, 'lon': -81.2649295, 'tags': {'addr:city': 'London', 'addr:housenumber': '279', 'addr:postcode': 'N6H 2C2', 'addr:province': 'ON', 'addr:street': 'Wharncliffe Road North', 'addr:unit': 'Ste 120', 'amenity': 'dentist', 'email': 'info@wharncliffedental.ca', 'healthcare': 'dentist', 'healthcare:speciality': 'general_dentistry;emergency_dentistry;orthodontics', 'name': 'Wharncliffe Family Dental', 'opening_hours': 'Mo,We,Th 09:00-17:00; Tu 09:00-18:00; Fr 09:00-16:00; Sa[2,4] 09:00-14:00; Su off', 'operator': 'Dr. Dhruv Patel', 'phone': '+1 (519) 434-1550', 'website': 'https://wharncliffedental.ca/'}}"
"{'type': 'node', 'id': 9883270301, 'lat': 43.3800764, 'lon': -81.0046796, 'tags': {'amenity': 'dentist', 'healthcare': 'dentist', 'name': 'Avon Dental', 'website': 'https://avondental.ca/'}}"
"{'type': 'node', 'id': 9996009333, 'lat': 43.1257848, 'lon': -80.7637965, 'tags': {'amenity': 'clinic', 'check_date:opening_hours': '2023-09-10', 'name': 'Pharmacy Corner', 'opening_hours:signed': 'no', 'wheelchair': 'yes'}}"
"{'type': 'node', 'id': 10133051532, 'lat': 42.9844262, 'lon': -81.2923174, 'tags': {'addr:city': 'London', 'addr:housenumber': '551', 'addr:postcode': 'N6H 0H9', 'addr:province': 'ON', 'addr:street': 'Oxford Street West', 'addr:unit': '104', 'amenity': 'dentist', 'contact:facebook': 'AlbaDentalCentre', 'contact:instagram': 'albadentalcentre', 'contact:opencare': 'https://www.opencare.com/dentists/london-on/alba-dental-centre-24630725322c/', 'contact:twitter': 'AlbaDentalLon', 'contact:yelp': 'https://www.yelp.com/biz/alba-dental-centre-london?osq=alba+dental+centre', 'healthcare': 'dentist', 'language:en': 'yes', 'name': 'Alba Dental Centre & Fastbraces', 'opening_hours': 'Mo,We 09:00-19:00; Tu,Th 09:00-17:00; Fr 09:00-16:00; Sa 09:00-14:00', 'phone': '+1-519-777-2020', 'start_date': '2016', 'website': 'https://www.albadental.ca/'}}"
"{'type': 'node', 'id': 10155726725, 'lat': 43.377432, 'lon': -80.9949969, 'tags': {'addr:housenumber': '338', 'addr:street': 'Huron Street', 'amenity': 'dentist', 'healthcare': 'dentist', 'healthcare:speciality': 'orthodontics', 'name': 'Stratford Orthodontics'}}"
"{'type': 'node', 'id': 10284183809, 'lat': 43.4379425, 'lon': -80.5599936, 'tags': {'addr:housenumber': '520', 'addr:street': 'University Avenue West', 'addr:unit': '202', 'amenity': 'dentist', 'healthcare': 'dentist', 'level': '1', 'name': 'Westvale Dental'}}"
"{'type': 'node', 'id': 10284183813, 'lat': 43.4377146, 'lon': -80.5599801, 'tags': {'amenity': 'pharmacy', 'brand': ""Remedy'sRx"", 'brand:wikidata': 'Q65553833', 'drive_through': 'no', 'healthcare': 'pharmacy', 'name': ""Cook's Pharmacy Remedy'sRx"", 'website': 'https://cooksrx.ca/Remedy-s-Waterloo.htm'}}"
"{'type': 'node', 'id': 10284183814, 'lat': 43.4377833, 'lon': -80.5599427, 'tags': {'addr:housenumber': '520', 'addr:street': 'University Avenue West', 'addr:unit': '201', 'amenity': 'doctors', 'healthcare': 'doctor', 'level': '1', 'name': 'Dr. D.G. MacMillan Family Doctor', 'website': 'https://doctors.cpso.on.ca/DoctorDetails/D-Macmillan/0045010-58988'}}"
"{'type': 'node', 'id': 10804708556, 'lat': 43.003316, 'lon': -81.3362927, 'tags': {'addr:city': 'London', 'addr:housenumber': '1800', 'addr:postcode': 'N6H0K1', 'addr:province': 'ON', 'addr:street': 'Hyde Park Road', 'addr:unit': 'Unit 2', 'amenity': 'dentist', 'healthcare': 'dentist', 'healthcare:speciality': 'paediatric_dentistry', 'name': ""Imagine Children's Dentistry"", 'opening_hours': 'Mo-Th 08:00-17:00; Fr 08:00-15:00', 'phone': '+15199142987', 'website': 'https://www.imaginechildrensdentistry.ca/'}}"
"{'type': 'node', 'id': 10929756417, 'lat': 43.0002073, 'lon': -81.3359146, 'tags': {'addr:city': 'London', 'addr:housenumber': '1615', 'addr:postcode': 'N6H 5L6', 'addr:province': 'ON', 'addr:street': 'North Routledge Park', 'addr:unit': '1', 'healthcare': 'alternative', 'healthcare:speciality': 'chiropractic;massage_therapy', 'name': 'Spine and Joint Associates London', 'phone': '+12266675454'}}"
"{'type': 'node', 'id': 11076821725, 'lat': 42.7818837, 'lon': -80.9819374, 'tags': {'amenity': 'dentist', 'healthcare': 'dentist', 'name': 'Smart Dental Hygiene'}}"
"{'type': 'node', 'id': 11189780847, 'lat': 43.438451, 'lon': -80.5091595, 'tags': {'addr:city': 'Kitchener', 'addr:country': 'CA', 'addr:housenumber': '313', 'addr:postcode': 'N2M 3C6', 'addr:province': 'Ontario', 'addr:street': 'Highland Rd W', 'amenity': 'clinic', 'contact:facebook': 'Newagespandlaser', 'contact:phone': '+1-519-745-2119', 'contact:website': 'https://newagelaser.com', 'healthcare': 'clinic', 'healthcare:speciality': 'laser_hair_removal;medical_spa;weight_loss_clinic;nail_salon', 'name': 'New Age Medical Cosmetic Laser Clinic', 'opening_hours': 'Mo-Fr 10:00-18:00', 'operator': 'Bev Sikorski', 'payment:cash': 'yes', 'payment:credit_cards': 'yes', 'payment:debit_cards': 'yes'}}"
"{'type': 'node', 'id': 11436144890, 'lat': 43.4400319, 'lon': -80.566292, 'tags': {'addr:city': 'Waterloo', 'addr:housenumber': '435', 'addr:postcode': 'N2T 0C2', 'addr:province': 'ON', 'addr:street': 'The Boardwalk', 'addr:unit': 'Suite 508', 'amenity': 'clinic', 'description': 'Generation Fertility is a full service fertility centre (full-service fertility clinics include an in-house laboratory) provides fertility treatments and services to patients who are struggling to conceive.', 'email': 'info@generationfertility.ca', 'healthcare': 'clinic', 'healthcare:speciality': 'fertility;ivf;iui;fertility_preservation;art', 'name': 'Generation Fertility Waterloo', 'opening_hours': 'Mo-Fr 07:00-15:00, Sa-Su 07:30-10:30', 'phone': '+1-519-570-0090', 'website': 'https://generationfertility.ca/waterloo'}}"
"{'type': 'node', 'id': 11509957308, 'lat': 42.7730833, 'lon': -80.9821366, 'tags': {'amenity': 'pharmacy', 'healthcare': 'pharmacy', 'name': 'Hills Pharmacy'}}"
"{'type': 'node', 'id': 11772193841, 'lat': 43.3776736, 'lon': -80.7153567, 'tags': {'amenity': 'dentist', 'healthcare': 'dentist'}}"
"{'type': 'node', 'id': 11929709975, 'lat': 43.4176981, 'lon': -80.5350089, 'tags': {'addr:housenumber': '450', 'addr:street': 'Westheights Drive', 'addr:unit': '5', 'amenity': 'dentist', 'healthcare': 'dentist', 'name': 'Hoy Dental Centre', 'phone': '+1-519-745-7620'}}"
"{'type': 'node', 'id': 11929709978, 'lat': 43.4177335, 'lon': -80.5354008, 'tags': {'addr:housenumber': '450', 'addr:street': 'Westheights Drive', 'addr:unit': '8C', 'healthcare': 'physiotherapist', 'name': 'LiveWell', 'website': 'https://livewellhealthandwellness.com'}}"
"{'type': 'node', 'id': 11929709979, 'lat': 43.4177414, 'lon': -80.5354884, 'tags': {'addr:housenumber': '450', 'addr:street': 'Westheights Drive', 'addr:unit': '9', 'healthcare': 'audiologist', 'name': 'Discover Hearing Centre'}}"
"{'type': 'node', 'id': 11929709981, 'lat': 43.4177202, 'lon': -80.5355748, 'tags': {'addr:housenumber': '450', 'addr:street': 'Westheights Drive', 'addr:unit': '11', 'amenity': 'doctors', 'healthcare': 'doctor', 'name': 'Driftwood Family Medicine', 'opening_hours': 'Mo-Th 09:00-16:00; Fr 09:00-12:30; Sa,Su off'}}"
"{'type': 'node', 'id': 11929709982, 'lat': 43.4177273, 'lon': -80.5356491, 'tags': {'addr:housenumber': '450', 'addr:street': 'Westheights Drive', 'alt_name': 'Driftwood Pharmacy', 'amenity': 'pharmacy', 'brand': 'Pharmasave', 'brand:wikidata': 'Q17093822', 'dispensing': 'yes', 'drive_through': 'no', 'healthcare': 'pharmacy', 'name': 'Pharmasave', 'opening_hours': 'Mo-Fr 09:00-18:00; Sa,Su off', 'phone': '+519-584-7484'}}"
"{'type': 'node', 'id': 11929709984, 'lat': 43.4177337, 'lon': -80.5357362, 'tags': {'addr:housenumber': '450', 'addr:street': 'Westheights Drive', 'addr:unit': '15B', 'amenity': 'doctors', 'healthcare': 'doctor', 'name': 'Westheights Family Practice'}}"
"{'type': 'node', 'id': 11929709986, 'lat': 43.4177459, 'lon': -80.5358693, 'tags': {'addr:housenumber': '450', 'addr:street': 'Westheights Drive', 'addr:unit': '15', 'healthcare': 'yes', 'name': 'Driftwood Medical Arts'}}"
"{'type': 'node', 'id': 11929709991, 'lat': 43.4179751, 'lon': -80.5359606, 'tags': {'addr:housenumber': '450', 'addr:street': 'Westheights Drive', 'addr:unit': '19', 'healthcare': 'endocrinologist', 'name': 'Dr. Phoebe Bishara Adult Endocrinology'}}"
"{'type': 'node', 'id': 11929709993, 'lat': 43.4180672, 'lon': -80.5359461, 'tags': {'addr:housenumber': '450', 'addr:street': 'Westheights Drive', 'addr:unit': '20', 'healthcare': 'optometrist', 'name': 'Driftwood Family Eye Care', 'opening_hours': 'Mo-Tu,Th 09:00-17:00; We 12:00-19:00; Fr 08:00-15:00; Sa,Su off'}}"
"{'type': 'node', 'id': 11952328761, 'lat': 42.985718, 'lon': -81.2433337, 'tags': {'healthcare': 'alternative', 'healthcare:speciality': 'chiropractic', 'name': 'Dr. Paul Catania'}}"
"{'type': 'node', 'id': 11952375881, 'lat': 42.9866338, 'lon': -81.2433684, 'tags': {'healthcare': 'alternative', 'healthcare:speciality': 'chiropractic', 'name': 'Hardick Chiropractic Centre'}}"
"{'type': 'node', 'id': 12355402334, 'lat': 43.4255899, 'lon': -80.5100987, 'tags': {'addr:housenumber': '421', 'addr:street': 'Greenbrook Drive', 'addr:unit': '23B', 'amenity': 'doctors', 'healthcare': 'doctor', 'name': 'New Vision Family Health Team', 'website': 'https://www.newvisionhealth.ca/'}}"
"{'type': 'node', 'id': 12355402335, 'lat': 43.4257541, 'lon': -80.5104461, 'tags': {'addr:housenumber': '421', 'addr:street': 'Greenbrook Drive', 'addr:unit': '23A', 'amenity': 'dentist', 'healthcare': 'dentist', 'name': 'Greenbrook Dentistry', 'website': 'https://greenbrookdentistry.ca/'}}"
"{'type': 'node', 'id': 12355402336, 'lat': 43.4251464, 'lon': -80.5097595, 'tags': {'addr:housenumber': '421', 'addr:street': 'Greenbrook Drive', 'addr:unit': '1', 'brand': 'CBI Health', 'brand:website': 'https://www.cbihealth.ca/', 'healthcare': 'physiotherapist', 'name': 'CBI Health', 'website': 'https://www.cbihealth.ca/locations/kitchener-greenbrook'}}"
"{'type': 'node', 'id': 12355402337, 'lat': 43.4249847, 'lon': -80.5098695, 'tags': {'amenity': 'clinic', 'healthcare': 'clinic', 'name': 'Greenbrook Family Medical Centre', 'website': 'https://greenbrookfammed.ca/'}}"
"{'type': 'node', 'id': 12355402341, 'lat': 43.424823, 'lon': -80.5104408, 'tags': {'healthcare': 'alternative', 'healthcare:speciality': 'chiropractic', 'name': 'Maher Chiropractic', 'website': 'http://www.maherchiropractic.ca/'}}"
"{'type': 'node', 'id': 12471636943, 'lat': 42.9303749, 'lon': -81.225208, 'tags': {'addr:city': 'London', 'addr:housenumber': '1105', 'addr:postcode': 'N6E 1V4', 'addr:province': 'ON', 'addr:street': 'Wellington Road', 'addr:unit': '455', 'healthcare': 'physiotherapist', 'name': 'London Physio Therapy'}}"
"{'type': 'node', 'id': 12472952002, 'lat': 43.433958, 'lon': -81.5053007, 'tags': {'addr:city': 'Hensall', 'addr:housenumber': '122', 'addr:postcode': 'N0M 1X0', 'addr:province': 'ON', 'addr:street': 'King Street', 'amenity': 'pharmacy', 'healthcare': 'pharmacy', 'name': 'Grandbend Area Community Health'}}"
"{'type': 'node', 'id': 12472952010, 'lat': 43.4337077, 'lon': -81.505231, 'tags': {'addr:city': 'Hensall', 'addr:housenumber': '121', 'addr:postcode': 'N0M 1X0', 'addr:province': 'ON', 'addr:street': 'King Street', 'amenity': 'pharmacy', 'healthcare': 'pharmacy', 'name': 'Hensall Pharmacy', 'phone': '+15192623337'}}"
"{'type': 'node', 'id': 12480486799, 'lat': 42.9526562, 'lon': -81.2974775, 'tags': {'addr:city': 'London', 'addr:country': 'CA', 'addr:housenumber': '521', 'addr:postcode': 'N6K 4L4', 'addr:province': 'ON', 'addr:street': 'Nottinghill Road', 'addr:unit': '1', 'contact:email': 'seanbattedc@rogers.com', 'contact:fax': '519-474-9468', 'contact:phone': '519-474-6808', 'contact:website': 'https://www.correctivechiropracticlondon.com', 'description': 'Chiropractic Office. There are dozens of techniques within the Chiropractic profession, most of which fall under Traditional Chiropractic.', 'healthcare': 'alternative', 'healthcare:speciality': 'chiropractic', 'name': 'Corrective Chiropractic', 'opening_hours': 'Mo,We 08:00-10:00,15:00-17:30; Tu,Th 15:30-18:00; Fr 08:00-10:00'}}"
